source,target,relationship,followers,platform
naomi_diandra86,@indibiz_borneo,mention,0,twitter
naomi_diandra86,@sapibiru88,mention,0,twitter
naomi_diandra86,@ameliawy26,mention,0,twitter
naomi_diandra86,@hamiah_rahman31,mention,0,twitter
kro2309kro,@indibiz_borneo,mention,0,twitter
kro2309kro,@14mkin,mention,0,twitter
kro2309kro,@easyynov,mention,0,twitter
kro2309kro,@hokibong,mention,0,twitter
fitriyanti925,@indibiz_borneo,mention,0,twitter
fitriyanti925,@indibiz_kaltim,mention,0,twitter
fitriyanti925,@eta73_,mention,0,twitter
fitriyanti925,@rini91_mg,mention,0,twitter
radianttt_armor,@indibiz_borneo,mention,0,twitter
radianttt_armor,@aldokhan77,mention,0,twitter
radianttt_armor,@mang_gayu17,mention,0,twitter
radianttt_armor,@maulaa313,mention,0,twitter
vievie_salindri,@indibiz_borneo,mention,0,twitter
vievie_salindri,@_banyu_biru21,mention,0,twitter
vievie_salindri,@idamariana49,mention,0,twitter
vievie_salindri,@naomi_diandra86,mention,0,twitter
fitriafebrn,@indibiz_borneo,mention,0,twitter
fitriafebrn,@indibiz_kaltim,mention,0,twitter
fitriafebrn,@pupuputns,mention,0,twitter
fitriafebrn,@silviaysd,mention,0,twitter
23desihar,@indibiz_id,mention,0,twitter
23desihar,@marcodef99,mention,0,twitter
23desihar,@bianikah,mention,0,twitter
23desihar,@eternaljin_,mention,0,twitter
23desihar,@kamellope,mention,0,twitter
vievie_salindri,@indibizkti,mention,0,twitter
vievie_salindri,@chellzmoet93,mention,0,twitter
vievie_salindri,@anisa__nisha012,mention,0,twitter
vievie_salindri,@pandawa_lima83,mention,0,twitter
sanjayaroni283,@indibiz_borneo,mention,0,twitter
sanjayaroni283,@indibiz_kaltim,mention,0,twitter
sanjayaroni283,@_sekarwangi2025,mention,0,twitter
sanjayaroni283,@akang_aif5,mention,0,twitter
sanjayaroni283,@naanawiin,mention,0,twitter
anto9990,@indibiz_id,mention,0,twitter
anto9990,@marcodef99,mention,0,twitter
anto9990,@23desihar,mention,0,twitter
anto9990,@bianikah,mention,0,twitter
anto9990,@eternaljin_,mention,0,twitter
anto9990,@kamellope,mention,0,twitter
uwoooh,@indibiz_borneo,mention,0,twitter
uwoooh,@eta73_,mention,0,twitter
uwoooh,@rini91_mg,mention,0,twitter
woodymolky48,@indibiz_borneo,mention,0,twitter
woodymolky48,@kalulutmeratus,mention,0,twitter
woodymolky48,@aishwabaha2022,mention,0,twitter
hanindyafeb,@indibiz_borneo,mention,0,twitter
hanindyafeb,@indibiz_kaltim,mention,0,twitter
hanindyafeb,@annisawulansari,mention,0,twitter
hanindyafeb,@aulianufa,mention,0,twitter
marcodef99,@indibiz_id,mention,0,twitter
marcodef99,@23desihar,mention,0,twitter
marcodef99,@bianikah,mention,0,twitter
marcodef99,@eternaljin_,mention,0,twitter
marcodef99,@kamellope,mention,0,twitter
dwngraini,@indibiz_borneo,mention,0,twitter
dwngraini,@indibiz_kaltim,mention,0,twitter
dwngraini,@nabilaa_putry,mention,0,twitter
dwngraini,@alvinzuhendra,mention,0,twitter
fikriarya98,@indibiz_borneo,mention,0,twitter
fikriarya98,@indibiz_kaltim,mention,0,twitter
fikriarya98,@alifiyamalia,mention,0,twitter
fikriarya98,@anitariskamelia,mention,0,twitter
junitamilass,@indibiz_borneo,mention,0,twitter
junitamilass,@indibiz_kaltim,mention,0,twitter
junitamilass,@yenniherawati9,mention,0,twitter
junitamilass,@fatinnclosed,mention,0,twitter
rizonemohamad,@indibiz_borneo,mention,0,twitter
rizonemohamad,@indibiz_kaltim,mention,0,twitter
rizonemohamad,@pgirilaya,mention,0,twitter
rizonemohamad,@sanjayaroni283,mention,0,twitter
rizonemohamad,@agusciktgm,mention,0,twitter
darapramesa,@indibiz_borneo,mention,0,twitter
darapramesa,@mahcimut022,mention,0,twitter
darapramesa,@wawan19101974,mention,0,twitter
thepanduras,@indibiz_borneo,mention,0,twitter
thepanduras,@anita_inu,mention,0,twitter
thepanduras,@husnulc07,mention,0,twitter
syifaputrili,@indibiz_borneo,mention,0,twitter
syifaputrili,@indibiz_kaltim,mention,0,twitter
syifaputrili,@angraensety,mention,0,twitter
syifaputrili,@zatunnisanur,mention,0,twitter
hidayatsport,@indibiz_borneo,mention,0,twitter
hidayatsport,@indibiz_kaltim,mention,0,twitter
hidayatsport,@zarazaraana,mention,0,twitter
hidayatsport,@zill0000,mention,0,twitter
yuk_nikha,@indibiz_borneo,mention,0,twitter
yuk_nikha,@indibiz_kaltim,mention,0,twitter
yuk_nikha,@4gusman,mention,0,twitter
yuk_nikha,@natali4rose,mention,0,twitter
hidayatsport,@sftrdv,mention,0,twitter
hidayatsport,@freak3112,mention,0,twitter
aishwabaha2022,@indibiz_borneo,mention,0,twitter
aishwabaha2022,@woodymolky48,mention,0,twitter
aishwabaha2022,@3reflian_fam,mention,0,twitter
aishwabaha2022,@indibiz_kaltim,mention,0,twitter
hidayatsport,@namoqr,mention,0,twitter
hidayatsport,@jah_eh_faizhaa_,mention,0,twitter
ddiigr,@indibiz_borneo,mention,0,twitter
ddiigr,@indibiz_kaltim,mention,0,twitter
ddiigr,@a234_ri,mention,0,twitter
ddiigr,@ismeaurora,mention,0,twitter
hryt_riaa,@indibiz_id,mention,0,twitter
ani_winnerr,@indibiz_borneo,mention,0,twitter
ani_winnerr,@indibiz_kaltim,mention,0,twitter
ani_winnerr,@shiiippuden,mention,0,twitter
ani_winnerr,@titimentarii,mention,0,twitter
tunisasyif2569,@indibiz_borneo,mention,0,twitter
tunisasyif2569,@panggil_iam1005,mention,0,twitter
tunisasyif2569,@smawadah1628,mention,0,twitter
cr_rhrn,@indibiz_borneo,mention,0,twitter
cr_rhrn,@indibiz_kaltim,mention,0,twitter
cr_rhrn,@anhindy18_,mention,0,twitter
cr_rhrn,@etriatnov,mention,0,twitter
amy96jaya,@indibizkti,mention,0,twitter
amy96jaya,@putribigwin62,mention,0,twitter
amy96jaya,@esarinff_,mention,0,twitter
amy96jaya,@maziftakh,mention,0,twitter
dhie3187,@indibiz_borneo,mention,0,twitter
dhie3187,@indibiz_kaltim,mention,0,twitter
dhie3187,@ameliawy26,mention,0,twitter
dhie3187,@mojes_ca,mention,0,twitter
murdhany88,@indibiz_borneo,mention,0,twitter
murdhany88,@fannyafrizal86,mention,0,twitter
murdhany88,@bachrainy98,mention,0,twitter
_legenddream_,@idgoonerscom,mention,0,twitter
masfajar115,@indibizjbn,mention,0,twitter
23desihar,@rizkyarum92,mention,0,twitter
ijoel_wae,@indibizkti,mention,0,twitter
ijoel_wae,@ai_firzha,mention,0,twitter
ijoel_wae,@rizkyarum92,mention,0,twitter
ijoel_wae,@hryt_riaa,mention,0,twitter
bundarisa28,@indibiz_borneo,mention,0,twitter
bundarisa28,@farikhahnoor92,mention,0,twitter
bundarisa28,@aishwabaha2022,mention,0,twitter
denistwitt3r,@indibizkti,mention,0,twitter
denistwitt3r,@y_vendy,mention,0,twitter
denistwitt3r,@maila_ua,mention,0,twitter
denistwitt3r,@march_ali,mention,0,twitter
rizkyarum92,@indibiz_id,mention,0,twitter
rizkyarum92,@marcodef99,mention,0,twitter
rizkyarum92,@23desihar,mention,0,twitter
rizkyarum92,@bianikah,mention,0,twitter
rizkyarum92,@eternaljin_,mention,0,twitter
rizkyarum92,@kamellope,mention,0,twitter
denistwitt3r,@indibizjbn,mention,0,twitter
dhikabach04,@indibiz,mention,0,twitter
naomi_diandra86,@indibizkti,mention,0,twitter
naomi_diandra86,@pandawa_lima83,mention,0,twitter
naomi_diandra86,@vievie_salindri,mention,0,twitter
devanamzah,@indibiz_id,mention,0,twitter
devanamzah,@marcodef99,mention,0,twitter
devanamzah,@23desihar,mention,0,twitter
devanamzah,@bianikah,mention,0,twitter
devanamzah,@eternaljin_,mention,0,twitter
devanamzah,@kamellope,mention,0,twitter
indibiz_jtdiy,@indibiz,mention,0,twitter
eternaljin_,@indibiz_id,mention,0,twitter
eternaljin_,@marcodef99,mention,0,twitter
eternaljin_,@23desihar,mention,0,twitter
eternaljin_,@bianikah,mention,0,twitter
eternaljin_,@kamellope,mention,0,twitter
bianikah,@indibiz_id,mention,0,twitter
bianikah,@marcodef99,mention,0,twitter
bianikah,@23desihar,mention,0,twitter
bianikah,@eternaljin_,mention,0,twitter
bianikah,@kamellope,mention,0,twitter
hryt_riaa,@marcodef99,mention,0,twitter
hryt_riaa,@23desihar,mention,0,twitter
hryt_riaa,@bianikah,mention,0,twitter
hryt_riaa,@eternaljin_,mention,0,twitter
hryt_riaa,@kamellope,mention,0,twitter
feixiaaa,@indibiz_id,mention,0,twitter
hallopebbles,@indibizkti,mention,0,twitter
hallopebbles,@wujudkanharapan,mention,0,twitter
hallopebbles,@ayubgt8,mention,0,twitter
hallopebbles,@tempeorek23,mention,0,twitter
hallopebbles,@witayuzikra,mention,0,twitter
moietchance,@indibiz_id,mention,0,twitter
moietchance,@arsyilaridzan,mention,0,twitter
moietchance,@falasifa26,mention,0,twitter
moietchance,@shofialubis14,mention,0,twitter
_wulanlubis,@indibiz_id,mention,0,twitter
_wulanlubis,@h3naz6e64x0wnl,mention,0,twitter
_wulanlubis,@amy96jaya,mention,0,twitter
_wulanlubis,@rizkyarum92,mention,0,twitter
indibiz_jtdiy,@bang_shubur,mention,0,twitter
indibiz_jtdiy,@maura_arica,mention,0,twitter
indibiz_jtdiy,@panggil_iam1005,mention,0,twitter
wroulas,@indibizjbn,mention,0,twitter
ibnu_nugraha28,@indibiz_id,mention,0,twitter
ibnu_nugraha28,@rizkyarum92,mention,0,twitter
ibnu_nugraha28,@rizarin_anugrah,mention,0,twitter
ibnu_nugraha28,@akuastry,mention,0,twitter
eternaljin_,@izzahmillenia,mention,0,twitter
eternaljin_,@jinjah_,mention,0,twitter
eternaljin_,@tellmeyourevery,mention,0,twitter
purwaningrum12,@bang_shubur,mention,0,twitter
purwaningrum12,@maura_arica,mention,0,twitter
purwaningrum12,@panggil_iam1005,mention,0,twitter
pupuputns,@indibiz_id,mention,0,twitter
pupuputns,@ivanih19,mention,0,twitter
pupuputns,@dhiyaulhq_,mention,0,twitter
pupuputns,@divannissa,mention,0,twitter
elylsian,@indibizkti,mention,0,twitter
elylsian,@squashdel,mention,0,twitter
elylsian,@piscvely,mention,0,twitter
elylsian,@riyanti_marie,mention,0,twitter
purwaningrum12,@indibiz_id,mention,0,twitter
purwaningrum12,@davidgoliath999,mention,0,twitter
purwaningrum12,@kalulutmeratus,mention,0,twitter
purwaningrum12,@agustisyarif,mention,0,twitter
gomet88,@indibiz_id,mention,0,twitter
gomet88,@pujilestar94,mention,0,twitter
gomet88,@ishq_rara,mention,0,twitter
gomet88,@ayukaidah,mention,0,twitter
charleskm100,@indibiz_id,mention,0,twitter
charleskm100,@ycin0709,mention,0,twitter
charleskm100,@ai_firzha,mention,0,twitter
charleskm100,@hryt_riaa,mention,0,twitter
ussytya,@indibiz_id,mention,0,twitter
ussytya,@goenroos,mention,0,twitter
ussytya,@zhafirah239,mention,0,twitter
ussytya,@henzanura,mention,0,twitter
bundarisa28,@indibiz_id,mention,0,twitter
bundarisa28,@wineediar_,mention,0,twitter
bundarisa28,@ani_winnerr,mention,0,twitter
bundarisa28,@simsonrudi,mention,0,twitter
fawwazyamani,@indibiz_id,mention,0,twitter
fawwazyamani,@oneawas,mention,0,twitter
fawwazyamani,@bro_jamezz,mention,0,twitter
fawwazyamani,@tas_hitam_legam,mention,0,twitter
nursantil2492,@indibizkti,mention,0,twitter
nursantil2492,@indibiz,mention,0,twitter
nursantil2492,@hajarelfirst,mention,0,twitter
nathanhandoyo,@indibiz_id,mention,0,twitter
nathanhandoyo,@risa_cassia,mention,0,twitter
nathanhandoyo,@zahracallie,mention,0,twitter
nathanhandoyo,@aurora_bell26,mention,0,twitter
mahrez54,@indibiz_id,mention,0,twitter
mahrez54,@weloms,mention,0,twitter
mahrez54,@haifahmi,mention,0,twitter
mahrez54,@yusrara29,mention,0,twitter
idamariana49,@indibiz_id,mention,0,twitter
idamariana49,@woodymolky48,mention,0,twitter
idamariana49,@rais_amat,mention,0,twitter
idamariana49,@tetepaija,mention,0,twitter
tunisasyif2569,@indibiz_id,mention,0,twitter
tunisasyif2569,@aishwabaha2022,mention,0,twitter
tunisasyif2569,@cico_cicoy,mention,0,twitter
malazulaika,@indibiz_id,mention,0,twitter
malazulaika,@catattian,mention,0,twitter
malazulaika,@ai_firzha,mention,0,twitter
malazulaika,@maulaa313,mention,0,twitter
nurkurnia97,@indibiz_id,mention,0,twitter
nurkurnia97,@devidaul,mention,0,twitter
nurkurnia97,@harianty18,mention,0,twitter
nurkurnia97,@m_laskiy,mention,0,twitter
naomi_diandra86,@indibiz_id,mention,0,twitter
naomi_diandra86,@ibnuhasan20463,mention,0,twitter
naomi_diandra86,@johanaputr62101,mention,0,twitter
naomi_diandra86,@septiantoe81761,mention,0,twitter
blooming63,@indibiz_id,mention,0,twitter
blooming63,@rizkyarum92,mention,0,twitter
blooming63,@hryt_riaa,mention,0,twitter
blooming63,@serly_zuhri,mention,0,twitter
4lbert_sm,@indibiz_id,mention,0,twitter
4lbert_sm,@zaenalrohman4,mention,0,twitter
4lbert_sm,@serly_zuhri,mention,0,twitter
4lbert_sm,@hryt_riaa,mention,0,twitter
annajmussaaqib,@indibiz_id,mention,0,twitter
annajmussaaqib,@et_febrian,mention,0,twitter
annajmussaaqib,@aishwabaha2022,mention,0,twitter
annajmussaaqib,@elylsian,mention,0,twitter
rin179184,@indibiz_id,mention,0,twitter
rin179184,@nas_sikin10,mention,0,twitter
rin179184,@naanawiin,mention,0,twitter
rin179184,@nafizashilmi,mention,0,twitter
dani_x88,@indibiz_id,mention,0,twitter
dani_x88,@0xitsmenada,mention,0,twitter
dani_x88,@manihnih,mention,0,twitter
dani_x88,@murdhany88,mention,0,twitter
moietchance,@aamirham86,mention,0,twitter
moietchance,@affelydwi,mention,0,twitter
moietchance,@dianariantii,mention,0,twitter
nengdwicahya,@hananurhan,mention,0,twitter
nengdwicahya,@indibiz_id,mention,0,twitter
nengdwicahya,@unprettybae,mention,0,twitter
nengdwicahya,@hryt_riaa,mention,0,twitter
nengdwicahya,@diaszei,mention,0,twitter
nengdwicahya,@kinashnara,mention,0,twitter
yeniabiex,@indibiz_id,mention,0,twitter
yeniabiex,@q_zip11,mention,0,twitter
yeniabiex,@muhamma15111026,mention,0,twitter
yeniabiex,@ikenday,mention,0,twitter
lenaevano1827,@indibiz_id,mention,0,twitter
lenaevano1827,@srie809,mention,0,twitter
lenaevano1827,@panggil_iam1005,mention,0,twitter
lenaevano1827,@devisari90,mention,0,twitter
lenaevano1827,@janejane887,mention,0,twitter
lenaevano1827,@elfathan26_ar,mention,0,twitter
lenaevano1827,@wahyuleniforver,mention,0,twitter
chicago_idn,@tenesa_telkom,mention,0,twitter
dewiditya9,@indibiz_id,mention,0,twitter
dewiditya9,@dianistqmh,mention,0,twitter
dewiditya9,@indyb0b,mention,0,twitter
dewiditya9,@shafaputriy,mention,0,twitter
darmiko88,@indibiz_id,mention,0,twitter
darmiko88,@panggil_iam1005,mention,0,twitter
darmiko88,@asyifatuluzma,mention,0,twitter
darmiko88,@firnandoirin,mention,0,twitter
bungaaaad,@indibizkti,mention,0,twitter
bungaaaad,@hanjeli_,mention,0,twitter
bungaaaad,@nurhasanaah41,mention,0,twitter
bungaaaad,@mabet,mention,0,twitter
dhikabach04,@bang_shubur,mention,0,twitter
dhikabach04,@maura_arica,mention,0,twitter
dhikabach04,@panggil_iam1005,mention,0,twitter
catattian,@indibiz_id,mention,0,twitter
catattian,@nayanara30,mention,0,twitter
catattian,@elklemer,mention,0,twitter
catattian,@wulan_easy3,mention,0,twitter
desyangelia12,@indibiz_id,mention,0,twitter
desyangelia12,@kevsap21,mention,0,twitter
desyangelia12,@mshllhnnvh,mention,0,twitter
desyangelia12,@pertiwijulianti,mention,0,twitter
lisaulfa11,@indibiz_id,mention,0,twitter
lisaulfa11,@darafatika_,mention,0,twitter
lisaulfa11,@risnanuryanti12,mention,0,twitter
lisaulfa11,@panenwin97,mention,0,twitter
ditqt_,@indibiz_id,mention,0,twitter
ditqt_,@akun_wangi01,mention,0,twitter
ditqt_,@mamahathazfm,mention,0,twitter
ditqt_,@liliksusiati_6,mention,0,twitter
nengdwicahya,@anggapriana17,mention,0,twitter
nengdwicahya,@dalilihami41653,mention,0,twitter
nengdwicahya,@kamellope,mention,0,twitter
hyarindama_1,@indibiz_id,mention,0,twitter
wroulas,@indibiz_id,mention,0,twitter
emasafitrri,@indibiz_id,mention,0,twitter
emasafitrri,@fauziahf19,mention,0,twitter
emasafitrri,@sucisaffitri,mention,0,twitter
emasafitrri,@ayusnr2,mention,0,twitter
marcodef99,@dani_x88,mention,0,twitter
marcodef99,@baimchan9,mention,0,twitter
marcodef99,@dieeka_90,mention,0,twitter
fitriyanti925,@indibiz_id,mention,0,twitter
fitriyanti925,@ycin0709,mention,0,twitter
fitriyanti925,@yudiunge93_,mention,0,twitter
fitriyanti925,@desiyulianti92,mention,0,twitter
martha_pvk1,@indibiz_id,mention,0,twitter
martha_pvk1,@goenroos,mention,0,twitter
martha_pvk1,@hryt_riaa,mention,0,twitter
martha_pvk1,@zhafirah239,mention,0,twitter
wroulas,@yanisilveirays,mention,0,twitter
wroulas,@khairanisiti35,mention,0,twitter
wroulas,@windi,mention,0,twitter
hani6gk,@indibiz_id,mention,0,twitter
hani6gk,@risnachan_,mention,0,twitter
hani6gk,@ninikz3in,mention,0,twitter
hani6gk,@dee_wiwien,mention,0,twitter
cimolmilky,@indibiz_id,mention,0,twitter
cimolmilky,@anitaanwar_,mention,0,twitter
cimolmilky,@annajmussaaqib,mention,0,twitter
cimolmilky,@sdyaaz_win99,mention,0,twitter
diknandiswara,@indibiz_id,mention,0,twitter
diknandiswara,@ameliawy26,mention,0,twitter
diknandiswara,@alzenaasyaa,mention,0,twitter
diknandiswara,@asyifatuluzma,mention,0,twitter
damar_psikologi,@indibiz_id,mention,0,twitter
damar_psikologi,@wineediar_,mention,0,twitter
damar_psikologi,@maulaa313,mention,0,twitter
damar_psikologi,@rrsxya,mention,0,twitter
dinata_eva04,@indibiz_id,mention,0,twitter
dinata_eva04,@dewalova_ieiend,mention,0,twitter
dinata_eva04,@gilpra21,mention,0,twitter
dinata_eva04,@neahusseyn,mention,0,twitter
damar_psikologi,@fitriyanti925,mention,0,twitter
damar_psikologi,@eries_prima,mention,0,twitter
clarissaoctfn,@indibiz_id,mention,0,twitter
clarissaoctfn,@widdi_astuti,mention,0,twitter
clarissaoctfn,@faridazahrin,mention,0,twitter
clarissaoctfn,@salmafdr_,mention,0,twitter
bapakenduk12,@indibiz_id,mention,0,twitter
bapakenduk12,@aishwabaha2022,mention,0,twitter
bapakenduk12,@myuzzzzzz,mention,0,twitter
bapakenduk12,@nugraharizkia28,mention,0,twitter
bellanuraen,@indibiz_id,mention,0,twitter
bellanuraen,@nadilahndr_,mention,0,twitter
bellanuraen,@zakiyatulmubar2,mention,0,twitter
bellanuraen,@faliapratama,mention,0,twitter
yaakulahaku,@indibiz_id,mention,0,twitter
yaakulahaku,@dirandra_jaya,mention,0,twitter
yaakulahaku,@kuspinasti1977,mention,0,twitter
yaakulahaku,@anitariskamelia,mention,0,twitter
devanamzah,@bundarisa28,mention,0,twitter
devanamzah,@rizonemohamad,mention,0,twitter
devanamzah,@andjrew_,mention,0,twitter
devanamzah,@purplekalei,mention,0,twitter
luffahfiqriyah,@indibiz_id,mention,0,twitter
luffahfiqriyah,@ariskanovi_sari,mention,0,twitter
luffahfiqriyah,@aprilia_mop,mention,0,twitter
luffahfiqriyah,@lpbranded,mention,0,twitter
rainydy_,@indibiz_id,mention,0,twitter
rainydy_,@alebelpuza,mention,0,twitter
rainydy_,@farida_271,mention,0,twitter
rainydy_,@lisaulfa11,mention,0,twitter
hanjeli_,@indibiz_id,mention,0,twitter
hanjeli_,@almaliatulfit,mention,0,twitter
hanjeli_,@azizahnnur2,mention,0,twitter
hanjeli_,@arifah_nuriss26,mention,0,twitter
hanjeli_,@indibizkti,mention,0,twitter
hanjeli_,@dewalova_ieiend,mention,0,twitter
hanjeli_,@panggil_iam1005,mention,0,twitter
hanjeli_,@pujilestar94,mention,0,twitter
garismerahmuda,@indibiz_id,mention,0,twitter
garismerahmuda,@ariph989,mention,0,twitter
garismerahmuda,@veranovi89,mention,0,twitter
garismerahmuda,@didin_kamiludin,mention,0,twitter
adeverse24,@indibiz_id,mention,0,twitter
adeverse24,@sisitiw,mention,0,twitter
adeverse24,@widiwidiiw,mention,0,twitter
adeverse24,@ikakurnia65,mention,0,twitter
anitaanwar_,@indibiz_id,mention,0,twitter
anitaanwar_,@kxxclypii_,mention,0,twitter
anitaanwar_,@imcoco99,mention,0,twitter
anitaanwar_,@piscvely,mention,0,twitter
kira90s,@indibiz_id,mention,0,twitter
kira90s,@linda__nda,mention,0,twitter
kira90s,@pratamagin,mention,0,twitter
kira90s,@ada_l96,mention,0,twitter
baksosenja,@indibiz_id,mention,0,twitter
baksosenja,@trywahyuni3try,mention,0,twitter
baksosenja,@evaalvaro93,mention,0,twitter
baksosenja,@amira_anggarini,mention,0,twitter
rizpawaka,@indibiz_id,mention,0,twitter
rizpawaka,@damar_psikologi,mention,0,twitter
rizpawaka,@wikamandaselvi,mention,0,twitter
rizpawaka,@puspa_wiwik,mention,0,twitter
denistwitt3r,@indibiz_jtdiy,mention,0,twitter
mulyasarijaya,@indibiz_id,mention,0,twitter
mulyasarijaya,@munoist,mention,0,twitter
mulyasarijaya,@khikhichic,mention,0,twitter
mulyasarijaya,@tyasdelia,mention,0,twitter
bapakenduk12,@indibizkti,mention,0,twitter
bapakenduk12,@saepulohcjr,mention,0,twitter
bapakenduk12,@rizkyarum92,mention,0,twitter
uwoooh,@indibizkti,mention,0,twitter
uwoooh,@dieliatin,mention,0,twitter
diiarisme,@indibiz_id,mention,0,twitter
diiarisme,@oviindriyani,mention,0,twitter
diiarisme,@ikenday,mention,0,twitter
diiarisme,@alonezar,mention,0,twitter
uwoooh,@indibiz_id,mention,0,twitter
yagadigi,@indibiz_id,mention,0,twitter
yagadigi,@uwoooh,mention,0,twitter
yagadigi,@dieliatin,mention,0,twitter
yagadigi,@iday4g,mention,0,twitter
rizpawaka,@indibizkti,mention,0,twitter
rizpawaka,@kunyangunyil,mention,0,twitter
dwamaraji,@indibiz_id,mention,0,twitter
dwamaraji,@nugnugroho98,mention,0,twitter
dwamaraji,@santaidulugaes,mention,0,twitter
dwamaraji,@luphle,mention,0,twitter
parist_dewi_,@indibiz_id,mention,0,twitter
parist_dewi_,@diannuraieni01,mention,0,twitter
parist_dewi_,@sifahri_,mention,0,twitter
parist_dewi_,@missufelova,mention,0,twitter
sinurind,@indibiz_id,mention,0,twitter
sinurind,@mimisalami58,mention,0,twitter
sinurind,@bukankatasandi,mention,0,twitter
sinurind,@santaidulugaes,mention,0,twitter
hyarindama_1,@strahayuuuu,mention,0,twitter
hyarindama_1,@wineediar_,mention,0,twitter
hyarindama_1,@woodeiy,mention,0,twitter
23desihar,@badaruddinnrul,mention,0,twitter
23desihar,@panggil_iam1005,mention,0,twitter
gilpra21,@indibiz_id,mention,0,twitter
gilpra21,@cr_rhrn,mention,0,twitter
gilpra21,@missufelova,mention,0,twitter
gilpra21,@dinata_eva04,mention,0,twitter
pujilestar94,@indibiz_id,mention,0,twitter
pujilestar94,@gomet88,mention,0,twitter
pujilestar94,@flcrie,mention,0,twitter
pujilestar94,@putribigwin62,mention,0,twitter
hyarindama_1,@hamiah_rahman31,mention,0,twitter
hyarindama_1,@wide_win8,mention,0,twitter
hyarindama_1,@annajmussaaqib,mention,0,twitter
evanth37,@indibiz_id,mention,0,twitter
evanth37,@fitriyanti925,mention,0,twitter
evanth37,@fene_sya,mention,0,twitter
evanth37,@rik4dika,mention,0,twitter
kwon59943479,@indibiz_id,mention,0,twitter
nalarinjani,@indibiz_id,mention,0,twitter
nalarinjani,@ranazhira,mention,0,twitter
nalarinjani,@dwamaraji,mention,0,twitter
nalarinjani,@seruaza,mention,0,twitter
sayrenst,@indibiz_id,mention,0,twitter
sayrenst,@aishwabaha2022,mention,0,twitter
sayrenst,@damar_psikologi,mention,0,twitter
sayrenst,@nanay_lani,mention,0,twitter
xusumawati,@indibiz_id,mention,0,twitter
xusumawati,@rashalqadr,mention,0,twitter
xusumawati,@adindamar24,mention,0,twitter
xusumawati,@dafi_indriiie,mention,0,twitter
rizonemohamad,@indibiz_id,mention,0,twitter
rizonemohamad,@ai_firzha,mention,0,twitter
rizonemohamad,@dealova_in,mention,0,twitter
abdiahmad87,@indibiz_id,mention,0,twitter
abdiahmad87,@a234_ri,mention,0,twitter
abdiahmad87,@missdazilan,mention,0,twitter
anitaanwar_,@xx12en_new,mention,0,twitter
kxxclypii_,@indibiz_id,mention,0,twitter
kxxclypii_,@piscvely,mention,0,twitter
kxxclypii_,@squashdel,mention,0,twitter
kxxclypii_,@afnirahma98,mention,0,twitter
putriatitut,@indibiz_id,mention,0,twitter
putriatitut,@kisnavva85,mention,0,twitter
putriatitut,@fitrizhu04,mention,0,twitter
putriatitut,@karlina38042976,mention,0,twitter
kxxclypii_,@anitaanwar_,mention,0,twitter
kxxclypii_,@imcoco99,mention,0,twitter
kxxclypii_,@aishwabaha2022,mention,0,twitter
lenaevano1827,@mixberriesssss,mention,0,twitter
lenaevano1827,@annisaluxs,mention,0,twitter
lenaevano1827,@apriyeni2921899,mention,0,twitter
yuk_nikha,@indibiz_id,mention,0,twitter
yuk_nikha,@aidasusanti_,mention,0,twitter
yuk_nikha,@rahayeureka,mention,0,twitter
yuk_nikha,@ekagarnasih29,mention,0,twitter
alamandail,@indibiz_id,mention,0,twitter
alamandail,@wawan19101974,mention,0,twitter
alamandail,@nanay_lani,mention,0,twitter
alamandail,@bejone_olif,mention,0,twitter
aishwabaha2022,@indibiz_id,mention,0,twitter
aishwabaha2022,@kxxclypii_,mention,0,twitter
aishwabaha2022,@kalulutmeratus,mention,0,twitter
aishwabaha2022,@bapakenduk12,mention,0,twitter
ai_firzha,@indibiz_id,mention,0,twitter
ai_firzha,@ainurnur02,mention,0,twitter
ai_firzha,@anisa__nisha012,mention,0,twitter
ai_firzha,@anggapriana17,mention,0,twitter
gi_n0ng,@indibiz_id,mention,0,twitter
filmtamin,@indibiz_id,mention,0,twitter
mixberriesssss,@indibiz_id,mention,0,twitter
mixberriesssss,@lenaevano1827,mention,0,twitter
mixberriesssss,@mamanyaezan,mention,0,twitter
mixberriesssss,@hananurhan,mention,0,twitter
hamiah_rahman31,@unprettybae,mention,0,twitter
hamiah_rahman31,@hryt_riaa,mention,0,twitter
hamiah_rahman31,@diaszei,mention,0,twitter
hamiah_rahman31,@kinashnara,mention,0,twitter
hamiah_rahman31,@hananurhan,mention,0,twitter
hamiah_rahman31,@indibiz_id,mention,0,twitter
hamiah_rahman31,@afnirahma98,mention,0,twitter
hamiah_rahman31,@lulumauld,mention,0,twitter
hamiah_rahman31,@axyd22y,mention,0,twitter
jinjah_,@indibiz_id,mention,0,twitter
jinjah_,@eternaljin_,mention,0,twitter
jinjah_,@izzahmillenia,mention,0,twitter
jinjah_,@tellmeyourevery,mention,0,twitter
hamiah_rahman31,@aghna_na,mention,0,twitter
hamiah_rahman31,@callmedara31,mention,0,twitter
hamiah_rahman31,@kangnasiulam,mention,0,twitter
wahyupurwaati,@indibiz_id,mention,0,twitter
wahyupurwaati,@citrabudiyanti,mention,0,twitter
wahyupurwaati,@astri_akt,mention,0,twitter
wahyupurwaati,@nourma_yuliana,mention,0,twitter
syantiw05,@indibiz_id,mention,0,twitter
syantiw05,@rena_tahara99,mention,0,twitter
syantiw05,@indittte,mention,0,twitter
syantiw05,@rozydania,mention,0,twitter
darapramesa,@indibiz_id,mention,0,twitter
darapramesa,@nuhpiyanti_,mention,0,twitter
thepanduras,@indibiz_id,mention,0,twitter
thepanduras,@rizkyarum92,mention,0,twitter
wawan_drew,@indibiz_id,mention,0,twitter
wawan_drew,@itsnickhorton,mention,0,twitter
wawan_drew,@itsbrandonszc,mention,0,twitter
wawan_drew,@captain_vlog,mention,0,twitter
nuraeni40359747,@indibiz_id,mention,0,twitter
nuraeni40359747,@watitrisnawat14,mention,0,twitter
nuraeni40359747,@naanawiin,mention,0,twitter
nuraeni40359747,@ainurnur02,mention,0,twitter
omank_merysa,@indibiz_id,mention,0,twitter
omank_merysa,@henzanura,mention,0,twitter
omank_merysa,@tarmuzi73266101,mention,0,twitter
omank_merysa,@nhkee88888,mention,0,twitter
wineediar_,@indibiz_id,mention,0,twitter
wineediar_,@febyanigusti,mention,0,twitter
wineediar_,@kxxclypii_,mention,0,twitter
wineediar_,@dahlena770078,mention,0,twitter
wineediar_,@miszbek,mention,0,twitter
wineediar_,@put_anand,mention,0,twitter
wineediar_,@pututadhikoma19,mention,0,twitter
antonmuls,@indibiz_id,mention,0,twitter
antonmuls,@alamandail,mention,0,twitter
antonmuls,@shindiagung,mention,0,twitter
antonmuls,@wijanarko1947,mention,0,twitter
rikarifanti84,@indibiz_id,mention,0,twitter
rikarifanti84,@yulydasing,mention,0,twitter
rikarifanti84,@fene_sya,mention,0,twitter
rikarifanti84,@sartikazara,mention,0,twitter
goenroos,@indibiz_id,mention,0,twitter
fjar_05,@indibiz_id,mention,0,twitter
fjar_05,@hendra_g_athar,mention,0,twitter
fjar_05,@aaenjey,mention,0,twitter
fjar_05,@saptoadi_07,mention,0,twitter
kireifeline,@indibiz_id,mention,0,twitter
kireifeline,@dfmwtii,mention,0,twitter
kireifeline,@elmaelmachan24,mention,0,twitter
kireifeline,@forabisheka,mention,0,twitter
rizarin_anugrah,@indibiz_id,mention,0,twitter
rizarin_anugrah,@rizkyarum92,mention,0,twitter
rizarin_anugrah,@nugraharizkia28,mention,0,twitter
rizarin_anugrah,@aishwabaha2022,mention,0,twitter
murdhany88,@indibiz_id,mention,0,twitter
murdhany88,@andayany82,mention,0,twitter
radianttt_armor,@indibiz_id,mention,0,twitter
radianttt_armor,@tytriyana_16,mention,0,twitter
radianttt_armor,@renarenaw_55,mention,0,twitter
lee_ndraaa,@indibiz_id,mention,0,twitter
lee_ndraaa,@abdultaslim_777,mention,0,twitter
lee_ndraaa,@adevavade,mention,0,twitter
lee_ndraaa,@ai_firzha,mention,0,twitter
badawiwoho,@indibiz_id,mention,0,twitter
badawiwoho,@yumchamini,mention,0,twitter
badawiwoho,@alia_syt,mention,0,twitter
badawiwoho,@maura_arica,mention,0,twitter
wikamandaa,@indibiz_id,mention,0,twitter
wikamandaa,@alfanando01,mention,0,twitter
wikamandaa,@ameliawy26,mention,0,twitter
wikamandaa,@anoviapebriia,mention,0,twitter
aryabudiyana,@indibiz_id,mention,0,twitter
aryabudiyana,@yadhootx,mention,0,twitter
aryabudiyana,@pengenwinwoy,mention,0,twitter
aryabudiyana,@fayzha_azzalea,mention,0,twitter
dkss012,@indibiz_id,mention,0,twitter
dkss012,@hamiah_rahman31,mention,0,twitter
dkss012,@tytriyana_16,mention,0,twitter
dkss012,@watitrisnawat14,mention,0,twitter
dwiatjeh,@indibiz_id,mention,0,twitter
dwiatjeh,@mbidebby,mention,0,twitter
dwiatjeh,@hayuniayuu,mention,0,twitter
dwiatjeh,@lanapus,mention,0,twitter
die_adhie,@indibiz_id,mention,0,twitter
die_adhie,@gie_de_freak,mention,0,twitter
die_adhie,@sajaliahmed,mention,0,twitter
die_adhie,@_kun91,mention,0,twitter
cicimarethaw,@indibiz_id,mention,0,twitter
cicimarethaw,@put_anand,mention,0,twitter
cicimarethaw,@riri_priyatna,mention,0,twitter
cicimarethaw,@intan_khalif,mention,0,twitter
cicimarethaw,@nitaanetta,mention,0,twitter
cicimarethaw,@widya_0996,mention,0,twitter
hryt_riaa,@dindshr,mention,0,twitter
hryt_riaa,@pujilestar94,mention,0,twitter
hryt_riaa,@sairan355629,mention,0,twitter
snuggliss,@indibiz_id,mention,0,twitter
snuggliss,@florian_wit,mention,0,twitter
snuggliss,@unprettyh0e,mention,0,twitter
snuggliss,@xyorobun,mention,0,twitter
dewmustika82,@devanamzah,mention,0,twitter
dewmustika82,@indibiz_id,mention,0,twitter
dewmustika82,@sebatianchan,mention,0,twitter
dewmustika82,@andayani_lolita,mention,0,twitter
dewmustika82,@baimchan9,mention,0,twitter
sanjayaroni283,@indibiz_id,mention,0,twitter
sanjayaroni283,@rinrin82779740,mention,0,twitter
sanjayaroni283,@nuraeni40359747,mention,0,twitter
iday4g,@indibiz_id,mention,0,twitter
iday4g,@hermavvan,mention,0,twitter
iday4g,@kangpep,mention,0,twitter
iday4g,@jsetya_,mention,0,twitter
simamorala21,@indibiz_id,mention,0,twitter
simamorala21,@mandamuti86,mention,0,twitter
simamorala21,@idapertiwi_3k,mention,0,twitter
simamorala21,@liarp99juta,mention,0,twitter
anto9990,@aralianda23,mention,0,twitter
anto9990,@hastono_yeri,mention,0,twitter
anto9990,@abc72253165,mention,0,twitter
melvvin_b,@indibiz_id,mention,0,twitter
melvvin_b,@wiindaa_1613,mention,0,twitter
melvvin_b,@yulydasing,mention,0,twitter
melvvin_b,@yuyunqueen,mention,0,twitter
ipitfitriani81,@indibiz_id,mention,0,twitter
ipitfitriani81,@cipudelsta,mention,0,twitter
ipitfitriani81,@elsayulina,mention,0,twitter
ipitfitriani81,@kidelsta10,mention,0,twitter
nursollikhatin,@indibiz_id,mention,0,twitter
nursollikhatin,@tasyaauliaf,mention,0,twitter
nursollikhatin,@meisyameliaaa,mention,0,twitter
nursollikhatin,@uciiirimadhani,mention,0,twitter
sitihsarah99,@indibiz_id,mention,0,twitter
sitihsarah99,@fauziahf19,mention,0,twitter
sitihsarah99,@sucisaffitri,mention,0,twitter
sitihsarah99,@ayusnr2,mention,0,twitter
goenroos,@hryt_riaa,mention,0,twitter
goenroos,@aryabudiyana,mention,0,twitter
goenroos,@gilpra21,mention,0,twitter
rinsa99,@indibiz_id,mention,0,twitter
rinsa99,@mimisalami58,mention,0,twitter
rinsa99,@misswulans,mention,0,twitter
rinsa99,@ouwlivia,mention,0,twitter
devanamzah,@sebatianchan,mention,0,twitter
devanamzah,@andayani_lolita,mention,0,twitter
devanamzah,@baimchan9,mention,0,twitter
devanamzah,@dewmustika82,mention,0,twitter
ani_winnerr,@indibiz_id,mention,0,twitter
ani_winnerr,@yuniarifah679,mention,0,twitter
ani_winnerr,@aishwabaha2022,mention,0,twitter
floriwit,@indibiz_id,mention,0,twitter
floriwit,@diantoridho,mention,0,twitter
floriwit,@iam_mia0208,mention,0,twitter
floriwit,@ikhsann_sryaa,mention,0,twitter
ddiigr,@indibiz_id,mention,0,twitter
ddiigr,@anastiarm,mention,0,twitter
ddiigr,@maoelanahidajat,mention,0,twitter
ddiigr,@tgylvanmenir,mention,0,twitter
woodymolky48,@indibiz_id,mention,0,twitter
woodymolky48,@srie809,mention,0,twitter
woodymolky48,@masfajar115,mention,0,twitter
dhie3187,@indibiz_id,mention,0,twitter
dhie3187,@bya_ria,mention,0,twitter
dhie3187,@kisnanti,mention,0,twitter
meliaclairre,@indibiz_id,mention,0,twitter
meliaclairre,@gatawani,mention,0,twitter
meliaclairre,@ferrycahyadi_,mention,0,twitter
meliaclairre,@masdanang28,mention,0,twitter
mrahmat81,@indibiz_id,mention,0,twitter
mrahmat81,@rantisulasmy,mention,0,twitter
mrahmat81,@tridesisundari,mention,0,twitter
mrahmat81,@mudjiono_easy3,mention,0,twitter
dewmustika82,@aaryatama11,mention,0,twitter
dewmustika82,@dahlena770078,mention,0,twitter
dewmustika82,@irvanjoe22,mention,0,twitter
sebatianchan,@indibiz_id,mention,0,twitter
sebatianchan,@andayani_lolita,mention,0,twitter
sebatianchan,@baimchan9,mention,0,twitter
sebatianchan,@dewmustika82,mention,0,twitter
endra_prayoga,@indibiz_id,mention,0,twitter
endra_prayoga,@laurrenn_87,mention,0,twitter
endra_prayoga,@meliyanadantis,mention,0,twitter
endra_prayoga,@dinaluzian26268,mention,0,twitter
bayukirana7,@indibiz_id,mention,0,twitter
bayukirana7,@panjiilhamku,mention,0,twitter
bayukirana7,@wahyuhikmahram1,mention,0,twitter
bayukirana7,@indri,mention,0,twitter
rinnatantri,@indibiz_id,mention,0,twitter
rinnatantri,@maswanlagi,mention,0,twitter
rinnatantri,@lasemi_bue_al,mention,0,twitter
rinnatantri,@isminofianti,mention,0,twitter
unprettybae,@indibiz_id,mention,0,twitter
unprettybae,@unprettyh0e,mention,0,twitter
unprettybae,@elysiantaekoo,mention,0,twitter
unprettybae,@jeonkookiiis,mention,0,twitter
zhef_77,@indibiz_id,mention,0,twitter
zhef_77,@indibizcare,mention,0,twitter
zhef_77,@maddre09,mention,0,twitter
zhef_77,@happyparlay,mention,0,twitter
zhef_77,@cocoa_win,mention,0,twitter
angraensety,@indibiz_id,mention,0,twitter
angraensety,@syifaputrili,mention,0,twitter
angraensety,@laksamanayoung,mention,0,twitter
angraensety,@bayipatrik,mention,0,twitter
4bayuramadhan,@indibiz_id,mention,0,twitter
4bayuramadhan,@meldayur,mention,0,twitter
4bayuramadhan,@ayunilarastiaa,mention,0,twitter
4bayuramadhan,@yusuuuf70,mention,0,twitter
ranidevita,@indibiz_id,mention,0,twitter
ranidevita,@irmas8320,mention,0,twitter
ranidevita,@anisahdam,mention,0,twitter
ranidevita,@anindaisty,mention,0,twitter
bianikah,@cappybaran,mention,0,twitter
bianikah,@zahwanz99,mention,0,twitter
bianikah,@stainedcalcite,mention,0,twitter
yolfernan92,@indibiz_id,mention,0,twitter
yolfernan92,@bayipatrik,mention,0,twitter
yolfernan92,@dyanasantiera,mention,0,twitter
yolfernan92,@angraensety,mention,0,twitter
arifahkhobsah,@indibiz_id,mention,0,twitter
arifahkhobsah,@nikekurniawt,mention,0,twitter
arifahkhobsah,@nurkurnia97,mention,0,twitter
arifahkhobsah,@indahranikurnia,mention,0,twitter
unprettyh0e,@indibiz_id,mention,0,twitter
unprettyh0e,@unprettybae,mention,0,twitter
unprettyh0e,@elysiantaekoo,mention,0,twitter
unprettyh0e,@l_raden578,mention,0,twitter
laksamanayoung,@indibiz_id,mention,0,twitter
laksamanayoung,@yolfernan92,mention,0,twitter
laksamanayoung,@jellyjuyu,mention,0,twitter
laksamanayoung,@anisahdam,mention,0,twitter
laries_04,@indibiz_id,mention,0,twitter
laries_04,@dengkul_lancip,mention,0,twitter
laries_04,@hari_toast69,mention,0,twitter
laries_04,@nuansalika,mention,0,twitter
kobetakaidaka,@tenesa_telkom,mention,0,twitter
kobetakaidaka,@indibiz_id,mention,0,twitter
tenesa_telkom,@febritriharmoko,mention,0,twitter
tenesa_telkom,@indibiz_id,mention,0,twitter
tenesa_telkom,@telkomindonesia,mention,0,twitter
prstw_indah,@indibiz_id,mention,0,twitter
prstw_indah,@unprettybae,mention,0,twitter
prstw_indah,@hryt_riaa,mention,0,twitter
prstw_indah,@diaszei,mention,0,twitter
prstw_indah,@kinashnara,mention,0,twitter
prstw_indah,@hananurhan,mention,0,twitter
tenesa_telkom,@kobetakaidaka,mention,0,twitter
ansrahma30,@indibizkti,mention,0,twitter
ansrahma30,@esaypikmi,mention,0,twitter
ansrahma30,@mrkittypowl,mention,0,twitter
ansrahma30,@milanur1802,mention,0,twitter
ansrahma30,@hijrawathyy96,mention,0,twitter
ansrahma30,@hery_fendy17,mention,0,twitter
ansrahma30,@lia_herliani87,mention,0,twitter
ansrahma30,@novtri_dwicahya,mention,0,twitter
ansrahma30,@ininailuuu,mention,0,twitter
ansrahma30,@gembul2904,mention,0,twitter
ansrahma30,@megasari379866,mention,0,twitter
ansrahma30,@tutybellaa,mention,0,twitter
ansrahma30,@nita_ucil,mention,0,twitter
ansrahma30,@dessyapriliasss,mention,0,twitter
ansrahma30,@dddeellaa,mention,0,twitter
ansrahma30,@mommykai27,mention,0,twitter
ansrahma30,@fatimaheraaa,mention,0,twitter
ansrahma30,@blue_harmonic,mention,0,twitter
ansrahma30,@ayukaidah,mention,0,twitter
ansrahma30,@adjikysna,mention,0,twitter
ansrahma30,@rizkaharleni,mention,0,twitter
ansrahma30,@rohmat2505,mention,0,twitter
hryt_riaa,@unprettybae,mention,0,twitter
hryt_riaa,@diaszei,mention,0,twitter
hryt_riaa,@kinashnara,mention,0,twitter
hryt_riaa,@hananurhan,mention,0,twitter
ansrahma30,@rullyandrian__,mention,0,twitter
ansrahma30,@lany_oke,mention,0,twitter
ansrahma30,@ridwan_ollong99,mention,0,twitter
ansrahma30,@wafaanida,mention,0,twitter
ansrahma30,@fatim4h53,mention,0,twitter
ansrahma30,@nonkpadila99020,mention,0,twitter
dindatiwi98,@indibiz_id,mention,0,twitter
dindatiwi98,@adhipawitra,mention,0,twitter
dindatiwi98,@disa_cj,mention,0,twitter
dindatiwi98,@nadiasahara,mention,0,twitter
rizkyarum92,@hananurhan,mention,0,twitter
rizkyarum92,@unprettybae,mention,0,twitter
rizkyarum92,@hryt_riaa,mention,0,twitter
rizkyarum92,@diaszei,mention,0,twitter
rizkyarum92,@kinashnara,mention,0,twitter
misshestyy,@indibiz,mention,0,twitter
purwaningrum12,@unprettybae,mention,0,twitter
purwaningrum12,@hryt_riaa,mention,0,twitter
purwaningrum12,@diaszei,mention,0,twitter
purwaningrum12,@kinashnara,mention,0,twitter
purwaningrum12,@hananurhan,mention,0,twitter
rinsa99,@unprettybae,mention,0,twitter
rinsa99,@hryt_riaa,mention,0,twitter
rinsa99,@diaszei,mention,0,twitter
rinsa99,@kinashnara,mention,0,twitter
rinsa99,@hananurhan,mention,0,twitter
adesmardi,@indibiz_id,mention,0,twitter
adesmardi,@unprettybae,mention,0,twitter
adesmardi,@hryt_riaa,mention,0,twitter
adesmardi,@diaszei,mention,0,twitter
adesmardi,@kinashnara,mention,0,twitter
adesmardi,@hananurhan,mention,0,twitter
misswulans,@indibiz_id,mention,0,twitter
misswulans,@unprettybae,mention,0,twitter
misswulans,@hryt_riaa,mention,0,twitter
misswulans,@diaszei,mention,0,twitter
misswulans,@kinashnara,mention,0,twitter
misswulans,@hananurhan,mention,0,twitter
pitgowes,@indibiz_id,mention,0,twitter
pitgowes,@unprettybae,mention,0,twitter
pitgowes,@hryt_riaa,mention,0,twitter
pitgowes,@diaszei,mention,0,twitter
pitgowes,@kinashnara,mention,0,twitter
pitgowes,@hananurhan,mention,0,twitter
mrahmat81,@unprettybae,mention,0,twitter
mrahmat81,@hryt_riaa,mention,0,twitter
mrahmat81,@diaszei,mention,0,twitter
mrahmat81,@kinashnara,mention,0,twitter
mrahmat81,@hananurhan,mention,0,twitter
aishwabaha2022,@unprettybae,mention,0,twitter
aishwabaha2022,@hryt_riaa,mention,0,twitter
aishwabaha2022,@diaszei,mention,0,twitter
aishwabaha2022,@kinashnara,mention,0,twitter
aishwabaha2022,@hananurhan,mention,0,twitter
lyv_view,@indibiz_id,mention,0,twitter
lyv_view,@unprettybae,mention,0,twitter
lyv_view,@hryt_riaa,mention,0,twitter
lyv_view,@diaszei,mention,0,twitter
lyv_view,@kinashnara,mention,0,twitter
lyv_view,@hananurhan,mention,0,twitter
telkomsel,@r_suryatoga,mention,0,twitter
telkomsel,@telkomindonesia,mention,0,twitter
telkomsel,@indibiz_id,mention,0,twitter
r_suryatoga,@telkomindonesia,mention,0,twitter
r_suryatoga,@telkomsel,mention,0,twitter
r_suryatoga,@indibiz_id,mention,0,twitter
tiwiarchiev01_,@indibiz_id,mention,0,twitter
tiwiarchiev01_,@unprettybae,mention,0,twitter
tiwiarchiev01_,@hryt_riaa,mention,0,twitter
tiwiarchiev01_,@diaszei,mention,0,twitter
tiwiarchiev01_,@kinashnara,mention,0,twitter
tiwiarchiev01_,@hananurhan,mention,0,twitter
dieliatin,@indibiz_id,mention,0,twitter
dieliatin,@unprettybae,mention,0,twitter
dieliatin,@hryt_riaa,mention,0,twitter
dieliatin,@diaszei,mention,0,twitter
dieliatin,@kinashnara,mention,0,twitter
dieliatin,@hananurhan,mention,0,twitter
indibiz_id,@unprettybae,mention,0,twitter
indibiz_id,@hryt_riaa,mention,0,twitter
indibiz_id,@diaszei,mention,0,twitter
indibiz_id,@kinashnara,mention,0,twitter
indibiz_id,@hananurhan,mention,0,twitter
bbybae__,@indibiz_id,mention,0,twitter
irmas8320,@indibizkti,mention,0,twitter
irmas8320,@ameliawy26,mention,0,twitter
irmas8320,@rizal_nurdin9,mention,0,twitter
irmas8320,@rihanaputr80496,mention,0,twitter
amie08mie,@indibizkti,mention,0,twitter
amie08mie,@kgisanti,mention,0,twitter
amie08mie,@sriombuh,mention,0,twitter
amie08mie,@gembul,mention,0,twitter
imcoco99,@indibiz,mention,0,twitter
maulaa313,@indibiz,mention,0,twitter
maulaa313,@indibizkti,mention,0,twitter
maulaa313,@ani_winnerr,mention,0,twitter
maulaa313,@srie809,mention,0,twitter
maulaa313,@rivtya17,mention,0,twitter
visilviy,@indibiz_jtdiy,mention,0,twitter
visilviy,@alamakrien,mention,0,twitter
visilviy,@mrsjenolee_,mention,0,twitter
visilviy,@alma_rizki91,mention,0,twitter
murdhany88,@indibizkti,mention,0,twitter
dhie2335,@indibiz_kalsel,mention,0,twitter
naelsha07,@indibizkti,mention,0,twitter
naelsha07,@yourtami97,mention,0,twitter
naelsha07,@baimchan9,mention,0,twitter
naelsha07,@tinanakris,mention,0,twitter
mang_gayu17,@indibizkti,mention,0,twitter
mang_gayu17,@nengalikha,mention,0,twitter
mang_gayu17,@yunimeliaa,mention,0,twitter
mang_gayu17,@naelsha07,mention,0,twitter
mang_gayu17,@indibiz,mention,0,twitter
masfajar115,@indibizkti,mention,0,twitter
masfajar115,@indibiz_id,mention,0,twitter
masfajar115,@afnirahma98,mention,0,twitter
masfajar115,@paparaissa19,mention,0,twitter
masfajar115,@srini_16,mention,0,twitter
indibiz_pwt,@indibiz,mention,0,twitter
soulofsha_,@indibiz,mention,0,twitter
soulofsha_,@indibizkti,mention,0,twitter
soulofsha_,@koocutew,mention,0,twitter
soulofsha_,@tzuyst,mention,0,twitter
soulofsha_,@runbitjh,mention,0,twitter
annajmussaaqib,@indibizkti,mention,0,twitter
annajmussaaqib,@piscvely,mention,0,twitter
annajmussaaqib,@wineediar_,mention,0,twitter
kotabarury53843,@indibizkti,mention,0,twitter
kotabarury53843,@risa_wulandari,mention,0,twitter
kotabarury53843,@wineediar_,mention,0,twitter
kotabarury53843,@ani_winnerr,mention,0,twitter
sipalingmario,@indibizkti,mention,0,twitter
sipalingmario,@07nanas,mention,0,twitter
sipalingmario,@fene_sya,mention,0,twitter
sipalingmario,@ristiblu,mention,0,twitter
aghna_na,@indibizkti,mention,0,twitter
aghna_na,@jinggasavana_,mention,0,twitter
aghna_na,@nafizashilmi,mention,0,twitter
aghna_na,@just_me_na_,mention,0,twitter
rizpawaka,@ridwan_ollong99,mention,0,twitter
rizpawaka,@yadyad_porjo,mention,0,twitter
rizpawaka,@anindaisty,mention,0,twitter
denistwitt3r,@indibiz_id,mention,0,twitter
anoviapebriia,@indibiz_id,mention,0,twitter
anoviapebriia,@ameliawy26,mention,0,twitter
anoviapebriia,@wineediar_,mention,0,twitter
anoviapebriia,@aliakbarsmi,mention,0,twitter
firnandoirin,@indibiz_id,mention,0,twitter
firnandoirin,@yudiunge93_,mention,0,twitter
firnandoirin,@dewmustika82,mention,0,twitter
firnandoirin,@dieeka_90,mention,0,twitter
tunisasyif2569,@indibizkti,mention,0,twitter
tunisasyif2569,@v_virtia,mention,0,twitter
tunisasyif2569,@watitrisnawat14,mention,0,twitter
masfajar115,@indibiz,mention,0,twitter
masfajar115,@squashdel,mention,0,twitter
masfajar115,@sdyaaz_win99,mention,0,twitter
masfajar115,@srie809,mention,0,twitter
adevavade,@indibiz_id,mention,0,twitter
adevavade,@lany_oke,mention,0,twitter
adevavade,@nauuqi8e56909,mention,0,twitter
adevavade,@astkhdryh94,mention,0,twitter
woodymolky48,@indibizkti,mention,0,twitter
adevavade,@astriani275,mention,0,twitter
adevavade,@ameliawy26,mention,0,twitter
adevavade,@henik_yuli,mention,0,twitter
firnandoirin,@indibizkti,mention,0,twitter
firnandoirin,@afnirahma98,mention,0,twitter
firnandoirin,@hafez_tawon,mention,0,twitter
putriwiki_90,@indibiz_id,mention,0,twitter
putriwiki_90,@geebenk,mention,0,twitter
putriwiki_90,@araychester,mention,0,twitter
putriwiki_90,@argentianaa,mention,0,twitter
blooming63,@ratnad24,mention,0,twitter
blooming63,@setianiianis,mention,0,twitter
blooming63,@terbbayi,mention,0,twitter
dealova_in,@indibiz_id,mention,0,twitter
dealova_in,@rizarin_anugrah,mention,0,twitter
dealova_in,@marxzzz04,mention,0,twitter
dealova_in,@misnawati85,mention,0,twitter
diaszei,@indibizkti,mention,0,twitter
diaszei,@missmetcha,mention,0,twitter
diaszei,@zwinsty,mention,0,twitter
diaszei,@michiollav,mention,0,twitter
chairul_rosyad,@indibiz_id,mention,0,twitter
chairul_rosyad,@indihome,mention,0,twitter
chairul_rosyad,@telkomjabar,mention,0,twitter
chairul_rosyad,@ylki_id,mention,0,twitter
sabik_87,@indibiz_id,mention,0,twitter
sabik_87,@365daysofseeing,mention,0,twitter
sabik_87,@missdazilan,mention,0,twitter
sabik_87,@ikenday,mention,0,twitter
sabik_87,@zhef_77,mention,0,twitter
sabik_87,@cempluk_yuni,mention,0,twitter
sabik_87,@diniprratiwi,mention,0,twitter
sabik_87,@ranidevita,mention,0,twitter
sabik_87,@indibiz_kalsel,mention,0,twitter
sabik_87,@yulydasing,mention,0,twitter
sabik_87,@mudjiono_easy3,mention,0,twitter
abdiahmad87,@indibiz,mention,0,twitter
diiarisme,@indibizkti,mention,0,twitter
diiarisme,@assa_aieh,mention,0,twitter
diiarisme,@wanti16094375,mention,0,twitter
diiarisme,@wynda_wynda,mention,0,twitter
abdiahmad87,@indibizkti,mention,0,twitter
abdiahmad87,@muhamma15111026,mention,0,twitter
abdiahmad87,@zhef_77,mention,0,twitter
abdiahmad87,@cempluk_yuni,mention,0,twitter
abdiahmad87,@diniprratiwi,mention,0,twitter
abdiahmad87,@ranidevita,mention,0,twitter
abdiahmad87,@indibiz_kalsel,mention,0,twitter
abdiahmad87,@yulydasing,mention,0,twitter
abdiahmad87,@mudjiono_easy3,mention,0,twitter
alvisandersonn,@indibiz_id,mention,0,twitter
alvisandersonn,@sh3rin90,mention,0,twitter
alvisandersonn,@zahracallie,mention,0,twitter
alvisandersonn,@angellpaff,mention,0,twitter
yeniabiex,@zhef_77,mention,0,twitter
yeniabiex,@cempluk_yuni,mention,0,twitter
yeniabiex,@diniprratiwi,mention,0,twitter
yeniabiex,@ranidevita,mention,0,twitter
yeniabiex,@indibiz_kalsel,mention,0,twitter
yeniabiex,@yulydasing,mention,0,twitter
yeniabiex,@mudjiono_easy3,mention,0,twitter
yumchamini,@indibiz,mention,0,twitter
zhef_77,@zhef_77,mention,0,twitter
zhef_77,@cempluk_yuni,mention,0,twitter
fitriyanti925,@indibizkti,mention,0,twitter
fitriyanti925,@uyo_sw,mention,0,twitter
fitriyanti925,@anzhue3,mention,0,twitter
fitriyanti925,@hryt_riaa,mention,0,twitter
darapramesa,@indibizkti,mention,0,twitter
kinashnara,@indibizkti,mention,0,twitter
kinashnara,@_nddraaa,mention,0,twitter
kinashnara,@evirianti23,mention,0,twitter
kinashnara,@venoaikaa,mention,0,twitter
prstw_indah,@indibizkti,mention,0,twitter
prstw_indah,@fitriyanti925,mention,0,twitter
prstw_indah,@anzhue3,mention,0,twitter
cimolmilky,@piscvely,mention,0,twitter
cimolmilky,@wineediar_,mention,0,twitter
cimolmilky,@afnirahma98,mention,0,twitter
kireifeline,@indibizkti,mention,0,twitter
kireifeline,@herrosmawati,mention,0,twitter
kireifeline,@niananda02,mention,0,twitter
kireifeline,@rinaridara23,mention,0,twitter
wrouxd2,@indibiz_borneo,mention,0,twitter
wrouxd2,@widyasin,mention,0,twitter
wrouxd2,@sarisilang20023,mention,0,twitter
wrouxd2,@julisila1,mention,0,twitter
wroulas,@indibiz_borneo,mention,0,twitter
wroulas,@ratnasilva59164,mention,0,twitter
wroulas,@kikisih_,mention,0,twitter
wroulas,@donisimatu73458,mention,0,twitter
ai_firzha,@indibizkti,mention,0,twitter
ai_firzha,@naanawiin,mention,0,twitter
ai_firzha,@rizqisya14,mention,0,twitter
bianikah,@indibiz_borneo,mention,0,twitter
nuraeni40359747,@indibiz_borneo,mention,0,twitter
nuraeni40359747,@rin179184,mention,0,twitter
nuraeni40359747,@ai_firzha,mention,0,twitter
radianttt_armor,@tinanakris,mention,0,twitter
radianttt_armor,@0404im,mention,0,twitter
radianttt_armor,@asyifatuluzma,mention,0,twitter
santyciu,@indibiz_borneo,mention,0,twitter
santyciu,@nengdwicahya,mention,0,twitter
santyciu,@nenkyati23,mention,0,twitter
santyciu,@ervinasutikno,mention,0,twitter
zahramaliaaa,@indibiz_id,mention,0,twitter
zahramaliaaa,@wineediar_,mention,0,twitter
zahramaliaaa,@neng_berry,mention,0,twitter
zahramaliaaa,@panenwin97,mention,0,twitter
dewifor99,@indibiz,mention,0,twitter
yourtami97,@indibiz_borneo,mention,0,twitter
yourtami97,@darafatika_,mention,0,twitter
yourtami97,@woodymolky48,mention,0,twitter
yourtami97,@elylsian,mention,0,twitter
yourtami97,@squashdel,mention,0,twitter
yourtami97,@sharlinkey25_,mention,0,twitter
yourtami97,@naelsha07,mention,0,twitter
adevavade,@_kun91,mention,0,twitter
adevavade,@mahdalinadina28,mention,0,twitter
adevavade,@martha_pvk1,mention,0,twitter
piscvely,@indibiz_borneo,mention,0,twitter
piscvely,@cimolmilky,mention,0,twitter
piscvely,@elylsian,mention,0,twitter
piscvely,@myuzzzzzz,mention,0,twitter
piscvely,@afnirahma98,mention,0,twitter
piscvely,@argentianaa,mention,0,twitter
piscvely,@anitaanwar_,mention,0,twitter
piscvely,@kxxclypii_,mention,0,twitter
piscvely,@kireifeline,mention,0,twitter
piscvely,@kalulutmeratus,mention,0,twitter
kxxclypii_,@indibiz_borneo,mention,0,twitter
wiindaa_16,@indibiz_id,mention,0,twitter
wiindaa_16,@kxxclypii_,mention,0,twitter
wiindaa_16,@ayukaidah,mention,0,twitter
wiindaa_16,@dee_wiwien,mention,0,twitter
adevavade,@ayukaidah,mention,0,twitter
adevavade,@nagit_a,mention,0,twitter
adevavade,@aligalendo_,mention,0,twitter
adevavade,@renovachoandy,mention,0,twitter
angraensety,@indibizkti,mention,0,twitter
angraensety,@anindaisty,mention,0,twitter
hanjeli_,@wiindaa_16,mention,0,twitter
hanjeli_,@rizkyarum92,mention,0,twitter
hanjeli_,@tunisasyif2569,mention,0,twitter
iday4g,@indibiz_borneo,mention,0,twitter
liansluk,@indibizkti,mention,0,twitter
liansluk,@dntares,mention,0,twitter
liansluk,@cielazone,mention,0,twitter
liansluk,@veewinners,mention,0,twitter
runaga21,@indibiz_borneo,mention,0,twitter
runaga21,@putrymaloew,mention,0,twitter
runaga21,@iam_c4mel,mention,0,twitter
runaga21,@easyw1n7,mention,0,twitter
runaga21,@indibizkti,mention,0,twitter
yagadigi,@anakramze,mention,0,twitter
yagadigi,@ekanandaar,mention,0,twitter
yagadigi,@intanags,mention,0,twitter
bilbulcaricuan,@indibiz,mention,0,twitter
yagadigi,@indibiz_borneo,mention,0,twitter
titatiram,@indibiz_borneo,mention,0,twitter
titatiram,@kiarantik,mention,0,twitter
titatiram,@brococon,mention,0,twitter
titatiram,@hokibong,mention,0,twitter
yagadigi,@indibizkti,mention,0,twitter
tenesa_telkom,@chairul_rosyad,mention,0,twitter
tenesa_telkom,@ylki_id,mention,0,twitter
tenesa_telkom,@telkomjabar,mention,0,twitter
tenesa_telkom,@indihome,mention,0,twitter
blessedinsomany,@supervergil,mention,0,twitter
blessedinsomany,@indihome,mention,0,twitter
blessedinsomany,@telkomcare,mention,0,twitter
blessedinsomany,@tenesa_telkom,mention,0,twitter
chairul_rosyad,@tenesa_telkom,mention,0,twitter
ranidevita,@indibizkti,mention,0,twitter
rivtya17,@indibiz_id,mention,0,twitter
rivtya17,@anoviapebriia,mention,0,twitter
rivtya17,@jurianyycha,mention,0,twitter
rivtya17,@katadaniii_,mention,0,twitter
yadinesian,@indibiz_borneo,mention,0,twitter
yadinesian,@iday4g,mention,0,twitter
yadinesian,@kis_sap,mention,0,twitter
yadinesian,@uwoooh,mention,0,twitter
nuraeni40359747,@indibizkti,mention,0,twitter
nuraeni40359747,@win_wiwin08,mention,0,twitter
annajmussaaqib,@ishq_rara,mention,0,twitter
annajmussaaqib,@muammarbdmn,mention,0,twitter
annajmussaaqib,@squashdel,mention,0,twitter
dkss012,@indibiz_borneo,mention,0,twitter
parist_dewi_,@indibiz,mention,0,twitter
infokampuskuid,@indibiz,mention,0,twitter
infokupedia,@indibiz,mention,0,twitter
rizpawaka,@0_five5,mention,0,twitter
rizpawaka,@hamiah_rahman31,mention,0,twitter
endothelins,@indibizkti,mention,0,twitter
endothelins,@uminemiya,mention,0,twitter
endothelins,@ingetbelajar,mention,0,twitter
endothelins,@redcharin,mention,0,twitter
rinsa99,@indibiz,mention,0,twitter
anindaisty,@indibizkti,mention,0,twitter
anindaisty,@rizpawaka,mention,0,twitter
anindaisty,@ranidevita,mention,0,twitter
anindaisty,@yolfernan92,mention,0,twitter
anindaisty,@zhef_77,mention,0,twitter
anindaisty,@cempluk_yuni,mention,0,twitter
anindaisty,@diniprratiwi,mention,0,twitter
anindaisty,@indibiz_kalsel,mention,0,twitter
anindaisty,@yulydasing,mention,0,twitter
anindaisty,@mudjiono_easy3,mention,0,twitter
anindaisty,@indibiz_borneo,mention,0,twitter
del5u,@indibizkti,mention,0,twitter
del5u,@naraxbt,mention,0,twitter
del5u,@dearmeanna,mention,0,twitter
del5u,@vielgalactic,mention,0,twitter
thepanduras,@indibizkti,mention,0,twitter
aishwabaha2022,@diniprratiwi,mention,0,twitter
aishwabaha2022,@ranidevita,mention,0,twitter
aishwabaha2022,@zhef_77,mention,0,twitter
aishwabaha2022,@cempluk_yuni,mention,0,twitter
aishwabaha2022,@indibiz_kalsel,mention,0,twitter
aishwabaha2022,@yulydasing,mention,0,twitter
aishwabaha2022,@mudjiono_easy3,mention,0,twitter
dieliatin,@indibizkti,mention,0,twitter
dieliatin,@asprysda,mention,0,twitter
dieliatin,@ekanandaar,mention,0,twitter
dieliatin,@indraaaaaaa,mention,0,twitter
uwoooh,@yadinesian,mention,0,twitter
laksamanayoung,@indibizkti,mention,0,twitter
dhie3187,@deviera,mention,0,twitter
tridesisundari,@indibizkti,mention,0,twitter
tridesisundari,@natali4rose,mention,0,twitter
tridesisundari,@_menangterus,mention,0,twitter
tridesisundari,@omank_merysa,mention,0,twitter
dyanasantiera,@indibizkti,mention,0,twitter
dyanasantiera,@syifaputrili,mention,0,twitter
dyanasantiera,@laksamanayoung,mention,0,twitter
dyanasantiera,@anindaisty,mention,0,twitter
yolfernan92,@indibizkti,mention,0,twitter
yolfernan92,@anindaisty,mention,0,twitter
yolfernan92,@anisahdam,mention,0,twitter
bayukirana7,@indibiz_borneo,mention,0,twitter
bayukirana7,@nayy_uy,mention,0,twitter
wawan_drew,@indibiz_borneo,mention,0,twitter
titatiram,@indibizkti,mention,0,twitter
visilviy,@indibizkti,mention,0,twitter
visilviy,@aaasefsep,mention,0,twitter
visilviy,@setianiianis,mention,0,twitter
jellyjuyu,@indibizkti,mention,0,twitter
jellyjuyu,@intanpra2717,mention,0,twitter
jellyjuyu,@laksamanayoung,mention,0,twitter
jellyjuyu,@diniprratiwi,mention,0,twitter
iday4g,@indibizkti,mention,0,twitter
iday4g,@uwoooh,mention,0,twitter
iday4g,@yagadigi,mention,0,twitter
iday4g,@eta73_,mention,0,twitter
uwoooh,@kangpep,mention,0,twitter
uwoooh,@jsetya_,mention,0,twitter
uwoooh,@hermavvan,mention,0,twitter
dailywinda,@indibiz,mention,0,twitter
_ayinun,@indibiz_borneo,mention,0,twitter
_ayinun,@adisthi_nur,mention,0,twitter
_ayinun,@nayla_alfaruq,mention,0,twitter
_ayinun,@14mkin,mention,0,twitter
aghniawan24_,@indibizkti,mention,0,twitter
aghniawan24_,@nafizashilmi,mention,0,twitter
aghniawan24_,@aghna_na,mention,0,twitter
aghniawan24_,@fadhila_fadhi,mention,0,twitter
herliinaaa27,@indibiz_kalsel,mention,0,twitter
parist_dewi_,@khbru983xlzn,mention,0,twitter
parist_dewi_,@karmila100,mention,0,twitter
parist_dewi_,@yusuflm2,mention,0,twitter
wroulas,@moulyman1,mention,0,twitter
wroulas,@donisingle92947,mention,0,twitter
wroulas,@wandrisit0rus2,mention,0,twitter
yulydasing,@indibiz_kalsel,mention,0,twitter
yulydasing,@yulydasing,mention,0,twitter
yulydasing,@mudjiono_easy3,mention,0,twitter
aenjizzzy,@indibiz_id,mention,0,twitter
aenjizzzy,@hildabjb,mention,0,twitter
aenjizzzy,@bagostyo,mention,0,twitter
aenjizzzy,@jelitairna,mention,0,twitter
tenesa_telkom,@mhasbullahhuda,mention,0,twitter
adevavade,@yudrayi,mention,0,twitter
ussytya,@nita_cantik21,mention,0,twitter
natali4rose,@indibiz_id,mention,0,twitter
natali4rose,@zzahraxyz,mention,0,twitter
natali4rose,@mahrez54,mention,0,twitter
natali4rose,@rais_amat,mention,0,twitter
adevavade,@easyifau,mention,0,twitter
adevavade,@bayipatrik,mention,0,twitter
alebelpuza,@indibiz_id,mention,0,twitter
alebelpuza,@sairan355629,mention,0,twitter
alebelpuza,@sanjayaroni283,mention,0,twitter
alebelpuza,@wardoyowijayaa,mention,0,twitter
gilpra21,@ghazi_giandra,mention,0,twitter
gilpra21,@natali4rose,mention,0,twitter
wroulas,@tenesa_telkom,mention,0,twitter
wroulas,@riskiwahyudi,mention,0,twitter
wroulas,@indrasilva509,mention,0,twitter
wroulas,@tinisimang25373,mention,0,twitter
nursantil2492,@indibiz_id,mention,0,twitter
nursantil2492,@yunisilfia44820,mention,0,twitter
nursantil2492,@denisimanj49745,mention,0,twitter
nursantil2492,@herisibuea87131,mention,0,twitter
nursantil2492,@junisilva_14,mention,0,twitter
nursantil2492,@rudisinyo291069,mention,0,twitter
nursantil2492,@rikasimamora3,mention,0,twitter
sulfanigandur,@indibiz_id,mention,0,twitter
sulfanigandur,@darylcyrus16,mention,0,twitter
sulfanigandur,@methachita,mention,0,twitter
sulfanigandur,@b_younggrims,mention,0,twitter
sdyaaz_win99,@indibiz_id,mention,0,twitter
sdyaaz_win99,@bayipatrik,mention,0,twitter
sdyaaz_win99,@lee_ndraaa,mention,0,twitter
sdyaaz_win99,@ningmeutia,mention,0,twitter
sdyaaz_win99,@rizkyarum92,mention,0,twitter
sdyaaz_win99,@wineediar_,mention,0,twitter
sdyaaz_win99,@dinkazikra,mention,0,twitter
isminofianti,@indibiz_kalsel,mention,0,twitter
putriatitut,@bighoki_lindari,mention,0,twitter
putriatitut,@blessputri,mention,0,twitter
putriatitut,@aryabudiyana,mention,0,twitter
mudjiono_easy3,@indibiz_kalsel,mention,0,twitter
mudjiono_easy3,@yulydasing,mention,0,twitter
mudjiono_easy3,@mudjiono_easy3,mention,0,twitter
indibiz_borneo,@indibiz_kalsel,mention,0,twitter
indibiz_borneo,@yulydasing,mention,0,twitter
indibiz_borneo,@mudjiono_easy3,mention,0,twitter
kotabarury53843,@indibiz_id,mention,0,twitter
kotabarury53843,@brugmansia_,mention,0,twitter
indibiz_borneo,@diniprratiwi,mention,0,twitter
indibiz_borneo,@ranidevita,mention,0,twitter
nabillarizkya8,@indibiz_id,mention,0,twitter
nabillarizkya8,@sintaplestari,mention,0,twitter
nabillarizkya8,@dediyuneldi,mention,0,twitter
nabillarizkya8,@ri_rembulan,mention,0,twitter
bundarisa28,@azullannd24,mention,0,twitter
bundarisa28,@devanamzah,mention,0,twitter
bundarisa28,@rizonemohamad,mention,0,twitter
bundarisa28,@andjrew_,mention,0,twitter
bundarisa28,@purplekalei,mention,0,twitter
indibizjbn,@najibsamin,mention,0,twitter
indibizjbn,@telkomsel,mention,0,twitter
indibizjbn,@indibiz_id,mention,0,twitter
indibizjbn,@telkomindonesia,mention,0,twitter
yaakulahaku,@put_anand,mention,0,twitter
yaakulahaku,@birubilubi,mention,0,twitter
yaakulahaku,@gowdenrod,mention,0,twitter
najibsamin,@telkomsel,mention,0,twitter
najibsamin,@indibiz_id,mention,0,twitter
najibsamin,@indibizjbn,mention,0,twitter
telkomsel,@najibsamin,mention,0,twitter
telkomsel,@indibizjbn,mention,0,twitter
adesmardi,@reenasg_97_,mention,0,twitter
adesmardi,@fitriafebrn,mention,0,twitter
adesmardi,@adhy_ndeso,mention,0,twitter
alia_syt,@indibiz_id,mention,0,twitter
alia_syt,@yumchamini,mention,0,twitter
alia_syt,@badawiwoho,mention,0,twitter
alia_syt,@maura_arica,mention,0,twitter
aninghaile,@indibiz_id,mention,0,twitter
aninghaile,@ayuriselle,mention,0,twitter
aninghaile,@darmiko88,mention,0,twitter
aninghaile,@zzahraxyz,mention,0,twitter
diiarisme,@yharasya,mention,0,twitter
diknandiswara,@katadaniii_,mention,0,twitter
diknandiswara,@raradwiyy27,mention,0,twitter
diknandiswara,@anoviapebriia,mention,0,twitter
ningsih822,@indibiz_id,mention,0,twitter
ningsih822,@_nina_maryana,mention,0,twitter
ningsih822,@nayanara30,mention,0,twitter
ningsih822,@ririnoriatin,mention,0,twitter
purplekalei,@indibiz_id,mention,0,twitter
purplekalei,@devanamzah,mention,0,twitter
purplekalei,@bundarisa28,mention,0,twitter
purplekalei,@rizonemohamad,mention,0,twitter
purplekalei,@andjrew_,mention,0,twitter
purplekalei,@purplekalei,mention,0,twitter
sdyaaz_win99,@afnirahma98,mention,0,twitter
sdyaaz_win99,@aishwabaha2022,mention,0,twitter
sdyaaz_win99,@kxxclypii_,mention,0,twitter
dyahayuindrie,@indibiz_id,mention,0,twitter
dyahayuindrie,@hefni_madani,mention,0,twitter
dyahayuindrie,@setianiianis,mention,0,twitter
dyahayuindrie,@maulaa313,mention,0,twitter
saya_dani28,@indibiz_id,mention,0,twitter
saya_dani28,@desemberd80838,mention,0,twitter
saya_dani28,@kofzume,mention,0,twitter
saya_dani28,@juzmung,mention,0,twitter
gatawani,@indibiz_id,mention,0,twitter
gatawani,@tianthehunter92,mention,0,twitter
gatawani,@dianmoha12,mention,0,twitter
gatawani,@ameliawy26,mention,0,twitter
wineediar_,@woodymolky48,mention,0,twitter
wineediar_,@afnirahma98,mention,0,twitter
wineediar_,@annisaluxs,mention,0,twitter
rofianisari,@indibiz_id,mention,0,twitter
rofianisari,@kristinayntr,mention,0,twitter
rofianisari,@arumwahyu29,mention,0,twitter
rofianisari,@risniaismi,mention,0,twitter
ooops_srah,@indibiz_id,mention,0,twitter
donibinairawan3,@indibiz_id,mention,0,twitter
donibinairawan3,@rizkinurdians18,mention,0,twitter
donibinairawan3,@fadleyzam,mention,0,twitter
donibinairawan3,@apriyonopuji,mention,0,twitter
kira90s,@sisitiw,mention,0,twitter
kira90s,@widiwidiiw,mention,0,twitter
kira90s,@ikakurnia65,mention,0,twitter
enihsuhenih,@indibiz_id,mention,0,twitter
enihsuhenih,@linda__nda,mention,0,twitter
enihsuhenih,@pratamagin,mention,0,twitter
enihsuhenih,@ada_l96,mention,0,twitter
mulyasarijaya,@hendriewijaya,mention,0,twitter
mulyasarijaya,@neng_sophie,mention,0,twitter
mulyasarijaya,@sadebakomer,mention,0,twitter
ririnoriatin,@indibiz_id,mention,0,twitter
ririnoriatin,@axyd22y,mention,0,twitter
ririnoriatin,@gina_nur99,mention,0,twitter
ririnoriatin,@nayanara30,mention,0,twitter
fawwazyamani,@jovianbiaro,mention,0,twitter
adeverse24,@munoist,mention,0,twitter
adeverse24,@khikhichic,mention,0,twitter
adeverse24,@tyasdelia,mention,0,twitter
sanjayaroni283,@nafizashilmi,mention,0,twitter
sanjayaroni283,@anisrokhati,mention,0,twitter
lee_ndraaa,@aishwabaha2022,mention,0,twitter
lee_ndraaa,@farikhahnoor92,mention,0,twitter
lee_ndraaa,@naelsha07,mention,0,twitter
baimchan9,@indibiz_id,mention,0,twitter
baimchan9,@aldokhan77,mention,0,twitter
baimchan9,@andayani_lolita,mention,0,twitter
baimchan9,@irvanjoe22,mention,0,twitter
dewmustika82,@lee_ndraaa,mention,0,twitter
dewmustika82,@muhamadariepr,mention,0,twitter
devanamzah,@devanamzah,mention,0,twitter
aishwabaha2022,@devanamzah,mention,0,twitter
aishwabaha2022,@bundarisa28,mention,0,twitter
aishwabaha2022,@rizonemohamad,mention,0,twitter
aishwabaha2022,@andjrew_,mention,0,twitter
aishwabaha2022,@purplekalei,mention,0,twitter
dewmustika82,@lany_oke,mention,0,twitter
misshestyy,@indibiz_id,mention,0,twitter
misshestyy,@ayukaidah,mention,0,twitter
misshestyy,@yuk_nikha,mention,0,twitter
misshestyy,@abetwuland28177,mention,0,twitter
dindshr,@indibiz_id,mention,0,twitter
dindshr,@devanamzah,mention,0,twitter
dindshr,@bundarisa28,mention,0,twitter
dindshr,@rizonemohamad,mention,0,twitter
dindshr,@andjrew_,mention,0,twitter
dindshr,@purplekalei,mention,0,twitter
adhy_ndeso,@indibiz_id,mention,0,twitter
adhy_ndeso,@rifa_ndi27,mention,0,twitter
adhy_ndeso,@lany_oke,mention,0,twitter
adhy_ndeso,@agusnug1995,mention,0,twitter
indibizkti,@indibiz,mention,0,twitter
ketikanmaya,@indibiz_id,mention,0,twitter
ketikanmaya,@devanamzah,mention,0,twitter
ketikanmaya,@bundarisa28,mention,0,twitter
ketikanmaya,@rizonemohamad,mention,0,twitter
ketikanmaya,@andjrew_,mention,0,twitter
ketikanmaya,@purplekalei,mention,0,twitter
ikankembungg044,@indibiz_id,mention,0,twitter
ikankembungg044,@imrankhanpti,mention,0,twitter
ikankembungg044,@indibizcare,mention,0,twitter
ikankembungg044,@haidilaoq,mention,0,twitter
ikankembungg044,@clowvry,mention,0,twitter
ikankembungg044,@marieasywinn,mention,0,twitter
fitriyanti925,@dewalova_ieiend,mention,0,twitter
irmas8320,@indibiz_id,mention,0,twitter
irmas8320,@ahmad_haer,mention,0,twitter
irmas8320,@yudidiw_,mention,0,twitter
irmas8320,@yopanandre,mention,0,twitter
abdiahmad87,@devanamzah,mention,0,twitter
abdiahmad87,@bundarisa28,mention,0,twitter
abdiahmad87,@rizonemohamad,mention,0,twitter
abdiahmad87,@andjrew_,mention,0,twitter
abdiahmad87,@purplekalei,mention,0,twitter
oreyyo___,@indibiz_id,mention,0,twitter
oreyyo___,@oktavianisrh,mention,0,twitter
oreyyo___,@ameliawy26,mention,0,twitter
oreyyo___,@ekkadhomiri,mention,0,twitter
ai_firzha,@sanjayaroni283,mention,0,twitter
ai_firzha,@nas_sikin10,mention,0,twitter
ai_firzha,@rinrin82779740,mention,0,twitter
bundarisa28,@rin179184,mention,0,twitter
rin179184,@devanamzah,mention,0,twitter
rin179184,@bundarisa28,mention,0,twitter
rin179184,@rizonemohamad,mention,0,twitter
rin179184,@andjrew_,mention,0,twitter
rin179184,@purplekalei,mention,0,twitter
floriwit,@devanamzah,mention,0,twitter
floriwit,@bundarisa28,mention,0,twitter
floriwit,@rizonemohamad,mention,0,twitter
floriwit,@andjrew_,mention,0,twitter
floriwit,@purplekalei,mention,0,twitter
catherina_fany,@indibiz_id,mention,0,twitter
catherina_fany,@ekadhiant,mention,0,twitter
catherina_fany,@wyrne_rola,mention,0,twitter
catherina_fany,@susisantyj,mention,0,twitter
rizkaharleni,@indibiz_id,mention,0,twitter
rizkaharleni,@sofie_abadi,mention,0,twitter
rizkaharleni,@anita_inu,mention,0,twitter
rizkaharleni,@anizunih,mention,0,twitter
garagekh,@indibiz_id,mention,0,twitter
garagekh,@duta,mention,0,twitter
garagekh,@tyas,mention,0,twitter
garagekh,@tasya,mention,0,twitter
indibiz_id,@devanamzah,mention,0,twitter
indibiz_id,@bundarisa28,mention,0,twitter
indibiz_id,@rizonemohamad,mention,0,twitter
indibiz_id,@andjrew_,mention,0,twitter
indibiz_id,@purplekalei,mention,0,twitter
ijoel_wae,@indibiz_id,mention,0,twitter
ijoel_wae,@aghna_na,mention,0,twitter
ijoel_wae,@aprinatri11,mention,0,twitter
ijoel_wae,@srini_16,mention,0,twitter
rin179184,@ainurnur02,mention,0,twitter
rin179184,@anggapriana17,mention,0,twitter
bundarisa28,@bundarisa28,mention,0,twitter
4lbert_sm,@febyanigusti,mention,0,twitter
4lbert_sm,@fayza_rasyid,mention,0,twitter
4lbert_sm,@riyanti_marie,mention,0,twitter
meliaclairre,@elfathan26_ar,mention,0,twitter
meliaclairre,@yenniherawati9,mention,0,twitter
meliaclairre,@amie08mie,mention,0,twitter
prstw_indah,@dewalova_ieiend,mention,0,twitter
hryt_riaa,@riyanti_marie,mention,0,twitter
hryt_riaa,@fitriyanti925,mention,0,twitter
hryt_riaa,@goenroos,mention,0,twitter
bundarisa28,@myuzzzzzz,mention,0,twitter
bundarisa28,@raniyuningsih96,mention,0,twitter
prstw_indah,@dee_wiwien,mention,0,twitter
hitung123,@indibiz_id,mention,0,twitter
hitung123,@andayany82,mention,0,twitter
hitung123,@bachrainy98,mention,0,twitter
hitung123,@fannyafrizal86,mention,0,twitter
naelsha07,@indibiz_id,mention,0,twitter
naelsha07,@rizqisya14,mention,0,twitter
naelsha07,@rizkyarum92,mention,0,twitter
naelsha07,@riyanti_marie,mention,0,twitter
omank_merysa,@niachoerniati,mention,0,twitter
omank_merysa,@nugraharizkia28,mention,0,twitter
omank_merysa,@nonkpadila99020,mention,0,twitter
naelsha07,@jurianyycha,mention,0,twitter
naelsha07,@squashdel,mention,0,twitter
naelsha07,@masdanang28,mention,0,twitter
bambang112334,@indibiz_id,mention,0,twitter
bambang112334,@henzanura,mention,0,twitter
bambang112334,@lyestari,mention,0,twitter
bambang112334,@dwiputri2312,mention,0,twitter
3reflian_fam,@indibiz_id,mention,0,twitter
3reflian_fam,@wiindaa_16,mention,0,twitter
3reflian_fam,@paparaissa19,mention,0,twitter
3reflian_fam,@aagunawan_,mention,0,twitter
aryabudiyana,@henzanura,mention,0,twitter
aryabudiyana,@martha_pvk1,mention,0,twitter
aryabudiyana,@andjrew_,mention,0,twitter
damar_psikologi,@ai_firzha,mention,0,twitter
vnyfe,@indibiz_id,mention,0,twitter
vnyfe,@velisaku,mention,0,twitter
vnyfe,@sitisannah,mention,0,twitter
vnyfe,@ndyviolita,mention,0,twitter
nuraeni40359747,@just_me_na_,mention,0,twitter
hen29drik,@indibiz_id,mention,0,twitter
hen29drik,@fha_mf,mention,0,twitter
hen29drik,@nanda_fibri,mention,0,twitter
hen29drik,@dewiayse123,mention,0,twitter
shelaar22,@indibiz_id,mention,0,twitter
shelaar22,@yulindandut_,mention,0,twitter
shelaar22,@rahayudar,mention,0,twitter
shelaar22,@dwiranii_r,mention,0,twitter
indibiz_borneo,@zhef_77,mention,0,twitter
indibiz_borneo,@cempluk_yuni,mention,0,twitter
buterrcream,@indibiz_id,mention,0,twitter
buterrcream,@laper_terus,mention,0,twitter
buterrcream,@racunnini,mention,0,twitter
buterrcream,@alsaaspill,mention,0,twitter
rinrin82779740,@indibiz_id,mention,0,twitter
rinrin82779740,@nuraeni40359747,mention,0,twitter
rinrin82779740,@ai_firzha,mention,0,twitter
rinrin82779740,@sanjayaroni283,mention,0,twitter
kinashnara,@indibiz_id,mention,0,twitter
kinashnara,@rihanaputr80496,mention,0,twitter
kinashnara,@mang_gayu17,mention,0,twitter
aishwabaha2022,@afnirahma98,mention,0,twitter
aishwabaha2022,@wineediar_,mention,0,twitter
amie08mie,@indibiz_id,mention,0,twitter
rizonemohamad,@kokokr8,mention,0,twitter
rizonemohamad,@damar_psikologi,mention,0,twitter
herliinaaa27,@indibiz_id,mention,0,twitter
herliinaaa27,@aishwabaha2022,mention,0,twitter
herliinaaa27,@dyh81parna,mention,0,twitter
herliinaaa27,@rupacita_my_id,mention,0,twitter
herliinaaa27,@amy96jaya,mention,0,twitter
herliinaaa27,@panggil_iam1005,mention,0,twitter
herliinaaa27,@pungkysl19,mention,0,twitter
travelaffyu,@indibiz_id,mention,0,twitter
travelaffyu,@giantitan1,mention,0,twitter
travelaffyu,@uniulaya,mention,0,twitter
travelaffyu,@heraiska,mention,0,twitter
travelaffyu,@mamarachmi,mention,0,twitter
travelaffyu,@yodanar,mention,0,twitter
travelaffyu,@butuhkode,mention,0,twitter
darmiko88,@lukmana_online,mention,0,twitter
darmiko88,@safitaffan,mention,0,twitter
darmiko88,@renarenaw_55,mention,0,twitter
kospin_pinjam,@indibiz_id,mention,0,twitter
kospin_pinjam,@lalayzdy60316,mention,0,twitter
kospin_pinjam,@hajar,mention,0,twitter
kospin_pinjam,@lilastroboy,mention,0,twitter
yeniabiex,@missdazilan,mention,0,twitter
yeniabiex,@a234_ri,mention,0,twitter
ddiigr,@erieirawan,mention,0,twitter
muhamad_yusuf32,@indibiz_id,mention,0,twitter
muhamad_yusuf32,@gitakarina97,mention,0,twitter
muhamad_yusuf32,@syienhayadi,mention,0,twitter
muhamad_yusuf32,@m_masjay,mention,0,twitter
kireifeline,@ekawahyu864,mention,0,twitter
kireifeline,@izza132,mention,0,twitter
kireifeline,@liliksusiati_6,mention,0,twitter
silviaysd,@indibiz_id,mention,0,twitter
silviaysd,@alfasyafi,mention,0,twitter
silviaysd,@silviaagusti,mention,0,twitter
silviaysd,@sarah_pavell,mention,0,twitter
meliaclairre,@aishwabaha2022,mention,0,twitter
meliaclairre,@lee_ndraaa,mention,0,twitter
meliaclairre,@naelsha07,mention,0,twitter
antonmuls,@adisthi_nur,mention,0,twitter
antonmuls,@ernaathar,mention,0,twitter
argentianaa,@indibiz_id,mention,0,twitter
argentianaa,@wikamandaa,mention,0,twitter
argentianaa,@dewalova_ieiend,mention,0,twitter
argentianaa,@putriwiki_90,mention,0,twitter
isminofianti,@indibiz_id,mention,0,twitter
isminofianti,@aligalendo_,mention,0,twitter
isminofianti,@srini_16,mention,0,twitter
isminofianti,@novitapuspita19,mention,0,twitter
yuk_nikha,@hryt_riaa,mention,0,twitter
yuk_nikha,@ijoel_wae,mention,0,twitter
yuk_nikha,@fina_chindev,mention,0,twitter
hetywulandari8,@indibiz_id,mention,0,twitter
hetywulandari8,@suciindhsari,mention,0,twitter
hetywulandari8,@dindaarumn,mention,0,twitter
hetywulandari8,@ujanan_,mention,0,twitter
rosalinafahmi,@indibiz_id,mention,0,twitter
rosalinafahmi,@tiara_gadis,mention,0,twitter
rosalinafahmi,@iwajima,mention,0,twitter
rosalinafahmi,@disa_cj,mention,0,twitter
moietchance,@rainbowcakezz,mention,0,twitter
sulisdewi49,@indibiz_id,mention,0,twitter
sulisdewi49,@wcindy8,mention,0,twitter
sulisdewi49,@anadaaaaa,mention,0,twitter
sulisdewi49,@disyawii,mention,0,twitter
nikekurniawt,@indibiz_id,mention,0,twitter
nikekurniawt,@ya_sipayung,mention,0,twitter
nikekurniawt,@adeiia_gailea,mention,0,twitter
nikekurniawt,@nurkholifah25,mention,0,twitter
fadhila_fadhi,@indibiz_id,mention,0,twitter
fadhila_fadhi,@aghniawan24_,mention,0,twitter
fadhila_fadhi,@maryaniruhukail,mention,0,twitter
fadhila_fadhi,@yasrizaltanjun2,mention,0,twitter
rikarifanti84,@fannyafrizal86,mention,0,twitter
rikarifanti84,@andayany82,mention,0,twitter
rikarifanti84,@murdhany88,mention,0,twitter
dewii_nasadaria,@indibiz_id,mention,0,twitter
dewii_nasadaria,@panggil_iam1005,mention,0,twitter
dewii_nasadaria,@ibnu_nugraha28,mention,0,twitter
dewii_nasadaria,@rizkyarum92,mention,0,twitter
hallopebbles,@indibiz_id,mention,0,twitter
hallopebbles,@pranjustines,mention,0,twitter
nengdwicahya,@santyciu,mention,0,twitter
nengdwicahya,@gendoknisa,mention,0,twitter
gatawani,@helvhy94,mention,0,twitter
gatawani,@lee_ndraaa,mention,0,twitter
gatawani,@panggil_iam1005,mention,0,twitter
just_me_na_,@indibiz_id,mention,0,twitter
just_me_na_,@nafizashilmi,mention,0,twitter
just_me_na_,@fadhila_fadhi,mention,0,twitter
just_me_na_,@aghniawan24_,mention,0,twitter
tamamayoo,@indibiz_id,mention,0,twitter
tamamayoo,@cjlestari,mention,0,twitter
tamamayoo,@ika_febby,mention,0,twitter
tamamayoo,@ardiansyahmh,mention,0,twitter
dwamaraji,@cendoldegan,mention,0,twitter
dwamaraji,@sinurind,mention,0,twitter
dwamaraji,@prazz_kha,mention,0,twitter
beyicat,@indibiz_id,mention,0,twitter
beyicat,@faninurfadilla4,mention,0,twitter
beyicat,@vselessly,mention,0,twitter
beyicat,@dilllumar,mention,0,twitter
beyicat,@_shiqiii,mention,0,twitter
beyicat,@won0xuuu,mention,0,twitter
beyicat,@0xluckyvicky,mention,0,twitter
liezdrew_,@indibiz_id,mention,0,twitter
liezdrew_,@apawinterus,mention,0,twitter
liezdrew_,@nangim___,mention,0,twitter
liezdrew_,@ansrahma30,mention,0,twitter
indibiz_id,@dinkazikra,mention,0,twitter
indibiz_id,@indibizcare,mention,0,twitter
indibiz_id,@bintangkmardn,mention,0,twitter
indibiz_id,@raihanpadlan,mention,0,twitter
indibiz_id,@pamjis,mention,0,twitter
indibiz_id,@alnurangelica,mention,0,twitter
indibiz_id,@devikrisdiana,mention,0,twitter
indibiz_id,@kiaraarsy,mention,0,twitter
indibiz_id,@sharleenneta,mention,0,twitter
angraensety,@zatunnisanur,mention,0,twitter
martha_pvk1,@henzanura,mention,0,twitter
alamandail,@diileeeee,mention,0,twitter
inguskumeler,@indibiz_id,mention,0,twitter
inguskumeler,@sintaaa,mention,0,twitter
inguskumeler,@lisandrmartinez,mention,0,twitter
inguskumeler,@dinatokio,mention,0,twitter
yellowegg00000,@indibiz_id,mention,0,twitter
yellowegg00000,@j_martha95,mention,0,twitter
yellowegg00000,@evans_kim67,mention,0,twitter
yellowegg00000,@carmen_rojas7,mention,0,twitter
basbas_190,@indibiz_id,mention,0,twitter
basbas_190,@0xeastymev4,mention,0,twitter
basbas_190,@_banyu_biru21,mention,0,twitter
basbas_190,@agigeriapriandi,mention,0,twitter
pinginselaluwin,@indibiz_id,mention,0,twitter
pinginselaluwin,@athi_erwin,mention,0,twitter
pinginselaluwin,@dinata_eva04,mention,0,twitter
pinginselaluwin,@emakraindirga,mention,0,twitter
is_pelssy,@indibiz_id,mention,0,twitter
is_pelssy,@aagunawan_,mention,0,twitter
is_pelssy,@masfajar115,mention,0,twitter
is_pelssy,@paparaissa19,mention,0,twitter
nayanara30,@indibiz_id,mention,0,twitter
nayanara30,@anggapriana17,mention,0,twitter
nayanara30,@ririnoriatin,mention,0,twitter
nayanara30,@gina_nur99,mention,0,twitter
bayukirana7,@nandaelok,mention,0,twitter
marcodef99,@aldokhan77,mention,0,twitter
marcodef99,@ayumisalbilah,mention,0,twitter
goenroos,@siraru_,mention,0,twitter
goenroos,@squashdel,mention,0,twitter
goenroos,@kartiika26,mention,0,twitter
febyanigusti,@indibiz_id,mention,0,twitter
febyanigusti,@yuk_nikha,mention,0,twitter
febyanigusti,@woodeiy,mention,0,twitter
febyanigusti,@fongrus,mention,0,twitter
rantisulasmy,@indibiz_id,mention,0,twitter
rantisulasmy,@febyanigusti,mention,0,twitter
rantisulasmy,@annajmussaaqib,mention,0,twitter
rantisulasmy,@woodymolky48,mention,0,twitter
tridesisundari,@indibiz_id,mention,0,twitter
tridesisundari,@meili76moruk,mention,0,twitter
tridesisundari,@dewalova_ieiend,mention,0,twitter
tridesisundari,@firnandoirin,mention,0,twitter
ketikanmaya,@textcicicuit,mention,0,twitter
ketikanmaya,@martha_pvk1,mention,0,twitter
ketikanmaya,@hii_aleena,mention,0,twitter
f_rock97,@indibiz_id,mention,0,twitter
f_rock97,@wiindaa_1613,mention,0,twitter
f_rock97,@akun_wangi01,mention,0,twitter
f_rock97,@ekawahyu864,mention,0,twitter
mrahmat81,@yadhootx,mention,0,twitter
07nanas,@indibiz_id,mention,0,twitter
07nanas,@yadinesian,mention,0,twitter
07nanas,@meili76moruk,mention,0,twitter
07nanas,@iznieocti,mention,0,twitter
aldokhan77,@indibiz_id,mention,0,twitter
aldokhan77,@rafikas29866726,mention,0,twitter
aldokhan77,@nissakamrun,mention,0,twitter
aldokhan77,@tridesisundari,mention,0,twitter
watitrisnawat14,@indibiz_id,mention,0,twitter
watitrisnawat14,@tunisasyif2569,mention,0,twitter
watitrisnawat14,@wawan19101974,mention,0,twitter
watitrisnawat14,@dkss012,mention,0,twitter
miszbek,@indibiz_id,mention,0,twitter
miszbek,@siraru_,mention,0,twitter
miszbek,@ameliawy26,mention,0,twitter
miszbek,@purwaningrum12,mention,0,twitter
biancabint6539,@indibiz_id,mention,0,twitter
biancabint6539,@gatau_siih,mention,0,twitter
biancabint6539,@sorali_lali,mention,0,twitter
biancabint6539,@bilahoesen,mention,0,twitter
ani_winnerr,@ninikwage,mention,0,twitter
biancabint6539,@wisemakemak,mention,0,twitter
biancabint6539,@faninurfadilla4,mention,0,twitter
biancabint6539,@tsonghyekyo,mention,0,twitter
yourtami97,@indibiz_id,mention,0,twitter
yourtami97,@sdyaaz_win99,mention,0,twitter
yourtami97,@wineediar_,mention,0,twitter
dyanasantiera,@indibiz_id,mention,0,twitter
wulan_easy3,@indibiz_id,mention,0,twitter
wulan_easy3,@mudjiono_easy3,mention,0,twitter
wulan_easy3,@panggil_iam1005,mention,0,twitter
wulan_easy3,@kkkidschanel1,mention,0,twitter
dailywinda,@indibiz_id,mention,0,twitter
dailywinda,@cemilan24,mention,0,twitter
dailywinda,@hijrawathyy96,mention,0,twitter
dailywinda,@blue_harmonic,mention,0,twitter
seahalberd_,@indibiz_id,mention,0,twitter
seahalberd_,@pitriaryan12,mention,0,twitter
seahalberd_,@my_name_mmt,mention,0,twitter
seahalberd_,@miradewi060,mention,0,twitter
unprettyh0e,@rvocozh,mention,0,twitter
unprettyh0e,@tycoxn,mention,0,twitter
nkd_kinoy,@indibiz_id,mention,0,twitter
nkd_kinoy,@dokyeomunpad,mention,0,twitter
nkd_kinoy,@yoendewa,mention,0,twitter
unprettybae,@iklimsutra,mention,0,twitter
dhie3187,@blue_harmonic,mention,0,twitter
titatiram,@indibiz_id,mention,0,twitter
chionyctophilee,@indibiz_id,mention,0,twitter
chionyctophilee,@cutekyungie12,mention,0,twitter
chionyctophilee,@stephaniputrii,mention,0,twitter
chionyctophilee,@loeyzie_,mention,0,twitter
runaga21,@indibiz_id,mention,0,twitter
kalulutmeratus,@indibiz_id,mention,0,twitter
kalulutmeratus,@squashdel,mention,0,twitter
kalulutmeratus,@afnirahma98,mention,0,twitter
kalulutmeratus,@annajmussaaqib,mention,0,twitter
_ayinun,@indibiz_id,mention,0,twitter
_ayinun,@hidayatsport,mention,0,twitter
diaszei,@indibiz_id,mention,0,twitter
diaszei,@misscaucuit,mention,0,twitter
wikamandaa,@annajmussaaqib,mention,0,twitter
wikamandaa,@arhacetamo,mention,0,twitter
wikamandaa,@argentianaa,mention,0,twitter
mixberriesssss,@farikhahnoor92,mention,0,twitter
mixberriesssss,@itswangiwins,mention,0,twitter
mixberriesssss,@maulaa313,mention,0,twitter
lyv_view,@21nrja,mention,0,twitter
lyv_view,@charism_web3,mention,0,twitter
lyv_view,@ajapekhadanta,mention,0,twitter
andayani_lolita,@indibiz_id,mention,0,twitter
andayani_lolita,@audian1379,mention,0,twitter
andayani_lolita,@lee_ndraaa,mention,0,twitter
andayani_lolita,@meillymeyaja,mention,0,twitter
hidayatsport,@indibiz_id,mention,0,twitter
ayumisalbilah,@indibiz_id,mention,0,twitter
ayumisalbilah,@marcodef99,mention,0,twitter
ayumisalbilah,@irvanjoe22,mention,0,twitter
ayumisalbilah,@devanamzah,mention,0,twitter
fitriafebrn,@indibiz_id,mention,0,twitter
fitriafebrn,@syaputri_dhika,mention,0,twitter
fitriafebrn,@raahmahsuci,mention,0,twitter
fitriafebrn,@ekozawir,mention,0,twitter
sebatianchan,@ayumisalbilah,mention,0,twitter
sebatianchan,@dieeka_90,mention,0,twitter
kenthusmbois,@indibiz,mention,0,twitter
mang_gayu17,@indibiz_jtdiy,mention,0,twitter
indibizjbn,@smkn1pasuruan,mention,0,twitter
pujilestar94,@indibiz_jtdiy,mention,0,twitter
pujilestar94,@rizkyarum92,mention,0,twitter
santyciu,@indibiz_jtdiy,mention,0,twitter
santyciu,@kartiika26,mention,0,twitter
telkommojokerto,@arigatousahi,mention,0,twitter
aishwabaha2022,@indibiz_jtdiy,mention,0,twitter
aishwabaha2022,@tunisasyif2569,mention,0,twitter
dhie3187,@indibiz_jtdiy,mention,0,twitter
dhie3187,@yunimeliaa,mention,0,twitter
fitriyanti925,@indibiz_jtdiy,mention,0,twitter
fitriyanti925,@rahmiwm,mention,0,twitter
fitriyanti925,@ratuwuri,mention,0,twitter
fitriyanti925,@1906erzan,mention,0,twitter
fitriyanti925,@axyd22y,mention,0,twitter
fitriyanti925,@cempluk_yuni,mention,0,twitter
wedangteh,@indibiz,mention,0,twitter
wroulas,@nursantil2492,mention,0,twitter
wroulas,@myranieta,mention,0,twitter
wroulas,@marshyanurhusna,mention,0,twitter
wroulas,@syakiranurilahi,mention,0,twitter
limnistik,@morgankatalia,mention,0,twitter
ddiigr,@indibiz,mention,0,twitter
indibiz_id,@santaidulugaes,mention,0,twitter
indibiz_id,@argobroe,mention,0,twitter
indibiz_id,@laniengrum,mention,0,twitter
indibiz_id,@aska_aria,mention,0,twitter
indibizjbn,@nursantil2492,mention,0,twitter
indibizjbn,@myranieta,mention,0,twitter
indibizjbn,@marshyanurhusna,mention,0,twitter
indibizjbn,@syakiranurilahi,mention,0,twitter
reinhaver484,@indibiz_id,mention,0,twitter
denistwitt3r,@indibiz_kalsel,mention,0,twitter
diiarisme,@indibiz,mention,0,twitter
diiarisme,@indibiz_jtdiy,mention,0,twitter
diiarisme,@donidaf,mention,0,twitter
diiarisme,@365daysofseeing,mention,0,twitter
denistwitt3r,@indibiz_borneo,mention,0,twitter
denistwitt3r,@yulianisa_yn,mention,0,twitter
denistwitt3r,@fatmarosyda,mention,0,twitter
indibiz_id,@tenesa_telkom,mention,0,twitter
zatunnisanur,@indibiz_jtdiy,mention,0,twitter
zatunnisanur,@bayipatrik,mention,0,twitter
zatunnisanur,@syifaputrili,mention,0,twitter
zatunnisanur,@angraensety,mention,0,twitter
masfajar115,@indibiz_jtdiy,mention,0,twitter
murdhany88,@indibiz_jtdiy,mention,0,twitter
indibiz_id,@bukankatasandi,mention,0,twitter
indibiz_id,@sugengprayogi79,mention,0,twitter
indibiz_id,@beatbiru97,mention,0,twitter
indibiz_id,@loviemaharani,mention,0,twitter
indibiz_id,@erceperose,mention,0,twitter
indibiz_id,@misswulans,mention,0,twitter
indibiz_id,@diptastory,mention,0,twitter
rizarin_anugrah,@indibizkti,mention,0,twitter
rizarin_anugrah,@riri_priyatna,mention,0,twitter
indibiz_id,@cottoncwandyz,mention,0,twitter
indibiz_id,@nazhira_np,mention,0,twitter
indibiz_id,@ndarie,mention,0,twitter
indibiz_id,@seruaza,mention,0,twitter
indibiz_id,@rinsa99,mention,0,twitter
indibiz_id,@luphle,mention,0,twitter
lee_ndraaa,@indibiz_borneo,mention,0,twitter
lee_ndraaa,@indibiz_kalsel,mention,0,twitter
lee_ndraaa,@wiindaa_16,mention,0,twitter
lee_ndraaa,@ycin0709,mention,0,twitter
wirajustisia28,@indibizkti,mention,0,twitter
wirajustisia28,@anitaanwar_,mention,0,twitter
wirajustisia28,@afnirahma98,mention,0,twitter
wirajustisia28,@annajmussaaqib,mention,0,twitter
purplekalei,@cottoncwandyz,mention,0,twitter
purplekalei,@rinsa99,mention,0,twitter
purplekalei,@luphle,mention,0,twitter
cottoncwandyz,@indibiz_id,mention,0,twitter
cottoncwandyz,@nazhira_np,mention,0,twitter
cottoncwandyz,@ndarie,mention,0,twitter
cottoncwandyz,@seruaza,mention,0,twitter
erceperose,@indibiz_id,mention,0,twitter
erceperose,@purplekalei,mention,0,twitter
erceperose,@misswulans,mention,0,twitter
erceperose,@diptastory,mention,0,twitter
mimisalami58,@indibiz_id,mention,0,twitter
mimisalami58,@river5ong,mention,0,twitter
mimisalami58,@violet_moon80,mention,0,twitter
mimisalami58,@afiqapraba,mention,0,twitter
santaidulugaes,@indibiz_id,mention,0,twitter
santaidulugaes,@argobroe,mention,0,twitter
santaidulugaes,@laniengrum,mention,0,twitter
santaidulugaes,@aska_aria,mention,0,twitter
bukankatasandi,@indibiz_id,mention,0,twitter
bukankatasandi,@sugengprayogi79,mention,0,twitter
bukankatasandi,@beatbiru97,mention,0,twitter
bukankatasandi,@loviemaharani,mention,0,twitter
trisusanti61877,@indibiz_id,mention,0,twitter
trisusanti61877,@dee_wiwien,mention,0,twitter
trisusanti61877,@renarenaw_55,mention,0,twitter
trisusanti61877,@wineediar_,mention,0,twitter
trisusanti61877,@ycin0709,mention,0,twitter
trisusanti61877,@yudiunge93_,mention,0,twitter
nalarinjani,@pendarsunyi,mention,0,twitter
nalarinjani,@mamaaska88,mention,0,twitter
nalarinjani,@bundanyashafiqa,mention,0,twitter
cuansip,@indibiz_id,mention,0,twitter
cuansip,@ouwlivia,mention,0,twitter
cuansip,@sinurind,mention,0,twitter
cuansip,@bukitberbintang,mention,0,twitter
dwamaraji,@bukankatasandi,mention,0,twitter
dwamaraji,@cacabatiqa,mention,0,twitter
izhaadam96,@indibiz_kalsel,mention,0,twitter
mrkleea1fth,@indibiz_borneo,mention,0,twitter
mrkleea1fth,@indibiz_kalsel,mention,0,twitter
mrkleea1fth,@keiluckybigwin,mention,0,twitter
mrkleea1fth,@kalearcchive,mention,0,twitter
mrkleea1fth,@soonxbigwin,mention,0,twitter
rexcomputer,@indibiz_id,mention,0,twitter
gatawani,@yura16730,mention,0,twitter
gatawani,@herumawanpa,mention,0,twitter
gatawani,@prasko03,mention,0,twitter
donevshar,@indibiz_id,mention,0,twitter
donevshar,@basbas_190,mention,0,twitter
donevshar,@herlinawati73,mention,0,twitter
donevshar,@idaelfitriyah,mention,0,twitter
herlinawati73,@indibiz_id,mention,0,twitter
herlinawati73,@asep_gorbasev,mention,0,twitter
herlinawati73,@trisusanti61877,mention,0,twitter
herlinawati73,@imascucu1954,mention,0,twitter
gatawani,@rullyandrian__,mention,0,twitter
gatawani,@rin179184,mention,0,twitter
basbas_190,@anisanishaputri,mention,0,twitter
basbas_190,@badaruddinnrul,mention,0,twitter
wiindaa_16,@indibiz_kalsel,mention,0,twitter
alebelpuza,@indibiz_kalsel,mention,0,twitter
elannuary,@indibiz_id,mention,0,twitter
elannuary,@gatawani,mention,0,twitter
elannuary,@meliaclairre,mention,0,twitter
elannuary,@nida_ugly,mention,0,twitter
firnandoirin,@wirajustisia28,mention,0,twitter
firnandoirin,@wineediar_,mention,0,twitter
firnandoirin,@wiindaa_16,mention,0,twitter
indibiz_id,@firnandoirin,mention,0,twitter
indibiz_id,@afnirahma98,mention,0,twitter
indibiz_id,@fitriyanti925,mention,0,twitter
indibiz_id,@yudiunge93_,mention,0,twitter
firnandoirin,@ycin0709,mention,0,twitter
firnandoirin,@axyd22y,mention,0,twitter
firnandoirin,@fitriyanti925,mention,0,twitter
danasitiami,@indibiz_id,mention,0,twitter
danasitiami,@argentianaa,mention,0,twitter
danasitiami,@dwsas7,mention,0,twitter
danasitiami,@bunaami,mention,0,twitter
danasitiami,@n4jw4aura,mention,0,twitter
yoso351m,@indibizkti,mention,0,twitter
yoso351m,@rizkyarum92,mention,0,twitter
yoso351m,@axyd22y,mention,0,twitter
yoso351m,@maulaa313,mention,0,twitter
maulaa313,@nuansalika,mention,0,twitter
maulaa313,@afnirahma98,mention,0,twitter
maulaa313,@mang_gayu17,mention,0,twitter
mrkleea1fth,@indibiz_id,mention,0,twitter
mrkleea1fth,@indibizkti,mention,0,twitter
woonbinaddict,@indibiz_id,mention,0,twitter
woonbinaddict,@keiluckybigwin,mention,0,twitter
woonbinaddict,@kalearcchive,mention,0,twitter
woonbinaddict,@soonxbigwin,mention,0,twitter
woonbinaddict,@indibiz_kalsel,mention,0,twitter
1l0vingskies,@indibiz_kalsel,mention,0,twitter
waveeyys00,@indibiz_kalsel,mention,0,twitter
rizpawaka,@indibiz_kalsel,mention,0,twitter
rizpawaka,@indibiz_jtdiy,mention,0,twitter
rizpawaka,@kyleprass07,mention,0,twitter
aishwabaha2022,@pujilestar94,mention,0,twitter
aishwabaha2022,@zzahraxyz,mention,0,twitter
anitariskamelia,@indibiz_id,mention,0,twitter
anitariskamelia,@fausilio,mention,0,twitter
anitariskamelia,@ristinatintun,mention,0,twitter
anitariskamelia,@irfan2617,mention,0,twitter
evanth37,@fr3dityo,mention,0,twitter
rangkulsalira,@indibiz_id,mention,0,twitter
rangkulsalira,@agusciktgm,mention,0,twitter
rangkulsalira,@donevshar,mention,0,twitter
rangkulsalira,@hefunlati,mention,0,twitter
infebriyan128,@indibizkti,mention,0,twitter
infebriyan128,@masfajar115,mention,0,twitter
infebriyan128,@erlanishere,mention,0,twitter
infebriyan128,@ande__loemoet,mention,0,twitter
ijamokoagow,@indibizkti,mention,0,twitter
ijamokoagow,@gipaz_ayudia,mention,0,twitter
ijamokoagow,@nafizashilmi,mention,0,twitter
ijamokoagow,@nurna0990,mention,0,twitter
luckykeys7_,@indibiz_id,mention,0,twitter
luckykeys7_,@keiluckybigwin,mention,0,twitter
luckykeys7_,@kalearcchive,mention,0,twitter
luckykeys7_,@soonxbigwin,mention,0,twitter
luckykeys7_,@indibiz_kalsel,mention,0,twitter
luckykeys7_,@indibizkti,mention,0,twitter
4lbert_sm,@ishq_rara,mention,0,twitter
argentianaa,@_shiqiii,mention,0,twitter
argentianaa,@won0xuuu,mention,0,twitter
argentianaa,@0xluckyvicky,mention,0,twitter
woodeiy,@indibizkti,mention,0,twitter
woodeiy,@eta73_,mention,0,twitter
woodeiy,@dieliatin,mention,0,twitter
woodeiy,@meili76moruk,mention,0,twitter
adevavade,@khailani12,mention,0,twitter
masfajar115,@infebriyan128,mention,0,twitter
masfajar115,@maulaa313,mention,0,twitter
masfajar115,@firnandoirin,mention,0,twitter
srini_16,@indibizkti,mention,0,twitter
srini_16,@masfajar115,mention,0,twitter
srini_16,@hanjeli_,mention,0,twitter
srini_16,@ratnad24,mention,0,twitter
adevavade,@tianthehunter92,mention,0,twitter
adevavade,@putuiu,mention,0,twitter
ijoel_wae,@indibiz_kalsel,mention,0,twitter
raniia_nianiu,@indibiz_id,mention,0,twitter
raniia_nianiu,@afnirahma98,mention,0,twitter
raniia_nianiu,@ayukaidah,mention,0,twitter
raniia_nianiu,@kxxclypii_,mention,0,twitter
nandaarsyat,@indibiz_id,mention,0,twitter
nandaarsyat,@ameliahasana,mention,0,twitter
nandaarsyat,@meliaoktavianti,mention,0,twitter
nandaarsyat,@siskayuliy,mention,0,twitter
lee_ndraaa,@haechanmine6620,mention,0,twitter
lee_ndraaa,@yudrayi,mention,0,twitter
elylsian,@indibiz_id,mention,0,twitter
elylsian,@afnirahma98,mention,0,twitter
elylsian,@agilriego,mention,0,twitter
adeverse24,@agistagina,mention,0,twitter
adeverse24,@ellis_muhlis,mention,0,twitter
adeverse24,@amaliad_s,mention,0,twitter
mudjiono_easy3,@indibizkti,mention,0,twitter
mudjiono_easy3,@paparaissa19,mention,0,twitter
mudjiono_easy3,@panggil_iam1005,mention,0,twitter
mudjiono_easy3,@wulan_easy3,mention,0,twitter
die_adhie,@mojes_ca,mention,0,twitter
enihsuhenih,@sisitiw,mention,0,twitter
enihsuhenih,@widiwidiiw,mention,0,twitter
enihsuhenih,@ikakurnia65,mention,0,twitter
indibiz_id,@hastono_yeri,mention,0,twitter
indibiz_id,@anita_inu,mention,0,twitter
indibiz_id,@anto9990,mention,0,twitter
indibiz_id,@yankee_chacha,mention,0,twitter
indibiz_id,@maura_arica,mention,0,twitter
indibiz_id,@alia_syt,mention,0,twitter
indibiz_id,@badawiwoho,mention,0,twitter
indibiz_id,@yumchamini,mention,0,twitter
maura_arica,@indibiz_id,mention,0,twitter
maura_arica,@alia_syt,mention,0,twitter
maura_arica,@badawiwoho,mention,0,twitter
maura_arica,@yumchamini,mention,0,twitter
aghniawan24_,@indibiz_id,mention,0,twitter
aghniawan24_,@maryaniruhukail,mention,0,twitter
aghniawan24_,@yanti_baladjam,mention,0,twitter
aghniawan24_,@imkiaaaaaa7,mention,0,twitter
glazzyoyo,@indibiz_id,mention,0,twitter
dwngraini,@indibiz_id,mention,0,twitter
dwngraini,@rezkyilham1,mention,0,twitter
ddiigr,@indibiz_jtdiy,mention,0,twitter
ddiigr,@missdazilan,mention,0,twitter
ddiigr,@wyndaanl,mention,0,twitter
matcha_sich,@indibiz_id,mention,0,twitter
matcha_sich,@binzelnut,mention,0,twitter
matcha_sich,@ch4rmingsidee,mention,0,twitter
matcha_sich,@wafaanida,mention,0,twitter
kumikowin,@indibiz_id,mention,0,twitter
kumikowin,@berrybear____,mention,0,twitter
kumikowin,@nyunbee,mention,0,twitter
kumikowin,@dewalova_ieiend,mention,0,twitter
hadipranoto89,@indibiz_id,mention,0,twitter
hadipranoto89,@haechanmine6620,mention,0,twitter
hadipranoto89,@rizkyarum92,mention,0,twitter
hadipranoto89,@lee_ndraaa,mention,0,twitter
pujilestar94,@jumadi097,mention,0,twitter
pujilestar94,@ijoel_wae,mention,0,twitter
alamandail,@indibiz_jtdiy,mention,0,twitter
alamandail,@errmylladwy,mention,0,twitter
alamandail,@mays_azza,mention,0,twitter
alamandail,@nuningwdr_,mention,0,twitter
yolfernan92,@indibiz_jtdiy,mention,0,twitter
yolfernan92,@laksamanayoung,mention,0,twitter
anisahdam,@indibiz_jtdiy,mention,0,twitter
anisahdam,@ranidevita,mention,0,twitter
anisahdam,@pgirilaya,mention,0,twitter
anisahdam,@laksamanayoung,mention,0,twitter
laksamanayoung,@indibiz_jtdiy,mention,0,twitter
antonmuls,@indibiz_jtdiy,mention,0,twitter
antonmuls,@tanisazah,mention,0,twitter
nengdwicahya,@indibiz_jtdiy,mention,0,twitter
xx12en_new,@indibiz_jtdiy,mention,0,twitter
argentianaa,@indibiz_jtdiy,mention,0,twitter
woodymolky48,@indibiz_jtdiy,mention,0,twitter
woodymolky48,@yudidiw_,mention,0,twitter
woodymolky48,@squashdel,mention,0,twitter
rizonemohamad,@indibiz_jtdiy,mention,0,twitter
rizonemohamad,@gomet88,mention,0,twitter
mahrez54,@indibiz_borneo,mention,0,twitter
mahrez54,@indibiz_kalsel,mention,0,twitter
angraensety,@indibiz_jtdiy,mention,0,twitter
aghna_na,@indibiz_id,mention,0,twitter
aghna_na,@yasrizaltanjun2,mention,0,twitter
aghna_na,@laylatyass_,mention,0,twitter
aghna_na,@rohiminiman,mention,0,twitter
aghna_na,@indibiz_jtdiy,mention,0,twitter
aghna_na,@fadhila_fadhi,mention,0,twitter
thepanduras,@indibiz_jtdiy,mention,0,twitter
darapramesa,@indibiz_jtdiy,mention,0,twitter
goenroos,@indibiz_jtdiy,mention,0,twitter
goenroos,@v_lnd,mention,0,twitter
lisaulfa11,@asyifatuluzma,mention,0,twitter
lisaulfa11,@tinanakris,mention,0,twitter
lisaulfa11,@talida_bella,mention,0,twitter
lisaulfa11,@indibiz_kalsel,mention,0,twitter
alebelpuza,@rahayuningsihd,mention,0,twitter
alebelpuza,@fatim4h53,mention,0,twitter
alebelpuza,@aligalendo_,mention,0,twitter
indibiz_jtdiy,@maudi_nadina,mention,0,twitter
andjrew_,@indibiz_id,mention,0,twitter
andjrew_,@nanalsnn94,mention,0,twitter
andjrew_,@ibnu_nugraha28,mention,0,twitter
andjrew_,@dewalova_ieiend,mention,0,twitter
dre_yann,@indibiz_id,mention,0,twitter
dre_yann,@mieyamiennn,mention,0,twitter
dre_yann,@yadinesian,mention,0,twitter
dre_yann,@hermavvan,mention,0,twitter
andjrew_,@indibizkti,mention,0,twitter
andjrew_,@pujilestar94,mention,0,twitter
andjrew_,@puspa_wiwik,mention,0,twitter
andjrew_,@rizonemohamad,mention,0,twitter
hani6gk,@bananeauty,mention,0,twitter
hani6gk,@serly_zuhri,mention,0,twitter
adevavade,@lee_ndraaa,mention,0,twitter
adevavade,@haruyataby,mention,0,twitter
amy96jaya,@indibiz_kalsel,mention,0,twitter
blooming63,@zaskiaam92,mention,0,twitter
adevavade,@ayulariw,mention,0,twitter
mastiah_winwin,@indibiz_id,mention,0,twitter
mastiah_winwin,@rihanaputr80496,mention,0,twitter
mastiah_winwin,@robain_bai59203,mention,0,twitter
mastiah_winwin,@sofie_abadi,mention,0,twitter
mastiah_winwin,@dealova_in,mention,0,twitter
mastiah_winwin,@mabarmomen,mention,0,twitter
mastiah_winwin,@aldokhan77,mention,0,twitter
mastiah_winwin,@hanindyafeb,mention,0,twitter
mastiah_winwin,@ouwlivia,mention,0,twitter
adevavade,@zerli_tiara,mention,0,twitter
indibiz_pwt,@inguskumeler,mention,0,twitter
indibiz_pwt,@pujilestar94,mention,0,twitter
indibiz_pwt,@nanay_lani,mention,0,twitter
dhikabach04,@inguskumeler,mention,0,twitter
dhikabach04,@pujilestar94,mention,0,twitter
dhikabach04,@nanay_lani,mention,0,twitter
adevavade,@nadiasavirad,mention,0,twitter
ambiatallenta,@indibiz_id,mention,0,twitter
ambiatallenta,@rinaldpintara,mention,0,twitter
ambiatallenta,@naazmy,mention,0,twitter
ambiatallenta,@raihanpadlan,mention,0,twitter
indibizcare,@febritriharmoko,mention,0,twitter
indibizcare,@indibiz_id,mention,0,twitter
indibizcare,@telkomindonesia,mention,0,twitter
rizonemohamad,@indibizkti,mention,0,twitter
rikarifanti84,@indibiz_kalsel,mention,0,twitter
romlidodi,@indibiz_jtdiy,mention,0,twitter
romlidodi,@anti_nafingah,mention,0,twitter
romlidodi,@boediantar4,mention,0,twitter
romlidodi,@araitulaki,mention,0,twitter
rikarifanti84,@indibizkti,mention,0,twitter
ahmad_haer,@indibiz_kalsel,mention,0,twitter
ahmad_haer,@indibiz_id,mention,0,twitter
ahmad_haer,@tytriyana_16,mention,0,twitter
ahmad_haer,@irmas8320,mention,0,twitter
ahmad_haer,@raradwiyy27,mention,0,twitter
pujilestar94,@indibiz_kalsel,mention,0,twitter
santyciu,@indibizkti,mention,0,twitter
indibiz_sumalut,@komdigi,mention,0,twitter
kinashnara,@tytriyana_16,mention,0,twitter
kinashnara,@watitrisnawat14,mention,0,twitter
upi_upi07,@indibiz_id,mention,0,twitter
upi_upi07,@ycin0709,mention,0,twitter
upi_upi07,@yusuf_mrd00,mention,0,twitter
upi_upi07,@inikazoki,mention,0,twitter
trisusanti61877,@indibiz_kalsel,mention,0,twitter
watitrisnawat14,@nuraeni40359747,mention,0,twitter
bayukirana7,@indibiz_kalsel,mention,0,twitter
bayukirana7,@wagyu,mention,0,twitter
bayukirana7,@justsilly,mention,0,twitter
dealova_in,@indibiz_kalsel,mention,0,twitter
woodymolky48,@hanjeli_,mention,0,twitter
woodymolky48,@paparaissa19,mention,0,twitter
jangwawandrew,@indibiz_id,mention,0,twitter
jangwawandrew,@captain_vlog,mention,0,twitter
jangwawandrew,@itsnickhorton,mention,0,twitter
jangwawandrew,@itsbrandonszc,mention,0,twitter
wulan_ndarie99,@indibiz_id,mention,0,twitter
wulan_ndarie99,@cwsre,mention,0,twitter
wulan_ndarie99,@14mkin,mention,0,twitter
wulan_ndarie99,@hyuckellsec,mention,0,twitter
bundarisa28,@indibizkti,mention,0,twitter
bundarisa28,@srini_16,mention,0,twitter
bundarisa28,@dyh81parna,mention,0,twitter
bundarisa28,@rizkyarum92,mention,0,twitter
dailywinda,@hizrawatyy96,mention,0,twitter
dailywinda,@liezdrew_,mention,0,twitter
ai_firzha,@indibiz_kalsel,mention,0,twitter
rin179184,@indibiz_kalsel,mention,0,twitter
cqwqk,@indibiz_id,mention,0,twitter
cqwqk,@hanifabqary,mention,0,twitter
cqwqk,@n1aars,mention,0,twitter
cqwqk,@cqwqk,mention,0,twitter
rizonemohamad,@indibiz_kalsel,mention,0,twitter
malazulaika,@abdultaslim_777,mention,0,twitter
malazulaika,@kartika75534257,mention,0,twitter
malazulaika,@setianiianis,mention,0,twitter
dyh81parna,@indibiz_kalsel,mention,0,twitter
sdyaaz_win99,@srie809,mention,0,twitter
sdyaaz_win99,@adisthi_nur,mention,0,twitter
sdyaaz_win99,@murdhany88,mention,0,twitter
sdyaaz_win99,@hamiah_rahman31,mention,0,twitter
sdyaaz_win99,@woodymolky48,mention,0,twitter
sdyaaz_win99,@hanjeli_,mention,0,twitter
sipalingmario,@indibiz_kalsel,mention,0,twitter
runaga21,@indibiz_kalsel,mention,0,twitter
hanjeli_,@indibiz_kalsel,mention,0,twitter
liansluk,@indibiz_borneo,mention,0,twitter
liansluk,@indibiz_kalsel,mention,0,twitter
darmiko88,@indibiz_kalsel,mention,0,twitter
aishwabaha2022,@ibnu_nugraha28,mention,0,twitter
aishwabaha2022,@sdyaaz_win99,mention,0,twitter
aishwabaha2022,@isminofianti,mention,0,twitter
momogvrl_,@indibizkti,mention,0,twitter
momogvrl_,@mlongsuga,mention,0,twitter
momogvrl_,@amnajeon,mention,0,twitter
momogvrl_,@minimonijk,mention,0,twitter
rivtya17,@07nanas,mention,0,twitter
rivtya17,@ari_salman10,mention,0,twitter
rivtya17,@akagehikaru,mention,0,twitter
yagadigi,@indibiz_kalsel,mention,0,twitter
rivtya17,@indibiz_kalsel,mention,0,twitter
uwoooh,@yagadigi,mention,0,twitter
rizkyarum92,@indibiz_kalsel,mention,0,twitter
galaxybusi24454,@indibiz_jabar,mention,0,twitter
galaxybusi24454,@indibizcare,mention,0,twitter
bayukirana7,@indibizkti,mention,0,twitter
ijamokoagow,@indibiz_id,mention,0,twitter
ijamokoagow,@anisa__nisha012,mention,0,twitter
ijamokoagow,@nengdwicahya,mention,0,twitter
dyanasantiera,@yolfernan92,mention,0,twitter
kireifeline,@myilyluv,mention,0,twitter
kireifeline,@wiindaa_16,mention,0,twitter
strawbubu_,@indibiz_id,mention,0,twitter
strawbubu_,@roses_for_cica,mention,0,twitter
strawbubu_,@lovingjihooniee,mention,0,twitter
strawbubu_,@hanalauna,mention,0,twitter
charism_web3,@indibiz_id,mention,0,twitter
ddiigr,@diekakasandy,mention,0,twitter
ddiigr,@indibiz_kalsel,mention,0,twitter
yadinesian,@indibiz_kalsel,mention,0,twitter
ddiigr,@indibizkti,mention,0,twitter
hadipranoto89,@indibiz_kalsel,mention,0,twitter
firnandoirin,@nicsap,mention,0,twitter
hasan_basri48,@indibiz_id,mention,0,twitter
hasan_basri48,@nicsap,mention,0,twitter
hasan_basri48,@firnandoirin,mention,0,twitter
hasan_basri48,@kakamu,mention,0,twitter
santyciu,@indibiz_kalsel,mention,0,twitter
santyciu,@kamellope,mention,0,twitter
santyciu,@yunimeliaa,mention,0,twitter
santyciu,@indibiz_id,mention,0,twitter
santyciu,@hananurhan,mention,0,twitter
mrahmat81,@indibizkti,mention,0,twitter
mrahmat81,@rais_amat,mention,0,twitter
mrahmat81,@kokokr8,mention,0,twitter
tridesisundari,@rantisulasmy,mention,0,twitter
tridesisundari,@mrahmat81,mention,0,twitter
tridesisundari,@aldokhan77,mention,0,twitter
_ayinun,@indibiz_kalsel,mention,0,twitter
nextlann,@indibizkti,mention,0,twitter
nextlann,@sakha_syabil,mention,0,twitter
nextlann,@putripoed30,mention,0,twitter
nextlann,@theseanscoop,mention,0,twitter
adevavade,@ditnugro,mention,0,twitter
dhie3187,@indibizkti,mention,0,twitter
alamandail,@indibizkti,mention,0,twitter
itsmee_diniiii,@indibizkti,mention,0,twitter
chionyctophilee,@indibizkti,mention,0,twitter
chionyctophilee,@giveaway,mention,0,twitter
yulydasing,@indibiz_id,mention,0,twitter
yulydasing,@ibnu_nugraha28,mention,0,twitter
yulydasing,@bachrainy98,mention,0,twitter
yulydasing,@murdhany88,mention,0,twitter
is_pelssy,@indibiz_borneo,mention,0,twitter
is_pelssy,@indibiz_kalsel,mention,0,twitter
is_pelssy,@saqilanita,mention,0,twitter
is_pelssy,@kalulutmeratus,mention,0,twitter
is_pelssy,@naelsha07,mention,0,twitter
likaqeela,@indibiz_id,mention,0,twitter
likaqeela,@cattobina,mention,0,twitter
likaqeela,@luckyforelf,mention,0,twitter
likaqeela,@mastwers,mention,0,twitter
antonmuls,@indibiz_kalsel,mention,0,twitter
radianttt_armor,@indibiz_kalsel,mention,0,twitter
radianttt_armor,@darafatika_,mention,0,twitter
radianttt_armor,@syifa05062020,mention,0,twitter
dewii_nasadaria,@aishwabaha2022,mention,0,twitter
annajmussaaqib,@indibiz_borneo,mention,0,twitter
annajmussaaqib,@indibiz_kalsel,mention,0,twitter
annajmussaaqib,@lianalianaku,mention,0,twitter
irmas8320,@indibiz_borneo,mention,0,twitter
irmas8320,@indibiz_kalsel,mention,0,twitter
irmas8320,@is_pelssy,mention,0,twitter
irmas8320,@piscvely,mention,0,twitter
irmas8320,@wineediar_,mention,0,twitter
irmas8320,@ranidevita,mention,0,twitter
irmas8320,@haesheera,mention,0,twitter
annajmussaaqib,@afnirahma98,mention,0,twitter
annajmussaaqib,@ratnaaekaa,mention,0,twitter
annajmussaaqib,@cimolmilky,mention,0,twitter
firnandoirin,@indibiz_borneo,mention,0,twitter
firnandoirin,@indibiz_kalsel,mention,0,twitter
firnandoirin,@akusiapa__y,mention,0,twitter
meili76moruk,@indibiz_id,mention,0,twitter
meili76moruk,@fatt_tweet,mention,0,twitter
meili76moruk,@ozifaozi16,mention,0,twitter
meili76moruk,@07nanas,mention,0,twitter
alamandail,@indibiz_kalsel,mention,0,twitter
raniia_nianiu,@indibiz_borneo,mention,0,twitter
raniia_nianiu,@indibiz_kalsel,mention,0,twitter
raniia_nianiu,@panggil_iam1005,mention,0,twitter
yaakulahaku,@sar_tikamunthe,mention,0,twitter
yaakulahaku,@intan_khalif,mention,0,twitter
yaakulahaku,@rillaalbi,mention,0,twitter
del5u,@indibiz_kalsel,mention,0,twitter
del5u,@indibiz_borneo,mention,0,twitter
irmadianpermata,@indibiz_id,mention,0,twitter
irmadianpermata,@aji_pratama_,mention,0,twitter
irmadianpermata,@abdoelaz_,mention,0,twitter
irmadianpermata,@safii7977,mention,0,twitter
lee_ndraaa,@wineediar_,mention,0,twitter
sairan355629,@indibiz_borneo,mention,0,twitter
sairan355629,@indibiz_kalsel,mention,0,twitter
sairan355629,@yudrayi,mention,0,twitter
sairan355629,@fannyafrizal86,mention,0,twitter
sairan355629,@sdyaaz_win99,mention,0,twitter
darafatika_,@indibiz_id,mention,0,twitter
darafatika_,@irmas8320,mention,0,twitter
darafatika_,@vinakuswari_,mention,0,twitter
darafatika_,@alebelpuza,mention,0,twitter
darafatika_,@naelsha07,mention,0,twitter
darafatika_,@kxxclypii_,mention,0,twitter
darafatika_,@piscvely,mention,0,twitter
darafatika_,@anita_inu,mention,0,twitter
darafatika_,@radianttt_armor,mention,0,twitter
darafatika_,@diknandiswara,mention,0,twitter
rinrin82779740,@indibiz_kalsel,mention,0,twitter
rin179184,@anisrokhati,mention,0,twitter
vievie_salindri,@indibiz_kalsel,mention,0,twitter
ditqt_,@indibiz_kalsel,mention,0,twitter
widya_0996,@indibiz_id,mention,0,twitter
widya_0996,@cicimarethaw,mention,0,twitter
widya_0996,@agustina_jkt,mention,0,twitter
widya_0996,@meili76moruk,mention,0,twitter
syifawin_17,@indibiz_borneo,mention,0,twitter
syifawin_17,@indibiz_kalsel,mention,0,twitter
syifawin_17,@wiindaa_16,mention,0,twitter
syifawin_17,@ai_firzha,mention,0,twitter
mrahmat81,@dealova_in,mention,0,twitter
mrahmat81,@mabarmomen,mention,0,twitter
mrahmat81,@aldokhan77,mention,0,twitter
mrahmat81,@hanindyafeb,mention,0,twitter
mrahmat81,@ouwlivia,mention,0,twitter
sartikazara,@indibiz_kalsel,mention,0,twitter
woodymolky48,@indibiz_kalsel,mention,0,twitter
infokupedia,@bkstoria,mention,0,twitter
dannyramda8535,@indibiz_id,mention,0,twitter
naelsha07,@mama_ummar87,mention,0,twitter
naelsha07,@miswins,mention,0,twitter
yellowegg00000,@indibiz_borneo,mention,0,twitter
yellowegg00000,@indibiz_kalsel,mention,0,twitter
ijoel_wae,@ishq_rara,mention,0,twitter
ijoel_wae,@cempluk_yuni,mention,0,twitter
endra_prayoga,@sar_tikamunthe,mention,0,twitter
bianikah,@indibiz_kalsel,mention,0,twitter
yaakulahaku,@indibiz_kalsel,mention,0,twitter
yaakulahaku,@indibiz_borneo,mention,0,twitter
thepanduras,@indibiz_kalsel,mention,0,twitter
adhy_ndeso,@rahmahaini86,mention,0,twitter
titatiram,@indibiz_kalsel,mention,0,twitter
dealova_in,@ameliawy26,mention,0,twitter
dealova_in,@mabarmomen,mention,0,twitter
dealova_in,@aldokhan77,mention,0,twitter
dealova_in,@hanindyafeb,mention,0,twitter
dealova_in,@ouwlivia,mention,0,twitter
darapramesa,@indibiz_kalsel,mention,0,twitter
ameliawy26,@indibiz_id,mention,0,twitter
ameliawy26,@dealova_in,mention,0,twitter
ameliawy26,@mabarmomen,mention,0,twitter
ameliawy26,@aldokhan77,mention,0,twitter
ameliawy26,@hanindyafeb,mention,0,twitter
ameliawy26,@ouwlivia,mention,0,twitter
rinnatantri,@indibiz_kalsel,mention,0,twitter
m_mahendrajkt48,@indibiz_kalsel,mention,0,twitter
wide_win8,@indibiz_id,mention,0,twitter
wide_win8,@rachmat_88,mention,0,twitter
wide_win8,@auliaindraswar8,mention,0,twitter
wide_win8,@rizkaharleni,mention,0,twitter
nuraeni40359747,@indibiz_kalsel,mention,0,twitter
wide_win8,@indibiz_borneo,mention,0,twitter
wide_win8,@indibiz_kalsel,mention,0,twitter
momogvrl_,@indibiz_borneo,mention,0,twitter
momogvrl_,@indibiz_kalsel,mention,0,twitter
rantisulasmy,@indibiz_borneo,mention,0,twitter
rantisulasmy,@indibiz_kalsel,mention,0,twitter
rantisulasmy,@mrahmat81,mention,0,twitter
rantisulasmy,@tridesisundari,mention,0,twitter
rantisulasmy,@_nina_maryana,mention,0,twitter
katadaniii_,@indibiz_kalsel,mention,0,twitter
upi_upi07,@indibiz_kalsel,mention,0,twitter
upi_upi07,@indibiz_borneo,mention,0,twitter
iday4g,@indibiz_kalsel,mention,0,twitter
uwoooh,@indibiz_kalsel,mention,0,twitter
inguskumeler,@indibiz_kalsel,mention,0,twitter
hidayatsport,@indibiz_kalsel,mention,0,twitter
hjumol18424,@indibiz_id,mention,0,twitter
sayrenst,@rahma92808360,mention,0,twitter
sayrenst,@lintangwening,mention,0,twitter
sayrenst,@akun_wangi01,mention,0,twitter
yaelahhje,@indibiz_id,mention,0,twitter
yaelahhje,@ishq_rara,mention,0,twitter
yaelahhje,@faa1207,mention,0,twitter
yaelahhje,@woodeiy,mention,0,twitter
sayrenst,@indibiz_borneo,mention,0,twitter
sayrenst,@indibiz_kalsel,mention,0,twitter
sayrenst,@dyh81parna,mention,0,twitter
sayrenst,@rizkyarum92,mention,0,twitter
ranidevita,@laksamanayoung,mention,0,twitter
ranidevita,@indibiz_kalsel,mention,0,twitter
diiarisme,@indibiz_kalsel,mention,0,twitter
diiarisme,@indibiz_borneo,mention,0,twitter
diiarisme,@rustandi1212,mention,0,twitter
diiarisme,@rullyanasukarya,mention,0,twitter
dwimaharrani9,@indibiz_id,mention,0,twitter
dwimaharrani9,@herdianss_,mention,0,twitter
dwimaharrani9,@novitaaaaasr,mention,0,twitter
dwimaharrani9,@deviirf,mention,0,twitter
raniyuningsih96,@indibiz_kalsel,mention,0,twitter
dhie3187,@indibiz_kalsel,mention,0,twitter
melvvin_b,@indibiz_kalsel,mention,0,twitter
melvvin_b,@indibiz_borneo,mention,0,twitter
melvvin_b,@arifah_nuriss26,mention,0,twitter
die_adhie,@indibiz_kalsel,mention,0,twitter
ditqt_,@herliinaaa27,mention,0,twitter
ditqt_,@ekawahyu864,mention,0,twitter
ditqt_,@anisriayunita,mention,0,twitter
murdhany88,@indibiz_kalsel,mention,0,twitter
bundarisa28,@indibiz_kalsel,mention,0,twitter
ibnu_nugraha28,@indibiz_kalsel,mention,0,twitter
ndastarlit,@indibiz_id,mention,0,twitter
ndastarlit,@march_ali,mention,0,twitter
ndastarlit,@cicisyaputri2,mention,0,twitter
ndastarlit,@ghiri_ngawi,mention,0,twitter
fadhila_fadhi,@fuji_namira,mention,0,twitter
fadhila_fadhi,@jokotolefillah,mention,0,twitter
fadhila_fadhi,@rohiminiman,mention,0,twitter
indibiz_id,@zahramaliaaa,mention,0,twitter
indibiz_id,@hamiah_rahman31,mention,0,twitter
indibiz_id,@voogeevic,mention,0,twitter
indibiz_id,@pujirahayu86_,mention,0,twitter
momogvrl_,@indibiz_id,mention,0,twitter
indibiz_id,@momogvrl_,mention,0,twitter
indibiz_id,@mlongsuga,mention,0,twitter
indibiz_id,@amnajeon,mention,0,twitter
indibiz_id,@minimonijk,mention,0,twitter
zahramaliaaa,@hamiah_rahman31,mention,0,twitter
zahramaliaaa,@voogeevic,mention,0,twitter
zahramaliaaa,@pujirahayu86_,mention,0,twitter
raniimaulidy,@indibiz_id,mention,0,twitter
raniimaulidy,@panggil_iam1005,mention,0,twitter
raniimaulidy,@iday4g,mention,0,twitter
raniimaulidy,@darafatika_,mention,0,twitter
abdiahmad87,@ikenday,mention,0,twitter
abdiahmad87,@q_zip11,mention,0,twitter
rinrin82779740,@rin179184,mention,0,twitter
rinrin82779740,@rizqisya14,mention,0,twitter
rinrin82779740,@anissus71053095,mention,0,twitter
sanjayaroni283,@ai_firzha,mention,0,twitter
charism_web3,@21nrja,mention,0,twitter
charism_web3,@lyv_view,mention,0,twitter
charism_web3,@diablo_prm,mention,0,twitter
romlidodi,@indibiz_id,mention,0,twitter
romlidodi,@ch_chotimah2,mention,0,twitter
martha_pvk1,@fatt_tweet,mention,0,twitter
martha_pvk1,@falishaa123,mention,0,twitter
sebatianchan,@dnasut1on,mention,0,twitter
sebatianchan,@lukmana_online,mention,0,twitter
radianttt_armor,@wanina_ajja90,mention,0,twitter
andayani_lolita,@aaryatama11,mention,0,twitter
andayani_lolita,@devy_laras,mention,0,twitter
andayani_lolita,@udin_seduniaa17,mention,0,twitter
ibnu_nugraha28,@dealova_in,mention,0,twitter
ibnu_nugraha28,@dyh81parna,mention,0,twitter
diknandiswara,@yunimeliaa,mention,0,twitter
diknandiswara,@enjeltiana,mention,0,twitter
malazulaika,@nafizashilmi,mention,0,twitter
melvvin_b,@mba_kajol,mention,0,twitter
hryt_riaa,@mieyamiennn,mention,0,twitter
hryt_riaa,@tychy_ry,mention,0,twitter
hryt_riaa,@matcha_sich,mention,0,twitter
akhfajrin,@indibiz_id,mention,0,twitter
akhfajrin,@abierpan,mention,0,twitter
akhfajrin,@peaceminusmoree,mention,0,twitter
akhfajrin,@paparaissa19,mention,0,twitter
adevavade,@s_des22,mention,0,twitter
akunkokgitu15,@indibiz_id,mention,0,twitter
akunkokgitu15,@3reflian_fam,mention,0,twitter
akunkokgitu15,@jukirich,mention,0,twitter
akunkokgitu15,@argentianaa,mention,0,twitter
don___moms,@indibiz_id,mention,0,twitter
don___moms,@anie_ilmal,mention,0,twitter
don___moms,@jinggasavana_,mention,0,twitter
don___moms,@zumanavy,mention,0,twitter
devanamzah,@aaryatama11,mention,0,twitter
devanamzah,@denisozan95,mention,0,twitter
nursantil2492,@indibizjbn,mention,0,twitter
lyv_view,@anakbaikumiabi,mention,0,twitter
fikriarya98,@indibiz_id,mention,0,twitter
fikriarya98,@novitapitul,mention,0,twitter
fikriarya98,@fidiadp,mention,0,twitter
fikriarya98,@yoyodia_,mention,0,twitter
mixberriesssss,@tinanakris,mention,0,twitter
mixberriesssss,@bunnyeazyy,mention,0,twitter
mixberriesssss,@rohimahd79,mention,0,twitter
vievie_salindri,@indibiz_id,mention,0,twitter
vievie_salindri,@dealova_in,mention,0,twitter
vievie_salindri,@mabarmomen,mention,0,twitter
vievie_salindri,@aldokhan77,mention,0,twitter
vievie_salindri,@hanindyafeb,mention,0,twitter
vievie_salindri,@ouwlivia,mention,0,twitter
nursantil2492,@indibizpapua,mention,0,twitter
woodymolky48,@yourtami97,mention,0,twitter
angraensety,@angraensety,mention,0,twitter
gatawani,@muttaqiwira,mention,0,twitter
gatawani,@mooch_yusa,mention,0,twitter
gatawani,@sriningsih2106,mention,0,twitter
gatawani,@tinanah27,mention,0,twitter
gatawani,@gunadi5160,mention,0,twitter
gatawani,@irmas8320,mention,0,twitter
diniandija,@indibiz_id,mention,0,twitter
diniandija,@baimchan9,mention,0,twitter
diniandija,@_bams_64,mention,0,twitter
diniandija,@dewmustika82,mention,0,twitter
liansluk,@indibiz_id,mention,0,twitter
seahalberd_,@farikhahnoor92,mention,0,twitter
seahalberd_,@baksosenja,mention,0,twitter
seahalberd_,@saepulohcjr,mention,0,twitter
fayzakan1a,@indibiz_id,mention,0,twitter
fayzakan1a,@nuraishahputri,mention,0,twitter
fayzakan1a,@adewrah,mention,0,twitter
fayzakan1a,@riyaniemutiara,mention,0,twitter
defixry,@indibiz_id,mention,0,twitter
defixry,@hamiss06,mention,0,twitter
defixry,@snacktictac,mention,0,twitter
defixry,@watitrisna51,mention,0,twitter
is_pelssy,@3reflian_fam,mention,0,twitter
rantisulasmy,@ayukaidah,mention,0,twitter
rantisulasmy,@ayuniadesty,mention,0,twitter
rosee_verre,@indibizjbn,mention,0,twitter
alamandail,@forabisheka,mention,0,twitter
infebriyan128,@indibiz_id,mention,0,twitter
infebriyan128,@srie809,mention,0,twitter
infebriyan128,@herliinaaa27,mention,0,twitter
infebriyan128,@orangedjeruk,mention,0,twitter
2mazing93,@indibiz_id,mention,0,twitter
2mazing93,@ratuwuri,mention,0,twitter
2mazing93,@caninapenny,mention,0,twitter
2mazing93,@tulkiyjemm,mention,0,twitter
indibizcare,@dinkazikra,mention,0,twitter
indibizcare,@rinaldpintara,mention,0,twitter
indibizcare,@ambiatallenta,mention,0,twitter
indibizcare,@raihanpadlan,mention,0,twitter
sdyaaz_win99,@kichiklyly,mention,0,twitter
sdyaaz_win99,@squashdel,mention,0,twitter
dhie3187,@donaariesta,mention,0,twitter
lee_ndraaa,@dealova_in,mention,0,twitter
lee_ndraaa,@mabarmomen,mention,0,twitter
lee_ndraaa,@aldokhan77,mention,0,twitter
lee_ndraaa,@hanindyafeb,mention,0,twitter
lee_ndraaa,@ouwlivia,mention,0,twitter
ouwlivia,@indibiz_id,mention,0,twitter
ouwlivia,@dealova_in,mention,0,twitter
ouwlivia,@mabarmomen,mention,0,twitter
ouwlivia,@aldokhan77,mention,0,twitter
ouwlivia,@hanindyafeb,mention,0,twitter
kumikowin,@dealova_in,mention,0,twitter
kumikowin,@mabarmomen,mention,0,twitter
kumikowin,@aldokhan77,mention,0,twitter
kumikowin,@hanindyafeb,mention,0,twitter
kumikowin,@ouwlivia,mention,0,twitter
ouwlivia,@ouwlivia,mention,0,twitter
indizenborneo,@gauuu17_,mention,0,twitter
aldokhan77,@dealova_in,mention,0,twitter
aldokhan77,@mabarmomen,mention,0,twitter
aldokhan77,@hanindyafeb,mention,0,twitter
aldokhan77,@ouwlivia,mention,0,twitter
dealova_in,@dealova_in,mention,0,twitter
indibiz_id,@dealova_in,mention,0,twitter
indibiz_id,@mabarmomen,mention,0,twitter
indibiz_id,@aldokhan77,mention,0,twitter
indibiz_id,@hanindyafeb,mention,0,twitter
indibiz_id,@ouwlivia,mention,0,twitter
danigreys,@arya537657,mention,0,twitter
danigreys,@mayaa62580468,mention,0,twitter
indibizsumbar,@indibiz_sumatra,mention,0,twitter
ditqt_,@indibiz_borneo,mention,0,twitter
ditqt_,@ri54l,mention,0,twitter
maura_arica,@indibizjbn,mention,0,twitter
indibizmedan,@indibiz_sumatra,mention,0,twitter
indibizsumut,@indibiz_sumatra,mention,0,twitter
indibizjambi,@indibiz_sumatra,mention,0,twitter
nabillarizkya8,@indibiz_borneo,mention,0,twitter
anitariskamelia,@indibiz_borneo,mention,0,twitter
seovyway,@indibiz_borneo,mention,0,twitter
seovyway,@hadyhutasoit,mention,0,twitter
seovyway,@vandbent,mention,0,twitter
seovyway,@silaenthiur,mention,0,twitter
wrouxd2,@indibizjbn,mention,0,twitter
masfajar115,@anssjl,mention,0,twitter
masfajar115,@innamuthmaa,mention,0,twitter
masfajar115,@desy_purwanti20,mention,0,twitter
masfajar115,@arumiabi,mention,0,twitter
masfajar115,@ameliawy26,mention,0,twitter
masfajar115,@aligalendo_,mention,0,twitter
indibiz_jtdiy,@inguskumeler,mention,0,twitter
indibiz_jtdiy,@pujilestar94,mention,0,twitter
indibiz_jtdiy,@nanay_lani,mention,0,twitter
indoict,@indoict,mention,0,twitter
maudi_nadina,@indibiz_jtdiy,mention,0,twitter
maudi_nadina,@indibiz,mention,0,twitter
moluccas96,@indibiz_borneo,mention,0,twitter
moluccas96,@diciaw,mention,0,twitter
moluccas96,@kelvinkhomalia,mention,0,twitter
moluccas96,@indridaniel,mention,0,twitter
ahmad_haer,@indibiz_borneo,mention,0,twitter
ahmad_haer,@lany_oke,mention,0,twitter
keuangannews_id,@keuangan,mention,0,twitter
yeniabiex,@dealova_in,mention,0,twitter
yeniabiex,@dyh81parna,mention,0,twitter
yeniabiex,@indibiz_borneo,mention,0,twitter
ansrahma30,@indibiz_id,mention,0,twitter
ansrahma30,@mama_ummar87,mention,0,twitter
taufikgv,@indibiz_id,mention,0,twitter
taufikgv,@dewirahmiii,mention,0,twitter
taufikgv,@khadoet84,mention,0,twitter
taufikgv,@keikokojim9961,mention,0,twitter
sabik_87,@dealova_in,mention,0,twitter
sabik_87,@dyh81parna,mention,0,twitter
sabik_87,@indibiz_borneo,mention,0,twitter
sabik_87,@muhamma15111026,mention,0,twitter
evanth37,@sh3rin90,mention,0,twitter
evanth37,@zahracallie,mention,0,twitter
denistwitt3r,@noe_rhida,mention,0,twitter
lisaulfa11,@merhyuuu,mention,0,twitter
lisaulfa11,@callmedara31,mention,0,twitter
lisaulfa11,@desy_purwanti20,mention,0,twitter
fjar_05,@ameliawy26,mention,0,twitter
fjar_05,@aligalendo_,mention,0,twitter
fjar_05,@ditnugro,mention,0,twitter
darmiko88,@maaaayyy16,mention,0,twitter
darmiko88,@sitwuity,mention,0,twitter
darmiko88,@erikoberkah,mention,0,twitter
yaakulahaku,@nty_septiani,mention,0,twitter
yaakulahaku,@cetowbelly,mention,0,twitter
yaakulahaku,@irnacantip,mention,0,twitter
yaakulahaku,@idaelfitriyah,mention,0,twitter
alebelpuza,@finahikmatulma1,mention,0,twitter
alebelpuza,@sarmahansarr,mention,0,twitter
alebelpuza,@shinji_minaris,mention,0,twitter
rivtya17,@ns_yantii,mention,0,twitter
rivtya17,@nengalikha,mention,0,twitter
rivtya17,@bayussg,mention,0,twitter
dwamaraji,@pitgowes,mention,0,twitter
rinsa99,@nalarinjani,mention,0,twitter
rinsa99,@erceperose,mention,0,twitter
santaidulugaes,@bukitberbintang,mention,0,twitter
santaidulugaes,@luphle,mention,0,twitter
ndarie,@indibiz_id,mention,0,twitter
ndarie,@purplekalei,mention,0,twitter
ndarie,@cacabatiqa,mention,0,twitter
ndarie,@dindahdiah,mention,0,twitter
pitgowes,@mimisalami58,mention,0,twitter
pitgowes,@santaidulugaes,mention,0,twitter
pitgowes,@sinurind,mention,0,twitter
bukankatasandi,@nugnugroho98,mention,0,twitter
bukankatasandi,@dwamaraji,mention,0,twitter
bukankatasandi,@cendoldegan,mention,0,twitter
nalifyaw,@indibiz_id,mention,0,twitter
nalifyaw,@mang_gayu17,mention,0,twitter
nalifyaw,@hamiah_rahman31,mention,0,twitter
nalifyaw,@alifyawiyonoo__,mention,0,twitter
radianttt_armor,@sigitnur2790,mention,0,twitter
radianttt_armor,@sastraandre12,mention,0,twitter
febyanigusti,@indibiz_borneo,mention,0,twitter
febyanigusti,@kalulutmeratus,mention,0,twitter
febyanigusti,@wineediar_,mention,0,twitter
febyanigusti,@firnandoirin,mention,0,twitter
tenesa_telkom,@xkomodotcom,mention,0,twitter
akudavv,@indibiz_id,mention,0,twitter
akudavv,@albyhafiz22,mention,0,twitter
akudavv,@yudidiw_,mention,0,twitter
akudavv,@pikacut_,mention,0,twitter
rikarifanti84,@indibiz_borneo,mention,0,twitter
argentianaa,@indibiz_borneo,mention,0,twitter
argentianaa,@ontynia,mention,0,twitter
argentianaa,@nsutyanto14117,mention,0,twitter
argentianaa,@yawanmul23956,mention,0,twitter
ouwlivia,@beatbiru97,mention,0,twitter
ouwlivia,@bundanyashafiqa,mention,0,twitter
ouwlivia,@erceperose,mention,0,twitter
martadewangsa93,@indibiz_id,mention,0,twitter
martadewangsa93,@squashdel,mention,0,twitter
martadewangsa93,@afnirahma98,mention,0,twitter
martadewangsa93,@bpoer94,mention,0,twitter
martadewangsa93,@rozydania,mention,0,twitter
mixberriesssss,@euiskurnia1407,mention,0,twitter
mixberriesssss,@muhamaddepardi,mention,0,twitter
amy96jaya,@indibiz_id,mention,0,twitter
amy96jaya,@dealova_in,mention,0,twitter
amy96jaya,@lisaulfa11,mention,0,twitter
amy96jaya,@_wulanlubis,mention,0,twitter
firnandoirin,@ameliawy26,mention,0,twitter
firnandoirin,@wafaanida,mention,0,twitter
dealova_in,@amy96jaya,mention,0,twitter
dealova_in,@indibiz_borneo,mention,0,twitter
dealova_in,@maziftakh,mention,0,twitter
woonbinaddict,@indibiz_borneo,mention,0,twitter
fadhila_fadhi,@reyhanzkt1,mention,0,twitter
fadhila_fadhi,@ladybilqis2,mention,0,twitter
fadhila_fadhi,@hijrah_yani,mention,0,twitter
ai_firzha,@indibiz_borneo,mention,0,twitter
ai_firzha,@nadiasavirad,mention,0,twitter
luckykeys7_,@indibiz_borneo,mention,0,twitter
raniia_nianiu,@rizkyarum92,mention,0,twitter
raniia_nianiu,@ibnu_nugraha28,mention,0,twitter
moietchance,@akucantikputih,mention,0,twitter
moietchance,@ibna02nada,mention,0,twitter
squashdel,@indibiz_id,mention,0,twitter
squashdel,@pujisisoneto,mention,0,twitter
squashdel,@piscvely,mention,0,twitter
squashdel,@meili76moruk,mention,0,twitter
nenkyati23,@indibiz_id,mention,0,twitter
nenkyati23,@tohirr21,mention,0,twitter
nenkyati23,@panggil_iam1005,mention,0,twitter
nenkyati23,@anssjl,mention,0,twitter
anindaisty,@dealova_in,mention,0,twitter
anindaisty,@dyh81parna,mention,0,twitter
del5u,@naudamn,mention,0,twitter
andjrew_,@dealova_in,mention,0,twitter
andjrew_,@dyh81parna,mention,0,twitter
kichiklyly,@indibizkti,mention,0,twitter
kichiklyly,@rrsxya,mention,0,twitter
kichiklyly,@caksar_,mention,0,twitter
kichiklyly,@myuzzzzzz,mention,0,twitter
rin179184,@indibiz_borneo,mention,0,twitter
rin179184,@amy96jaya,mention,0,twitter
rizonemohamad,@rinrin82779740,mention,0,twitter
ibnu_nugraha28,@indibiz_borneo,mention,0,twitter
ibnu_nugraha28,@ayukaidah,mention,0,twitter
ibnu_nugraha28,@gipaz_ayudia,mention,0,twitter
yoso351m,@indibiz_borneo,mention,0,twitter
yoso351m,@3reflian_fam,mention,0,twitter
yoso351m,@saepulohcjr,mention,0,twitter
ibnu_nugraha28,@niananda02,mention,0,twitter
rinrin82779740,@indibiz_borneo,mention,0,twitter
rinrin82779740,@akang_aif5,mention,0,twitter
rinrin82779740,@naanawiin,mention,0,twitter
rinrin82779740,@nadiasavirad,mention,0,twitter
fadillahnur98,@indibiz_borneo,mention,0,twitter
fadillahnur98,@fnyfiliyany,mention,0,twitter
fadillahnur98,@chikafibrian,mention,0,twitter
fadillahnur98,@octina_silva,mention,0,twitter
fadillahnur98,@indibiz_id,mention,0,twitter
tikanurvidianti,@indibiz_id,mention,0,twitter
tikanurvidianti,@mutiarashby,mention,0,twitter
tikanurvidianti,@shintasyahra,mention,0,twitter
tikanurvidianti,@cii_cimenk,mention,0,twitter
raniyuningsih96,@indibiz_borneo,mention,0,twitter
raniyuningsih96,@indibiz,mention,0,twitter
raniyuningsih96,@agungsetia9757,mention,0,twitter
raniyuningsih96,@aishwabaha2022,mention,0,twitter
raniyuningsih96,@ayukaidah,mention,0,twitter
die_adhie,@indibiz_borneo,mention,0,twitter
die_adhie,@die2335,mention,0,twitter
runaga21,@miyati2k,mention,0,twitter
runaga21,@oxmeiwins,mention,0,twitter
desyangelia12,@indibiz_borneo,mention,0,twitter
fitriafebrn,@dessyvrisila,mention,0,twitter
fitriafebrn,@putridramdhania,mention,0,twitter
blooming63,@fitriyanti925,mention,0,twitter
blooming63,@masfajar115,mention,0,twitter
zzahraxyz,@indibiz_id,mention,0,twitter
zzahraxyz,@haninwinbigwin,mention,0,twitter
zzahraxyz,@ameliawy26,mention,0,twitter
zzahraxyz,@don___moms,mention,0,twitter
hanjeli_,@ameliawy26,mention,0,twitter
hanjeli_,@mang_gayu17,mention,0,twitter
hanjeli_,@indibiz_borneo,mention,0,twitter
pupuputns,@indibiz_borneo,mention,0,twitter
ningrum18_,@indibiz_id,mention,0,twitter
ningrum18_,@my_name_mmt,mention,0,twitter
ningrum18_,@_kun91,mention,0,twitter
ningrum18_,@indriadjaok,mention,0,twitter
rosalinafahmi,@indibiz_borneo,mention,0,twitter
yulydasing,@indibiz_borneo,mention,0,twitter
yulydasing,@melvvin_b,mention,0,twitter
yulydasing,@meillymeyaja,mention,0,twitter
diniprratiwi,@indibiz_borneo,mention,0,twitter
diniprratiwi,@dindaanisa,mention,0,twitter
diniprratiwi,@meliaasho,mention,0,twitter
diniprratiwi,@tirtaprawita1,mention,0,twitter
4bayuramadhan,@indibiz_borneo,mention,0,twitter
nuraeni40359747,@sanjayaroni283,mention,0,twitter
ranidevita,@indibiz_borneo,mention,0,twitter
garismerahmuda,@daniesunandar,mention,0,twitter
garismerahmuda,@firdaus1515,mention,0,twitter
garismerahmuda,@vmutiara,mention,0,twitter
baksosenja,@rief0ne,mention,0,twitter
baksosenja,@ssi_veyz,mention,0,twitter
baksosenja,@ariyanthi2,mention,0,twitter
enihsuhenih,@vina_ayulestari,mention,0,twitter
enihsuhenih,@deviyep,mention,0,twitter
enihsuhenih,@gayatrieayoe,mention,0,twitter
kira90s,@ayangwidiya,mention,0,twitter
kira90s,@lisias_lissy,mention,0,twitter
kira90s,@dhede_nia,mention,0,twitter
mulyasarijaya,@selvi_188,mention,0,twitter
mulyasarijaya,@narthyamalia,mention,0,twitter
mulyasarijaya,@eyin_khariina,mention,0,twitter
adesmardi,@muhawwd,mention,0,twitter
adesmardi,@ahmad_emon89,mention,0,twitter
ningrum18_,@anisa__nisha012,mention,0,twitter
ningrum18_,@hamiah_rahman31,mention,0,twitter
ningrum18_,@khayasw,mention,0,twitter
trisusanti61877,@indibiz_borneo,mention,0,twitter
trisusanti61877,@yopanandre,mention,0,twitter
rizpawaka,@indibiz_borneo,mention,0,twitter
rizpawaka,@sdyaaz_win99,mention,0,twitter
dieliatin,@indibiz_borneo,mention,0,twitter
inguskumeler,@dedewi28,mention,0,twitter
radianttt_armor,@putrisepti73838,mention,0,twitter
diiarisme,@rustandimaulan2,mention,0,twitter
wawan_drew,@shillyyt,mention,0,twitter
6iqballe,@indibiz_id,mention,0,twitter
6iqballe,@adindaapdn,mention,0,twitter
6iqballe,@mutiarakartks,mention,0,twitter
6iqballe,@rafli52067384,mention,0,twitter
6iqballe,@indibiz_borneo,mention,0,twitter
wineediar_,@agusciktgm,mention,0,twitter
wineediar_,@sairan355629,mention,0,twitter
wineediar_,@kotabarury53843,mention,0,twitter
wineediar_,@srini_16,mention,0,twitter
wineediar_,@aishwabaha2022,mention,0,twitter
wineediar_,@squashdel,mention,0,twitter
diniprratiwi,@indibiz_id,mention,0,twitter
apriliarahmawt,@indibiz_id,mention,0,twitter
apriliarahmawt,@nilaardiana,mention,0,twitter
apriliarahmawt,@citrashara,mention,0,twitter
apriliarahmawt,@chikaprilia,mention,0,twitter
hanindyafeb,@indibiz_id,mention,0,twitter
hanindyafeb,@malydasari,mention,0,twitter
arisputra96,@indibiz_id,mention,0,twitter
arisputra96,@zaka_r17,mention,0,twitter
arisputra96,@adesmardi,mention,0,twitter
arisputra96,@amelia_ruslan,mention,0,twitter
irmas8320,@hananurhan,mention,0,twitter
almaliatulfit,@indibiz_id,mention,0,twitter
almaliatulfit,@teukuryzki99,mention,0,twitter
almaliatulfit,@sssasanty,mention,0,twitter
almaliatulfit,@agusgaber,mention,0,twitter
goenroos,@tychy_ry,mention,0,twitter
goenroos,@adisthi_nur,mention,0,twitter
andjrew_,@hryt_riaa,mention,0,twitter
andjrew_,@c1nt4kuavhy,mention,0,twitter
kireifeline,@dosma_ps,mention,0,twitter
kireifeline,@mutaharohn,mention,0,twitter
zahramaliaaa,@srie809,mention,0,twitter
zahramaliaaa,@bellaenuy,mention,0,twitter
zahramaliaaa,@bunda_bunayyaaa,mention,0,twitter
naelsha07,@_sekarwangi2025,mention,0,twitter
angraensety,@dyanasantiera,mention,0,twitter
miya_timah33,@indibiz_id,mention,0,twitter
miya_timah33,@_kun91,mention,0,twitter
miya_timah33,@flcrie,mention,0,twitter
miya_timah33,@jinggasavana_,mention,0,twitter
aishwabaha2022,@annajmussaaqib,mention,0,twitter
aishwabaha2022,@anisa__nisha012,mention,0,twitter
dieeka_90,@indibiz_id,mention,0,twitter
dieeka_90,@devanamzah,mention,0,twitter
dieeka_90,@ai_firzha,mention,0,twitter
dieeka_90,@baimchan9,mention,0,twitter
dieeka_90,@iunatico_feliz,mention,0,twitter
yumnagi,@wanzdrer,mention,0,twitter
nara_mutiara,@indibiz_id,mention,0,twitter
nara_mutiara,@srihastuti233,mention,0,twitter
nara_mutiara,@nabila_savi,mention,0,twitter
nara_mutiara,@arintasetia,mention,0,twitter
zbluev,@indihome,mention,0,twitter
zbluev,@indibiz_id,mention,0,twitter
matcha_sich,@king_uuz55158,mention,0,twitter
matcha_sich,@farikhahnoor92,mention,0,twitter
matcha_sich,@febyanigusti,mention,0,twitter
garismerahmuda,@trywahyuni3try,mention,0,twitter
garismerahmuda,@evaalvaro93,mention,0,twitter
garismerahmuda,@amira_anggarini,mention,0,twitter
dfmwtii,@indibiz_id,mention,0,twitter
dfmwtii,@sharingmorning,mention,0,twitter
dfmwtii,@aghna_na,mention,0,twitter
dfmwtii,@dindaayuo99_,mention,0,twitter
silviaroyshyta,@indibiz_id,mention,0,twitter
laries_04,@ripekik,mention,0,twitter
syifawin_17,@indibiz_id,mention,0,twitter
syifawin_17,@anitaanwar_,mention,0,twitter
syifawin_17,@deyinps,mention,0,twitter
syifawin_17,@dewalova_ieiend,mention,0,twitter
ratuwuri,@indibiz_id,mention,0,twitter
ratuwuri,@agusciktgm,mention,0,twitter
ratuwuri,@andi_achilles,mention,0,twitter
ratuwuri,@andindahesty,mention,0,twitter
prstw_indah,@goenroos,mention,0,twitter
prstw_indah,@squashdel,mention,0,twitter
nuraeni40359747,@nafizashilmi,mention,0,twitter
devanamzah,@diniandija,mention,0,twitter
aldokhan77,@baimchan9,mention,0,twitter
aldokhan77,@irvanjoe22,mention,0,twitter
aldokhan77,@yunimeliaa,mention,0,twitter
tonyrikimaru,@indibiz_id,mention,0,twitter
tonyrikimaru,@niafaynie,mention,0,twitter
tonyrikimaru,@tita_minnie,mention,0,twitter
tonyrikimaru,@nona_afrina,mention,0,twitter
meliaclairre,@forabisheka,mention,0,twitter
dyh81parna,@dealova_in,mention,0,twitter
dyh81parna,@dyh81parna,mention,0,twitter
andayani_lolita,@devanamzah,mention,0,twitter
dealova_in,@dyh81parna,mention,0,twitter
indibiz_borneo,@dealova_in,mention,0,twitter
indibiz_borneo,@dyh81parna,mention,0,twitter
rizkaharleni,@isminofianti,mention,0,twitter
charism_web3,@rams290623,mention,0,twitter
charism_web3,@fixraxor,mention,0,twitter
indibizcare,@ihsanhardy,mention,0,twitter
indibizcare,@naazmy,mention,0,twitter
indibizcare,@fghaufar,mention,0,twitter
duinosaurus,@indibiz_id,mention,0,twitter
duinosaurus,@milawiyono,mention,0,twitter
duinosaurus,@toeysuwattra,mention,0,twitter
duinosaurus,@bellayyy,mention,0,twitter
dhie3187,@bilqissaputri3,mention,0,twitter
dhie3187,@rihanaputr80496,mention,0,twitter
djeentull,@indibiz_id,mention,0,twitter
djeentull,@maulbaebae,mention,0,twitter
djeentull,@xxy9978,mention,0,twitter
djeentull,@rizkyarum92,mention,0,twitter
2mazing93,@vitachan7,mention,0,twitter
kira90s,@megasriayu4,mention,0,twitter
kira90s,@mariosimbolon6,mention,0,twitter
kira90s,@rikaseptian4,mention,0,twitter
rangkulsalira,@asep_gorbasev,mention,0,twitter
don___moms,@kinan_wds7,mention,0,twitter
kalulutmeratus,@srie809,mention,0,twitter
kalulutmeratus,@masfajar115,mention,0,twitter
kalulutmeratus,@ai_firzha,mention,0,twitter
celanahitam122,@indibiz_id,mention,0,twitter
celanahitam122,@merambat__,mention,0,twitter
celanahitam122,@yangkangenterus,mention,0,twitter
celanahitam122,@budibongg,mention,0,twitter
yolfernan92,@syifaputrili,mention,0,twitter
rinnatantri,@emmyrachmawati,mention,0,twitter
ristyrichaamiin,@indibiz_id,mention,0,twitter
ristyrichaamiin,@rahmadiahs1,mention,0,twitter
ristyrichaamiin,@wikamandaa,mention,0,twitter
ristyrichaamiin,@nisaverse77,mention,0,twitter
indibizsumut,@tifakafe_,mention,0,twitter
indibizsumut,@indibiz_id,mention,0,twitter
indibizsumbar,@tifakafe_,mention,0,twitter
indibizsumbar,@indibiz_id,mention,0,twitter
indibizjambi,@tifakafe_,mention,0,twitter
indibizjambi,@indibiz_id,mention,0,twitter
indibizmedan,@tifakafe_,mention,0,twitter
indibizmedan,@indibiz_id,mention,0,twitter
mang_gayu17,@hanjeli_,mention,0,twitter
mang_gayu17,@bayipatrik,mention,0,twitter
mang_gayu17,@raniimaulidy,mention,0,twitter
mang_gayu17,@educourse,mention,0,twitter
maulaa313,@educourse,mention,0,twitter
izhaadam96,@indibiz_borneo,mention,0,twitter
izhaadam96,@ayukaidah,mention,0,twitter
izhaadam96,@ririnoriatin,mention,0,twitter
izhaadam96,@rizkyarum92,mention,0,twitter
izhaadam96,@indibizkti,mention,0,twitter
izhaadam96,@nurna0990,mention,0,twitter
izhaadam96,@ululnf29,mention,0,twitter
febyanigusti,@indibiz,mention,0,twitter
febyanigusti,@educourse,mention,0,twitter
febyanigusti,@indibizkti,mention,0,twitter
febyanigusti,@paparaissa19,mention,0,twitter
febyanigusti,@bpoer94,mention,0,twitter
tridesisundari,@yadhootx,mention,0,twitter
tridesisundari,@febyanigusti,mention,0,twitter
tridesisundari,@rais_amat,mention,0,twitter
rantisulasmy,@indibizkti,mention,0,twitter
rantisulasmy,@maulaa313,mention,0,twitter
mrahmat81,@anggapriana17,mention,0,twitter
anoviapebriia,@indibizkti,mention,0,twitter
anoviapebriia,@mrahmat81,mention,0,twitter
anoviapebriia,@diknandiswara,mention,0,twitter
anoviapebriia,@lukman_hakim75,mention,0,twitter
ibnu_nugraha28,@indibizkti,mention,0,twitter
ibnu_nugraha28,@arsitarisma1617,mention,0,twitter
ibnu_nugraha28,@badaruddinnrul,mention,0,twitter
sairan355629,@indibizkti,mention,0,twitter
sairan355629,@asyifatuluzma,mention,0,twitter
sairan355629,@arielaardani,mention,0,twitter
sairan355629,@ameliawy26,mention,0,twitter
sairan355629,@wineediar_,mention,0,twitter
sairan355629,@wardoyowijayaa,mention,0,twitter
ijamokoagow,@nugraharizkia28,mention,0,twitter
mad_afr0,@indibiz_id,mention,0,twitter
mad_afr0,@mediakonsumenid,mention,0,twitter
lee_ndraaa,@indibizkti,mention,0,twitter
lee_ndraaa,@ameliawy26,mention,0,twitter
kotabarury53843,@indibiz_borneo,mention,0,twitter
kotabarury53843,@ahmad_haer,mention,0,twitter
annajmussaaqib,@hanjeli_,mention,0,twitter
woonbinaddict,@indibizkti,mention,0,twitter
aishwabaha2022,@squashdel,mention,0,twitter
aishwabaha2022,@piscvely,mention,0,twitter
denistwitt3r,@indibiz,mention,0,twitter
denistwitt3r,@educourse,mention,0,twitter
zatunnisanur,@indibizkti,mention,0,twitter
dyh81parna,@indibiz,mention,0,twitter
dyh81parna,@educourse,mention,0,twitter
win_wiwin08,@indibizkti,mention,0,twitter
win_wiwin08,@lenisashabila,mention,0,twitter
win_wiwin08,@lela_ica13,mention,0,twitter
win_wiwin08,@rin179184,mention,0,twitter
vievie_salindri,@vie_varadila25,mention,0,twitter
vievie_salindri,@vievie_salindri,mention,0,twitter
vievie_salindri,@moh_elsan1,mention,0,twitter
vievie_salindri,@jjeuwlinna,mention,0,twitter
crystalsnowie,@indibiz_borneo,mention,0,twitter
crystalsnowie,@hasanbasri295,mention,0,twitter
crystalsnowie,@aries_tiyanto,mention,0,twitter
crystalsnowie,@theresiapu,mention,0,twitter
woodymolky48,@wiindaa_16,mention,0,twitter
aghna_na,@darafatika_,mention,0,twitter
aghna_na,@aghniawan24_,mention,0,twitter
hidayatsport,@annie_l1227,mention,0,twitter
hidayatsport,@indibiz,mention,0,twitter
hidayatsport,@educourse,mention,0,twitter
argentianaa,@indibiz,mention,0,twitter
argentianaa,@educourse,mention,0,twitter
argentianaa,@indibizkti,mention,0,twitter
argentianaa,@wiindaa_16,mention,0,twitter
argentianaa,@sdyaaz_win99,mention,0,twitter
argentianaa,@darkcokelatpait,mention,0,twitter
argentianaa,@seeumoko,mention,0,twitter
argentianaa,@slimeefit,mention,0,twitter
anindaisty,@angraensety,mention,0,twitter
joblasphemer,@indibiz,mention,0,twitter
joblasphemer,@educourse,mention,0,twitter
joblasphemer,@indibizkti,mention,0,twitter
joblasphemer,@arizalovic,mention,0,twitter
joblasphemer,@666kelam666,mention,0,twitter
joblasphemer,@earthshaker_tmg,mention,0,twitter
ai_firzha,@anisrokhati,mention,0,twitter
ai_firzha,@nafizashilmi,mention,0,twitter
firnandoirin,@cempluk_yuni,mention,0,twitter
firnandoirin,@squashdel,mention,0,twitter
firnandoirin,@masfajar115,mention,0,twitter
irmas8320,@panggil_iam1005,mention,0,twitter
tikanurvidianti,@indibizkti,mention,0,twitter
callmedara31,@indibizkti,mention,0,twitter
callmedara31,@wineediar_,mention,0,twitter
callmedara31,@ai_firzha,mention,0,twitter
callmedara31,@alebelpuza,mention,0,twitter
sabik_87,@q_zip11,mention,0,twitter
dhie3187,@julianardi36418,mention,0,twitter
isminofianti,@indibizkti,mention,0,twitter
isminofianti,@nayy_uy,mention,0,twitter
isminofianti,@aishwabaha2022,mention,0,twitter
isminofianti,@nuansalika,mention,0,twitter
isminofianti,@henzanura,mention,0,twitter
isminofianti,@hanjeli_,mention,0,twitter
isminofianti,@hadipranoto89,mention,0,twitter
abdiahmad87,@educourse,mention,0,twitter
caksar_,@indibizkti,mention,0,twitter
caksar_,@mailyakintw,mention,0,twitter
caksar_,@afnirahma98,mention,0,twitter
caksar_,@fallsrhoma,mention,0,twitter
aw_bornedcloudy,@indibizkti,mention,0,twitter
aw_bornedcloudy,@chondroputro,mention,0,twitter
aw_bornedcloudy,@lubnakaynez,mention,0,twitter
aw_bornedcloudy,@yaniragil89,mention,0,twitter
masfajar115,@ayahnindy72,mention,0,twitter
masfajar115,@deasy3x,mention,0,twitter
masfajar115,@educourse,mention,0,twitter
ddiigr,@educourse,mention,0,twitter
ddiigr,@maungsss,mention,0,twitter
ranidevita,@aagunawan_,mention,0,twitter
sayrenst,@indibiz,mention,0,twitter
sayrenst,@educourse,mention,0,twitter
sayrenst,@indibizkti,mention,0,twitter
sayrenst,@zumanavy,mention,0,twitter
sayrenst,@y_vendy,mention,0,twitter
sayrenst,@dealova_in,mention,0,twitter
hetywulandari8,@indibizkti,mention,0,twitter
yeniabiex,@indibiz,mention,0,twitter
yeniabiex,@educourse,mention,0,twitter
yeniabiex,@indibizkti,mention,0,twitter
kireifeline,@condro990,mention,0,twitter
kireifeline,@tianthehunter92,mention,0,twitter
telkommojokerto,@brunchytoast11,mention,0,twitter
telkommojokerto,@roblox_fess,mention,0,twitter
telkommojokerto,@seizethe___day,mention,0,twitter
indibiz_sumatra,@tifakafe_,mention,0,twitter
indibiz_sumatra,@indibiz_id,mention,0,twitter
indibizkti,@educourse,mention,0,twitter
ishq_rara,@indibizkti,mention,0,twitter
ishq_rara,@_denys30,mention,0,twitter
ishq_rara,@gomet88,mention,0,twitter
ishq_rara,@ozifaozi16,mention,0,twitter
vnyfe,@indibizkti,mention,0,twitter
_ayinun,@indibizkti,mention,0,twitter
sanjayaroni283,@indibizkti,mention,0,twitter
sanjayaroni283,@anisa__nisha012,mention,0,twitter
sanjayaroni283,@ani_winnerr,mention,0,twitter
sanjayaroni283,@anissus71053095,mention,0,twitter
maulaa313,@keshior,mention,0,twitter
maulaa313,@diiarisme,mention,0,twitter
maulaa313,@dindaayuo99_,mention,0,twitter
maulaa313,@piscvely,mention,0,twitter
dyanasantiera,@bayipatrik,mention,0,twitter
sabik_87,@indibizkti,mention,0,twitter
sabik_87,@a234_ri,mention,0,twitter
hidayatsport,@indibizkti,mention,0,twitter
yagadigi,@intanagst,mention,0,twitter
good_leoo,@indibiz_borneo,mention,0,twitter
good_leoo,@nikenkarim,mention,0,twitter
good_leoo,@goongyoi,mention,0,twitter
good_leoo,@ver02mar,mention,0,twitter
sipalingmario,@riskimubarrak99,mention,0,twitter
callmebackk999,@indibizkti,mention,0,twitter
callmebackk999,@xwakaa,mention,0,twitter
callmebackk999,@minnie_imut,mention,0,twitter
callmebackk999,@ferrycahyadi_,mention,0,twitter
aishwabaha2022,@indibizkti,mention,0,twitter
aishwabaha2022,@raniyuningsih96,mention,0,twitter
aishwabaha2022,@myuzzzzzz,mention,0,twitter
aishwabaha2022,@dewalova_ieiend,mention,0,twitter
widya_0996,@indibizkti,mention,0,twitter
widya_0996,@t47ir,mention,0,twitter
prstw_indah,@ozifaozi16,mention,0,twitter
ozifaozi16,@indibizkti,mention,0,twitter
ozifaozi16,@siraru_,mention,0,twitter
ozifaozi16,@meili76moruk,mention,0,twitter
ozifaozi16,@nonkpadila99020,mention,0,twitter
ai_firzha,@nuraeni40359747,mention,0,twitter
ai_firzha,@nugraharizkia28,mention,0,twitter
ai_firzha,@rainydy_,mention,0,twitter
itsmee_diniiii,@ai_firzha,mention,0,twitter
itsmee_diniiii,@azharrochma,mention,0,twitter
itsmee_diniiii,@dinaluzian26268,mention,0,twitter
2mazing93,@indibizkti,mention,0,twitter
2mazing93,@7u5t_inna,mention,0,twitter
2mazing93,@tara_s3vt14,mention,0,twitter
yellowegg00000,@indibizkti,mention,0,twitter
wawan_drew,@indibizkti,mention,0,twitter
rizonemohamad,@rivaldi25c65380,mention,0,twitter
bayukirana7,@nksthi,mention,0,twitter
hafez_tawon,@indibizkti,mention,0,twitter
hafez_tawon,@shiiippuden,mention,0,twitter
hafez_tawon,@andreaazkania,mention,0,twitter
hafez_tawon,@axyd22y,mention,0,twitter
melvvin_b,@umi_al_fazha,mention,0,twitter
dyh81parna,@indibiz_borneo,mention,0,twitter
dyh81parna,@nuansalika,mention,0,twitter
dyh81parna,@desiyulianti92,mention,0,twitter
tridesisundari,@indibiz_borneo,mention,0,twitter
tridesisundari,@diileeeee,mention,0,twitter
good_leoo,@indibizkti,mention,0,twitter
good_leoo,@azinu23,mention,0,twitter
muttaqiwira,@indibiz_borneo,mention,0,twitter
muttaqiwira,@flcrie,mention,0,twitter
muttaqiwira,@mbakfeb__,mention,0,twitter
muttaqiwira,@ferrycahyadi_,mention,0,twitter
melvvin_b,@mixberriesssss,mention,0,twitter
tatihar_10,@indibiz_borneo,mention,0,twitter
tatihar_10,@trisnimawar1,mention,0,twitter
tatihar_10,@tineyalfarel,mention,0,twitter
tatihar_10,@harukafauzia1,mention,0,twitter
woodymolky48,@kxxclypii_,mention,0,twitter
maulaa313,@indibiz_borneo,mention,0,twitter
maulaa313,@masfajar115,mention,0,twitter
santyciu,indibiz_jtdiy,retweet,0,twitter
naomi_diandra86,indibiz_borneo,retweet,0,twitter
elendwifalenta,indibiz_jtdiy,retweet,0,twitter
visilviy,indibiz_jtdiy,retweet,0,twitter
radianttt_armor,indibiz_borneo,retweet,0,twitter
kro2309kro,indibiz_borneo,retweet,0,twitter
nuraeni40359747,indibiz_borneo,retweet,0,twitter
dealova_in,indibiz_borneo,retweet,0,twitter
vievie_salindri,indibiz_borneo,retweet,0,twitter
sanjayaroni283,indibiz_borneo,retweet,0,twitter
woodymolky48,indibiz_borneo,retweet,0,twitter
hanindyafeb,indibiz_borneo,retweet,0,twitter
fikriarya98,indibiz_borneo,retweet,0,twitter
fitriyanti925,indibiz_borneo,retweet,0,twitter
ai_firzha,indibiz_borneo,retweet,0,twitter
rinrin82779740,indibiz_borneo,retweet,0,twitter
murdhany88,indibiz_id,retweet,0,twitter
fitriafebrn,indibiz_borneo,retweet,0,twitter
dwngraini,indibiz_borneo,retweet,0,twitter
rin179184,indibiz_borneo,retweet,0,twitter
yuk_nikha,indibiz_borneo,retweet,0,twitter
junitamilass,indibiz_borneo,retweet,0,twitter
wroulas,indibiz_id,retweet,0,twitter
zhef_77,indibiz_borneo,retweet,0,twitter
rizonemohamad,indibiz_borneo,retweet,0,twitter
thepanduras,indibiz_borneo,retweet,0,twitter
darapramesa,indibiz_borneo,retweet,0,twitter
aishwabaha2022,indibiz_borneo,retweet,0,twitter
hidayatsport,indibiz_borneo,retweet,0,twitter
cr_rhrn,indibiz_borneo,retweet,0,twitter
wroulas,indibiz_jtdiy,retweet,0,twitter
ddiigr,indibiz_id,retweet,0,twitter
yaelahhje,indibiz_borneo,retweet,0,twitter
ddiigr,indibiz_borneo,retweet,0,twitter
ani_winnerr,indibiz_borneo,retweet,0,twitter
rinnatantri,indibiz_borneo,retweet,0,twitter
dhie3187,indibiz_borneo,retweet,0,twitter
nursantil2492,indibizkti,retweet,0,twitter
purwaningrum12,indibiz_borneo,retweet,0,twitter
fullsunchan01,indibiz_borneo,retweet,0,twitter
bundarisa28,indibiz_borneo,retweet,0,twitter
diiarisme,indibizkti,retweet,0,twitter
murdhany88,indibiz_borneo,retweet,0,twitter
alftimbung,indibizjbn,retweet,0,twitter
masfajar115,indibizjbn,retweet,0,twitter
purwaningrum12,indibizjbn,retweet,0,twitter
murdhany88,indibizjbn,retweet,0,twitter
murdhany88,murdhany88,retweet,0,twitter
denistwitt3r,indibizjbn,retweet,0,twitter
nursantil2492,indibizjbn,retweet,0,twitter
wrouxd2,indibizjbn,retweet,0,twitter
dhikabach04,indibiz_jtdiy,retweet,0,twitter
floriwit,indibiz_jtdiy,retweet,0,twitter
hidayatsport,indibizjbn,retweet,0,twitter
purwaningrum12,indibiz_jtdiy,retweet,0,twitter
maura_arica,indibizjbn,retweet,0,twitter
wroulas,indibizjbn,retweet,0,twitter
purwaningrum12,indibiz_id,retweet,0,twitter
ipar,indibiz_borneo,retweet,0,twitter
hamiah_rahman31,indibiz_id,retweet,0,twitter
hidayatsport,indibiz_id,retweet,0,twitter
nursantil2492,indibiz_id,retweet,0,twitter
yeniabiex,indibiz_id,retweet,0,twitter
lisaulfa11,indibizjbn,retweet,0,twitter
hyarindama_1,indibiz_id,retweet,0,twitter
floriwit,indibiz_id,retweet,0,twitter
diiarisme,indibiz_id,retweet,0,twitter
mang_gayu17,indibizjbn,retweet,0,twitter
aishwabaha2022,indibizjbn,retweet,0,twitter
kasihsayan91033,indibiz_jtdiy,retweet,0,twitter
louissa_48,indibizjbn,retweet,0,twitter
rainydy_,indibizjbn,retweet,0,twitter
misshestyy,indibizkti,retweet,0,twitter
hyarindama_1,indibizjbn,retweet,0,twitter
maulaa313,indibizkti,retweet,0,twitter
rivtya17,indibizjbn,retweet,0,twitter
alebelpuza,indibizjbn,retweet,0,twitter
dhie2335,indibiz_borneo,retweet,0,twitter
mang_gayu17,indibizkti,retweet,0,twitter
darmiko88,indibizjbn,retweet,0,twitter
tiwiarchiev01_,indibizjbn,retweet,0,twitter
alamandail,indibizjbn,retweet,0,twitter
indibiz_pwt,indibiz_jtdiy,retweet,0,twitter
rikarifanti84,indibizkti,retweet,0,twitter
rikarifanti84,indibiz_borneo,retweet,0,twitter
nursantil2492,indibizpapua,retweet,0,twitter
denistwitt3r,indibizkti,retweet,0,twitter
vievie_salindri,indibizkti,retweet,0,twitter
irmas8320,indibizkti,retweet,0,twitter
amie08mie,indibizkti,retweet,0,twitter
imcoco99,indibizkti,retweet,0,twitter
anitaanwar_,indibizkti,retweet,0,twitter
murdhany88,indibizkti,retweet,0,twitter
sipalingmario,indibizkti,retweet,0,twitter
aghna_na,indibiz_borneo,retweet,0,twitter
aghna_na,indibizkti,retweet,0,twitter
bapakenduk12,indibizkti,retweet,0,twitter
amy96jaya,indibiz_jtdiy,retweet,0,twitter
amy96jaya,indibizkti,retweet,0,twitter
anoviapebriia,indibiz_borneo,retweet,0,twitter
anoviapebriia,indibiz_id,retweet,0,twitter
masfajar115,indibizkti,retweet,0,twitter
naelsha07,indibizkti,retweet,0,twitter
beyicat,indibiz_borneo,retweet,0,twitter
firnandoirin,indibizkti,retweet,0,twitter
sairan355629,indibiz_borneo,retweet,0,twitter
lee_ndraaa,indibiz_borneo,retweet,0,twitter
soulofsha_,indibizkti,retweet,0,twitter
dealova_in,indibiz_jtdiy,retweet,0,twitter
denistwitt3r,indibiz_borneo,retweet,0,twitter
wiindaa_16,indibizkti,retweet,0,twitter
wiindaa_16,indibiz_borneo,retweet,0,twitter
annajmussaaqib,indibizkti,retweet,0,twitter
smawadah1628,indibiz_borneo,retweet,0,twitter
hryt_riaa,indibiz_borneo,retweet,0,twitter
cimolmilky,indibiz_borneo,retweet,0,twitter
kotabarury53843,indibizkti,retweet,0,twitter
rizpawaka,indibiz_id,retweet,0,twitter
denistwitt3r,indibiz_id,retweet,0,twitter
amy96jaya,indibiz_id,retweet,0,twitter
mahrez54,indibiz_id,retweet,0,twitter
mahrez54,indibiz_borneo,retweet,0,twitter
firnandoirin,indibiz_id,retweet,0,twitter
woodymolky48,indibizkti,retweet,0,twitter
aishwabaha2022,indibizkti,retweet,0,twitter
ahmad_haer,indibiz_borneo,retweet,0,twitter
krilinkecil_,indibizkti,retweet,0,twitter
axyd22y,indibiz_id,retweet,0,twitter
firnandoirin,indibiz_borneo,retweet,0,twitter
echairssinaga,indibiz_borneo,retweet,0,twitter
sairan355629,indibiz_id,retweet,0,twitter
dealova_in,indibiz_id,retweet,0,twitter
dealova_in,indibizkti,retweet,0,twitter
misshestyy,indibiz_borneo,retweet,0,twitter
putriwiki_90,indibiz_id,retweet,0,twitter
rangkulsalira,indibiz_id,retweet,0,twitter
blooming63,indibiz_id,retweet,0,twitter
diaszei,indibizkti,retweet,0,twitter
sabik_87,indibiz_id,retweet,0,twitter
sabik_87,indibiz_borneo,retweet,0,twitter
nextlann,indibizkti,retweet,0,twitter
abdiahmad87,indibizkti,retweet,0,twitter
abdiahmad87,indibiz_borneo,retweet,0,twitter
alvisandersonn,indibiz_id,retweet,0,twitter
krilinkecil_,indibiz_id,retweet,0,twitter
pupuputns,indibiz_borneo,retweet,0,twitter
wroulas,indibiz_borneo,retweet,0,twitter
pupuputns,indibiz_id,retweet,0,twitter
yeniabiex,indibiz_borneo,retweet,0,twitter
jellyjuyu,indibiz_borneo,retweet,0,twitter
yumchamini,indibizkti,retweet,0,twitter
del5u,indibiz_borneo,retweet,0,twitter
annajmussaaqib,indibiz_borneo,retweet,0,twitter
naelsha07,indibiz_borneo,retweet,0,twitter
fitriyanti925,indibizkti,retweet,0,twitter
syanti36,indibiz_borneo,retweet,0,twitter
darapramesa,indibizkti,retweet,0,twitter
ibnu_nugraha28,indibizkti,retweet,0,twitter
uwoooh,indibiz_id,retweet,0,twitter
yourtami97,indibiz_borneo,retweet,0,twitter
diiarisme,indibiz_borneo,retweet,0,twitter
dyh81parna,indibizkti,retweet,0,twitter
dyh81parna,indibiz_jtdiy,retweet,0,twitter
kinashnara,indibiz_borneo,retweet,0,twitter
kinashnara,indibizkti,retweet,0,twitter
prstw_indah,indibizkti,retweet,0,twitter
cimolmilky,indibiz_id,retweet,0,twitter
wrouxd2,indibiz_borneo,retweet,0,twitter
yadinesian,indibiz_borneo,retweet,0,twitter
yadinesian,indibizkti,retweet,0,twitter
hanjeli_,indibizkti,retweet,0,twitter
ditqt_,indibiz_borneo,retweet,0,twitter
puetra_25,indibiz_borneo,retweet,0,twitter
nuraeni40359747,indibizkti,retweet,0,twitter
ai_firzha,indibizkti,retweet,0,twitter
sanjayaroni283,indibizkti,retweet,0,twitter
ozifaozi16,indibiz_borneo,retweet,0,twitter
dkss012,indibiz_borneo,retweet,0,twitter
bianikah,indibiz_borneo,retweet,0,twitter
rivtya17,indibiz_id,retweet,0,twitter
dewifor99,indibiz_id,retweet,0,twitter
dewifor99,indibizkti,retweet,0,twitter
rinsa99,indibizkti,retweet,0,twitter
santyciu,indibiz_borneo,retweet,0,twitter
zahramaliaaa,indibiz_id,retweet,0,twitter
piscvely,indibiz_borneo,retweet,0,twitter
dyh81parna,indibiz_id,retweet,0,twitter
wiindaa_16,indibiz_id,retweet,0,twitter
angraensety,indibizkti,retweet,0,twitter
iday4g,indibiz_borneo,retweet,0,twitter
liansluk,indibizkti,retweet,0,twitter
anindaisty,indibiz_borneo,retweet,0,twitter
runaga21,indibiz_borneo,retweet,0,twitter
runaga21,indibizkti,retweet,0,twitter
biancabint6539,indibiz_borneo,retweet,0,twitter
yagadigi,indibizkti,retweet,0,twitter
yagadigi,indibiz_borneo,retweet,0,twitter
rizkyarum92,indibizkti,retweet,0,twitter
yagadigi,indibiz_id,retweet,0,twitter
bilbulcaricuan,indibizkti,retweet,0,twitter
parist_dewi_,indibizkti,retweet,0,twitter
dewii_nasadaria,indibizkti,retweet,0,twitter
titatiram,indibiz_borneo,retweet,0,twitter
ranidevita,indibizkti,retweet,0,twitter
rin179184,indibizkti,retweet,0,twitter
yadinesian,indibiz_id,retweet,0,twitter
annajmussaaqib,indibiz_id,retweet,0,twitter
rinrin82779740,indibizkti,retweet,0,twitter
hidayatsport,indibizkti,retweet,0,twitter
sitihsarah99,indibiz_borneo,retweet,0,twitter
rizpawaka,indibiz_borneo,retweet,0,twitter
rizpawaka,indibizkti,retweet,0,twitter
tamamayoo,indibiz_borneo,retweet,0,twitter
anindaisty,indibizkti,retweet,0,twitter
diaszei,indibiz_borneo,retweet,0,twitter
del5u,indibizkti,retweet,0,twitter
thepanduras,indibizkti,retweet,0,twitter
parist_dewi_,indibiz_borneo,retweet,0,twitter
innezzzelle,indibizkti,retweet,0,twitter
gomet88,indibiz_borneo,retweet,0,twitter
melvvin_b,indibiz_borneo,retweet,0,twitter
dieliatin,indibiz_borneo,retweet,0,twitter
dieliatin,indibizkti,retweet,0,twitter
iday4g,indibizkti,retweet,0,twitter
inguskumeler,indibizkti,retweet,0,twitter
inguskumeler,indibiz_borneo,retweet,0,twitter
ddiigr,indibizkti,retweet,0,twitter
dyh81parna,indibiz_borneo,retweet,0,twitter
laksamanayoung,indibizkti,retweet,0,twitter
uwoooh,indibizkti,retweet,0,twitter
uwoooh,indibiz_borneo,retweet,0,twitter
yaelahhje,indibizkti,retweet,0,twitter
dyanasantiera,indibizkti,retweet,0,twitter
yolfernan92,indibizkti,retweet,0,twitter
23desihar,indibiz_borneo,retweet,0,twitter
bayukirana7,indibiz_borneo,retweet,0,twitter
titatiram,indibizkti,retweet,0,twitter
visilviy,indibizkti,retweet,0,twitter
jellyjuyu,indibizkti,retweet,0,twitter
dailywinda,indibizkti,retweet,0,twitter
_ayinun,indibiz_borneo,retweet,0,twitter
aghniawan24_,indibizkti,retweet,0,twitter
aghniawan24_,indibiz_borneo,retweet,0,twitter
herliinaaa27,indibiz_borneo,retweet,0,twitter
kxxclypii_,indibiz_borneo,retweet,0,twitter
yulydasing,indibiz_borneo,retweet,0,twitter
parist_dewi_,indibiz_id,retweet,0,twitter
aenjizzzy,indibiz_id,retweet,0,twitter
ussytya,indibiz_id,retweet,0,twitter
natali4rose,indibiz_id,retweet,0,twitter
adevavade,indibiz_id,retweet,0,twitter
alebelpuza,indibiz_id,retweet,0,twitter
rizarin_anugrah,indibiz_id,retweet,0,twitter
gilpra21,indibiz_id,retweet,0,twitter
mudjiono_easy3,indibiz_borneo,retweet,0,twitter
kinashnara,indibiz_id,retweet,0,twitter
sdyaaz_win99,indibiz_id,retweet,0,twitter
isminofianti,indibiz_borneo,retweet,0,twitter
putriatitut,indibiz_id,retweet,0,twitter
kotabarury53843,indibiz_id,retweet,0,twitter
yaakulahaku,indibiz_id,retweet,0,twitter
adesmardi,indibiz_id,retweet,0,twitter
darapramesa,indibiz_id,retweet,0,twitter
alia_syt,indibiz_id,retweet,0,twitter
ningsih822,indibiz_id,retweet,0,twitter
purplekalei,indibiz_id,retweet,0,twitter
dyahayuindrie,indibiz_id,retweet,0,twitter
wineediar_,indibiz_id,retweet,0,twitter
saya_dani28,indibiz_id,retweet,0,twitter
ooops_srah,indibiz_id,retweet,0,twitter
ibnu_nugraha28,indibiz_id,retweet,0,twitter
donibinairawan3,indibiz_id,retweet,0,twitter
rizkyarum92,indibiz_id,retweet,0,twitter
fawwazyamani,indibiz_id,retweet,0,twitter
ririnoriatin,indibiz_id,retweet,0,twitter
devanamzah,indibiz_id,retweet,0,twitter
sanjayaroni283,indibiz_id,retweet,0,twitter
mulyasarijaya,indibiz_id,retweet,0,twitter
enihsuhenih,indibiz_id,retweet,0,twitter
adeverse24,indibiz_id,retweet,0,twitter
yolfernan92,indibiz_id,retweet,0,twitter
baimchan9,indibiz_id,retweet,0,twitter
diknandiswara,indibiz_id,retweet,0,twitter
dewmustika82,indibiz_id,retweet,0,twitter
misshestyy,indibiz_id,retweet,0,twitter
adhy_ndeso,indibiz_id,retweet,0,twitter
ikankembungg044,indibiz_id,retweet,0,twitter
irmas8320,indibiz_id,retweet,0,twitter
fitriyanti925,indibiz_id,retweet,0,twitter
abdiahmad87,indibiz_id,retweet,0,twitter
oreyyo___,indibiz_id,retweet,0,twitter
elsayanaa,indibiz_id,retweet,0,twitter
ai_firzha,indibiz_id,retweet,0,twitter
catherina_fany,indibiz_id,retweet,0,twitter
rizkaharleni,indibiz_id,retweet,0,twitter
bundarisa28,indibiz_id,retweet,0,twitter
rin179184,indibiz_id,retweet,0,twitter
ijoel_wae,indibiz_id,retweet,0,twitter
4lbert_sm,indibiz_id,retweet,0,twitter
evaaagatha,indibiz_id,retweet,0,twitter
hryt_riaa,indibiz_id,retweet,0,twitter
prstw_indah,indibiz_id,retweet,0,twitter
naelsha07,indibiz_id,retweet,0,twitter
omank_merysa,indibiz_id,retweet,0,twitter
luffahfiqriyah,indibiz_id,retweet,0,twitter
bambang112334,indibiz_id,retweet,0,twitter
aryabudiyana,indibiz_id,retweet,0,twitter
sitihsarah99,indibiz_id,retweet,0,twitter
vnyfe,indibiz_id,retweet,0,twitter
damar_psikologi,indibiz_id,retweet,0,twitter
lee_ndraaa,indibiz_id,retweet,0,twitter
nuraeni40359747,indibiz_id,retweet,0,twitter
dwiatjeh,indibiz_id,retweet,0,twitter
hen29drik,indibiz_id,retweet,0,twitter
shelaar22,indibiz_id,retweet,0,twitter
buterrcream,indibiz_id,retweet,0,twitter
rinrin82779740,indibiz_id,retweet,0,twitter
3reflian_fam,indibiz_id,retweet,0,twitter
aishwabaha2022,indibiz_id,retweet,0,twitter
thepanduras,indibiz_id,retweet,0,twitter
amie08mie,indibiz_id,retweet,0,twitter
yaelahhje,indibiz_id,retweet,0,twitter
larasati_37,indibiz_id,retweet,0,twitter
herliinaaa27,indibiz_id,retweet,0,twitter
rizonemohamad,indibiz_id,retweet,0,twitter
travelaffyu,indibiz_id,retweet,0,twitter
darmiko88,indibiz_id,retweet,0,twitter
kospin_pinjam,indibiz_id,retweet,0,twitter
silviaysd,indibiz_id,retweet,0,twitter
yuk_nikha,indibiz_id,retweet,0,twitter
garismerahmuda,indibiz_id,retweet,0,twitter
baksosenja,indibiz_id,retweet,0,twitter
kira90s,indibiz_id,retweet,0,twitter
mang_gayu17,indibiz_jtdiy,retweet,0,twitter
hetywulandari8,indibiz_id,retweet,0,twitter
rosalinafahmi,indibiz_id,retweet,0,twitter
moietchance,indibiz_id,retweet,0,twitter
argentianaa,indibiz_id,retweet,0,twitter
sulisdewi49,indibiz_id,retweet,0,twitter
riki_hidayat7,indibiz_id,retweet,0,twitter
wahyupurwaati,indibiz_id,retweet,0,twitter
nikekurniawt,indibiz_id,retweet,0,twitter
fadhila_fadhi,indibiz_id,retweet,0,twitter
rikarifanti84,indibiz_id,retweet,0,twitter
dewii_nasadaria,indibiz_id,retweet,0,twitter
hallopebbles,indibiz_id,retweet,0,twitter
masfajar115,indibiz_jtdiy,retweet,0,twitter
nengdwicahya,indibiz_id,retweet,0,twitter
gatawani,indibiz_id,retweet,0,twitter
tamamayoo,indibiz_id,retweet,0,twitter
just_me_na_,indibiz_id,retweet,0,twitter
sulfanigandur,indibiz_id,retweet,0,twitter
bianikah,indibiz_id,retweet,0,twitter
dwamaraji,indibiz_id,retweet,0,twitter
beyicat,indibiz_id,retweet,0,twitter
angraensety,indibiz_id,retweet,0,twitter
desyangelia12,indibiz_id,retweet,0,twitter
miszbek,indibiz_id,retweet,0,twitter
martha_pvk1,indibiz_id,retweet,0,twitter
inguskumeler,indibiz_id,retweet,0,twitter
alamandail,indibiz_id,retweet,0,twitter
yellowegg00000,indibiz_id,retweet,0,twitter
pinginselaluwin,indibiz_id,retweet,0,twitter
cicimarethaw,indibiz_id,retweet,0,twitter
is_pelssy,indibiz_id,retweet,0,twitter
nayanara30,indibiz_id,retweet,0,twitter
dieliatin,indibiz_id,retweet,0,twitter
meliaclairre,indibiz_id,retweet,0,twitter
bayukirana7,indibiz_id,retweet,0,twitter
marcodef99,indibiz_id,retweet,0,twitter
goenroos,indibiz_id,retweet,0,twitter
febyanigusti,indibiz_id,retweet,0,twitter
ketikanmaya,indibiz_id,retweet,0,twitter
f_rock97,indibiz_id,retweet,0,twitter
07nanas,indibiz_id,retweet,0,twitter
liezdrew_,indibiz_id,retweet,0,twitter
melvvin_b,indibiz_id,retweet,0,twitter
iday4g,indibiz_id,retweet,0,twitter
kxxclypii_,indibiz_id,retweet,0,twitter
dkss012,indibiz_id,retweet,0,twitter
biancabint6539,indibiz_id,retweet,0,twitter
woodymolky48,indibiz_id,retweet,0,twitter
jumadi097,indibiz_id,retweet,0,twitter
yourtami97,indibiz_id,retweet,0,twitter
ranidevita,indibiz_id,retweet,0,twitter
laksamanayoung,indibiz_id,retweet,0,twitter
dyanasantiera,indibiz_id,retweet,0,twitter
wulan_easy3,indibiz_id,retweet,0,twitter
dailywinda,indibiz_id,retweet,0,twitter
seahalberd_,indibiz_id,retweet,0,twitter
unprettybae,indibiz_id,retweet,0,twitter
unprettyh0e,indibiz_id,retweet,0,twitter
titatiram,indibiz_id,retweet,0,twitter
dhie3187,indibiz_id,retweet,0,twitter
chionyctophilee,indibiz_id,retweet,0,twitter
diaszei,indibiz_id,retweet,0,twitter
runaga21,indibiz_id,retweet,0,twitter
radianttt_armor,indibiz_id,retweet,0,twitter
kalulutmeratus,indibiz_id,retweet,0,twitter
_ayinun,indibiz_id,retweet,0,twitter
wikamandaa,indibiz_id,retweet,0,twitter
mixberriesssss,indibiz_id,retweet,0,twitter
lyv_view,indibiz_id,retweet,0,twitter
fitriafebrn,indibiz_id,retweet,0,twitter
hanjeli_,indibiz_id,retweet,0,twitter
kenthusmbois,indibiz_jtdiy,retweet,0,twitter
wedangteh,indibiz_jtdiy,retweet,0,twitter
annajmussaaqib,indibiz_jtdiy,retweet,0,twitter
aishwabaha2022,indibiz_jtdiy,retweet,0,twitter
mrkleea1fth,indibiz_jtdiy,retweet,0,twitter
woonbinaddict,indibiz_jtdiy,retweet,0,twitter
waveeyys00,indibiz_jtdiy,retweet,0,twitter
1l0vingskies,indibiz_jtdiy,retweet,0,twitter
rahmiwm,indibiz_jtdiy,retweet,0,twitter
lee_ndraaa,indibiz_jtdiy,retweet,0,twitter
pujilestar94,indibiz_jtdiy,retweet,0,twitter
ibnu_nugraha28,indibiz_jtdiy,retweet,0,twitter
dhie3187,indibiz_jtdiy,retweet,0,twitter
fitriyanti925,indibiz_jtdiy,retweet,0,twitter
nengdwicahya,indibiz_jtdiy,retweet,0,twitter
luckykeys7_,indibiz_jtdiy,retweet,0,twitter
imcoco99,indibiz_jtdiy,retweet,0,twitter
sairan355629,indibiz_jtdiy,retweet,0,twitter
rizkyarum92,indibiz_jtdiy,retweet,0,twitter
thepanduras,indibiz_jtdiy,retweet,0,twitter
ijamokoagow,indibiz_jtdiy,retweet,0,twitter
darapramesa,indibiz_jtdiy,retweet,0,twitter
yunimeliaa,indibiz_jtdiy,retweet,0,twitter
travelaffyu,indibiz_jtdiy,retweet,0,twitter
ddiigr,indibiz_jtdiy,retweet,0,twitter
denistwitt3r,indibiz_jtdiy,retweet,0,twitter
lisaulfa11,indibiz_jtdiy,retweet,0,twitter
rikarifanti84,indibiz_jtdiy,retweet,0,twitter
naomi_diandra86,indibiz_jtdiy,retweet,0,twitter
iday4g,indibiz_jtdiy,retweet,0,twitter
srini_16,indibiz_jtdiy,retweet,0,twitter
woodymolky48,indibiz_jtdiy,retweet,0,twitter
mrkittypowl,indibiz_jtdiy,retweet,0,twitter
bayukirana7,indibiz_jtdiy,retweet,0,twitter
irmas8320,indibiz_jtdiy,retweet,0,twitter
zatunnisanur,indibiz_jtdiy,retweet,0,twitter
rizpawaka,indibiz_jtdiy,retweet,0,twitter
anindaisty,indibiz_jtdiy,retweet,0,twitter
naelsha07,indibiz_jtdiy,retweet,0,twitter
yadinesian,indibiz_jtdiy,retweet,0,twitter
yolfernan92,indibiz_jtdiy,retweet,0,twitter
ranidevita,indibiz_jtdiy,retweet,0,twitter
anisahdam,indibiz_jtdiy,retweet,0,twitter
laksamanayoung,indibiz_jtdiy,retweet,0,twitter
jellyjuyu,indibiz_jtdiy,retweet,0,twitter
uwoooh,indibiz_jtdiy,retweet,0,twitter
mahrez54,indibiz_jtdiy,retweet,0,twitter
yoso351m,indibiz_jtdiy,retweet,0,twitter
dieliatin,indibiz_jtdiy,retweet,0,twitter
rizonemohamad,indibiz_jtdiy,retweet,0,twitter
rivtya17,indibiz_jtdiy,retweet,0,twitter
ijoel_wae,indibiz_jtdiy,retweet,0,twitter
goenroos,indibiz_jtdiy,retweet,0,twitter
ai_firzha,indibiz_jtdiy,retweet,0,twitter
yagadigi,indibiz_jtdiy,retweet,0,twitter
alebelpuza,indibiz_jtdiy,retweet,0,twitter
darmiko88,indibiz_jtdiy,retweet,0,twitter
nuraeni40359747,indibiz_jtdiy,retweet,0,twitter
rin179184,indibiz_jtdiy,retweet,0,twitter
hadipranoto89,indibiz_jtdiy,retweet,0,twitter
maura_arica,indibiz_jtdiy,retweet,0,twitter
reinhaver484,reinhaver484,retweet,0,twitter
diiarisme,indibiz_jtdiy,retweet,0,twitter
murdhany88,indibiz_jtdiy,retweet,0,twitter
argentianaa,indibiz_jtdiy,retweet,0,twitter
runaga21,indibiz_jtdiy,retweet,0,twitter
rizarin_anugrah,indibizkti,retweet,0,twitter
indibizsumut,indibiz_sumatra,retweet,0,twitter
indibizmedan,indibiz_sumatra,retweet,0,twitter
indibizjambi,indibiz_sumatra,retweet,0,twitter
indibizsumbar,indibiz_sumatra,retweet,0,twitter
hanjeli_,indibiz_jtdiy,retweet,0,twitter
cottoncwandyz,indibiz_id,retweet,0,twitter
erceperose,indibiz_id,retweet,0,twitter
mimisalami58,indibiz_id,retweet,0,twitter
santaidulugaes,indibiz_id,retweet,0,twitter
bukankatasandi,indibiz_id,retweet,0,twitter
trisusanti61877,indibiz_id,retweet,0,twitter
nalarinjani,indibiz_id,retweet,0,twitter
cuansip,indibiz_id,retweet,0,twitter
rinsa99,indibiz_id,retweet,0,twitter
izhaadam96,indibiz_borneo,retweet,0,twitter
izhaadam96,indibizkti,retweet,0,twitter
izhaadam96,indibiz_id,retweet,0,twitter
basbas_190,indibiz_id,retweet,0,twitter
herlinawati73,indibiz_id,retweet,0,twitter
donevshar,indibiz_id,retweet,0,twitter
alebelpuza,indibiz_borneo,retweet,0,twitter
ahmad_haer,indibiz_jtdiy,retweet,0,twitter
danasitiami,indibiz_id,retweet,0,twitter
yoso351m,indibizkti,retweet,0,twitter
mrkleea1fth,indibiz_id,retweet,0,twitter
mrkleea1fth,indibiz_borneo,retweet,0,twitter
mrkleea1fth,indibizkti,retweet,0,twitter
woonbinaddict,indibiz_id,retweet,0,twitter
woonbinaddict,indibiz_borneo,retweet,0,twitter
woonbinaddict,indibizkti,retweet,0,twitter
waveeyys00,indibizkti,retweet,0,twitter
waveeyys00,indibiz_borneo,retweet,0,twitter
waveeyys00,indibiz_id,retweet,0,twitter
1l0vingskies,indibizkti,retweet,0,twitter
1l0vingskies,indibiz_borneo,retweet,0,twitter
1l0vingskies,indibiz_id,retweet,0,twitter
anitariskamelia,indibiz_id,retweet,0,twitter
luckykeys7_,indibiz_id,retweet,0,twitter
luckykeys7_,indibiz_borneo,retweet,0,twitter
luckykeys7_,indibizkti,retweet,0,twitter
srini_16,indibizkti,retweet,0,twitter
woodeiy,indibizkti,retweet,0,twitter
ijoel_wae,indibizkti,retweet,0,twitter
evanth37,indibiz_id,retweet,0,twitter
ijoel_wae,indibiz_borneo,retweet,0,twitter
raniia_nianiu,indibiz_id,retweet,0,twitter
nandaarsyat,indibiz_id,retweet,0,twitter
mudjiono_easy3,indibizkti,retweet,0,twitter
die_adhie,die_adhie,retweet,0,twitter
maura_arica,indibiz_id,retweet,0,twitter
aghniawan24_,indibiz_id,retweet,0,twitter
fayza_rasyid,indibiz_id,retweet,0,twitter
fayza_rasyid,indibizkti,retweet,0,twitter
dwngraini,indibiz_id,retweet,0,twitter
matcha_sich,indibiz_id,retweet,0,twitter
hadipranoto89,indibiz_id,retweet,0,twitter
kumikowin,indibiz_id,retweet,0,twitter
xx12en_new,indibiz_id,retweet,0,twitter
xx12en_new,indibiz_jtdiy,retweet,0,twitter
ameliawy26,indibiz_jtdiy,retweet,0,twitter
gomet88,indibiz_jtdiy,retweet,0,twitter
angraensety,indibiz_jtdiy,retweet,0,twitter
aghna_na,indibiz_id,retweet,0,twitter
aghna_na,indibiz_jtdiy,retweet,0,twitter
nursollikhatin,indibiz_id,retweet,0,twitter
anoviapebriia,indibiz_jtdiy,retweet,0,twitter
lisaulfa11,indibiz_id,retweet,0,twitter
lisaulfa11,indibiz_borneo,retweet,0,twitter
andjrew_,indibiz_id,retweet,0,twitter
dre_yann,indibiz_id,retweet,0,twitter
andjrew_,indibizkti,retweet,0,twitter
hani6gk,indibiz_id,retweet,0,twitter
amy96jaya,indibiz_borneo,retweet,0,twitter
mastiah_winwin,indibiz_id,retweet,0,twitter
yulydasing,indibiz_jtdiy,retweet,0,twitter
rinnatantri,indibiz_jtdiy,retweet,0,twitter
ambiatallenta,indibiz_id,retweet,0,twitter
nurhasanaah41,indibiz_id,retweet,0,twitter
arizalovic,indibiz_jtdiy,retweet,0,twitter
yellowegg00000,indibiz_jtdiy,retweet,0,twitter
romlidodi,indibiz_jtdiy,retweet,0,twitter
ahmad_haer,indibiz_id,retweet,0,twitter
ahmad_haer,indibizkti,retweet,0,twitter
die_adhie,indibiz_jtdiy,retweet,0,twitter
pujilestar94,indibizkti,retweet,0,twitter
pujilestar94,indibiz_borneo,retweet,0,twitter
santyciu,indibizkti,retweet,0,twitter
trisusanti61877,indibiz_borneo,retweet,0,twitter
watitrisnawat14,indibiz_id,retweet,0,twitter
arikarestama,indibizjbn,retweet,0,twitter
wulan_ndarie99,indibiz_id,retweet,0,twitter
bundarisa28,indibizkti,retweet,0,twitter
cqwqk,indibiz_id,retweet,0,twitter
sipalingmario,indibiz_borneo,retweet,0,twitter
hanjeli_,indibiz_borneo,retweet,0,twitter
fakhri270797,indibizkti,retweet,0,twitter
liansluk,indibiz_borneo,retweet,0,twitter
denistwitt3r,indibizpapua,retweet,0,twitter
darmiko88,indibiz_borneo,retweet,0,twitter
momogvrl_,indibizkti,retweet,0,twitter
rivtya17,indibiz_borneo,retweet,0,twitter
rizkyarum92,indibiz_borneo,retweet,0,twitter
nengdwicahya,indibizkti,retweet,0,twitter
bayukirana7,indibizkti,retweet,0,twitter
chintyameliaa,indibizkti,retweet,0,twitter
strawbubu_,indibiz_id,retweet,0,twitter
raniyuningsih96,indibizkti,retweet,0,twitter
santyciu,indibiz_id,retweet,0,twitter
maziftakh,indibiz_id,retweet,0,twitter
dhie3187,indibizkti,retweet,0,twitter
alamandail,indibizkti,retweet,0,twitter
yellowegg00000,indibizkti,retweet,0,twitter
itsmee_diniiii,indibizkti,retweet,0,twitter
yulydasing,indibiz_id,retweet,0,twitter
is_pelssy,indibiz_borneo,retweet,0,twitter
moorklii,indibizkti,retweet,0,twitter
likaqeela,indibiz_id,retweet,0,twitter
antonmuls,indibiz_borneo,retweet,0,twitter
hadipranoto89,indibiz_borneo,retweet,0,twitter
fayzakan1a,indibizjbn,retweet,0,twitter
irmas8320,indibiz_borneo,retweet,0,twitter
meili76moruk,indibiz_id,retweet,0,twitter
ozifaozi16,indibiz_id,retweet,0,twitter
alamandail,indibiz_borneo,retweet,0,twitter
taufikgv,indibiz_id,retweet,0,twitter
raniia_nianiu,indibiz_borneo,retweet,0,twitter
muhamad_yusuf32,indibiz_id,retweet,0,twitter
darafatika_,indibiz_id,retweet,0,twitter
riniayums04,indibiz_id,retweet,0,twitter
sartikazara,indibiz_borneo,retweet,0,twitter
yellowegg00000,indibiz_borneo,retweet,0,twitter
endra_prayoga,indibiz_id,retweet,0,twitter
yaakulahaku,indibiz_borneo,retweet,0,twitter
rinnatantri,indibiz_id,retweet,0,twitter
m_mahendrajkt48,indibiz_borneo,retweet,0,twitter
wide_win8,indibiz_id,retweet,0,twitter
wide_win8,indibiz_borneo,retweet,0,twitter
momogvrl_,indibiz_borneo,retweet,0,twitter
bapakenduk12,indibiz_id,retweet,0,twitter
katadaniii_,indibiz_borneo,retweet,0,twitter
upi_upi07,indibiz_id,retweet,0,twitter
upi_upi07,indibiz_borneo,retweet,0,twitter
luckyzhef,indibiz_id,retweet,0,twitter
maungklock,indibiz_id,retweet,0,twitter
katadaniii_,indibiz_id,retweet,0,twitter
irmadianpermata,indibiz_id,retweet,0,twitter
sayrenst,indibiz_id,retweet,0,twitter
sayrenst,indibiz_borneo,retweet,0,twitter
ranidevita,indibiz_borneo,retweet,0,twitter
isminofianti,indibiz_id,retweet,0,twitter
raniyuningsih96,indibiz_borneo,retweet,0,twitter
die_adhie,indibiz_id,retweet,0,twitter
die_adhie,indibiz_borneo,retweet,0,twitter
ditqt_,indibiz_id,retweet,0,twitter
ibnu_nugraha28,indibiz_borneo,retweet,0,twitter
ndastarlit,indibiz_id,retweet,0,twitter
jenotanss,indibiz_id,retweet,0,twitter
momogvrl_,indibiz_id,retweet,0,twitter
raniimaulidy,indibiz_id,retweet,0,twitter
romlidodi,indibiz_id,retweet,0,twitter
endothelins,indibiz_id,retweet,0,twitter
gomet88,indibiz_id,retweet,0,twitter
nabillarizkya8,indibiz_id,retweet,0,twitter
antonmuls,indibiz_id,retweet,0,twitter
malazulaika,indibiz_id,retweet,0,twitter
pujilestar94,indibiz_id,retweet,0,twitter
bumiayuandre,indibiz_id,retweet,0,twitter
don___moms,indibiz_id,retweet,0,twitter
fikriarya98,indibiz_id,retweet,0,twitter
almaliatulfit,indibiz_id,retweet,0,twitter
liansluk,indibiz_id,retweet,0,twitter
ani_winnerr,indibiz_id,retweet,0,twitter
akhfajrin,indibiz_id,retweet,0,twitter
fayzakan1a,indibiz_id,retweet,0,twitter
sartikazara,indibiz_id,retweet,0,twitter
rihanaputr80496,indibiz_id,retweet,0,twitter
smoothiezy_,indibiz_id,retweet,0,twitter
imcoco99,indibiz_id,retweet,0,twitter
anitaanwar_,indibiz_id,retweet,0,twitter
raniyuningsih96,indibiz_id,retweet,0,twitter
akunkokgitu15,indibiz_id,retweet,0,twitter
infebriyan128,indibiz_id,retweet,0,twitter
2mazing93,indibiz_id,retweet,0,twitter
hidayatsport,indibiz_sumatra,retweet,0,twitter
charism_web3,indibiz_id,retweet,0,twitter
durikansotong,indibiz_id,retweet,0,twitter
vitreousazure,indibiz_borneo,retweet,0,twitter
ouwlivia,indibiz_id,retweet,0,twitter
indibiz_borneo,indibiz_borneo,retweet,0,twitter
soulofsha_,indibizjbn,retweet,0,twitter
rahmiwm,indibizjbn,retweet,0,twitter
ddiigr,indibizjbn,retweet,0,twitter
mastiah_winwin,indibizjbn,retweet,0,twitter
marotun_s,indibizjbn,retweet,0,twitter
yeniabiex,indibizjbn,retweet,0,twitter
w86401,indibiz_sumatra,retweet,0,twitter
yulydasing,indibizjbn,retweet,0,twitter
nabillarizkya8,indibiz_borneo,retweet,0,twitter
abdiahmad87,indibizjbn,retweet,0,twitter
anitariskamelia,indibiz_borneo,retweet,0,twitter
annajmussaaqib,indibizjbn,retweet,0,twitter
floriwit,indibiz_sumatra,retweet,0,twitter
seovyway,indibiz_borneo,retweet,0,twitter
saepulohcjr,indibizjbn,retweet,0,twitter
wineediar_,indibizjbn,retweet,0,twitter
robain_bai59203,indibizjbn,retweet,0,twitter
ferrycahyadi_,indibizjbn,retweet,0,twitter
diiarisme,indibizjbn,retweet,0,twitter
srini_16,indibizjbn,retweet,0,twitter
cmlldyy,_aboutmalangcom,retweet,0,twitter
anindaisty,indibizjbn,retweet,0,twitter
rais_amat,indibizjbn,retweet,0,twitter
rizarin_anugrah,indibiz_borneo,retweet,0,twitter
moluccas96,indibiz_borneo,retweet,0,twitter
noviembun,_aboutmalangcom,retweet,0,twitter
febyanigusti,indibiz_borneo,retweet,0,twitter
keuangannews_id,keuangannews_id,retweet,0,twitter
fjar_05,indibiz_id,retweet,0,twitter
ndarie,indibiz_id,retweet,0,twitter
pitgowes,indibiz_id,retweet,0,twitter
nalifyaw,indibiz_id,retweet,0,twitter
argentianaa,indibiz_borneo,retweet,0,twitter
martadewangsa93,indibiz_id,retweet,0,twitter
fayza_rasyid,indibiz_borneo,retweet,0,twitter
sipalingmario,indibiz_id,retweet,0,twitter
ririnoriatin,indibiz_borneo,retweet,0,twitter
donibinairawan3,indibiz_borneo,retweet,0,twitter
squashdel,indibiz_id,retweet,0,twitter
nenkyati23,indibiz_id,retweet,0,twitter
ijamokoagow,indibiz_borneo,retweet,0,twitter
mudjiono_easy3,indibiz_id,retweet,0,twitter
andjrew_,indibiz_borneo,retweet,0,twitter
kichiklyly,indibizkti,retweet,0,twitter
yoso351m,indibiz_borneo,retweet,0,twitter
tikanurvidianti,indibiz_borneo,retweet,0,twitter
desyangelia12,indibiz_borneo,retweet,0,twitter
zzahraxyz,indibiz_id,retweet,0,twitter
rosalinafahmi,indibiz_borneo,retweet,0,twitter
nikekurniawt,indibiz_borneo,retweet,0,twitter
diniprratiwi,indibiz_borneo,retweet,0,twitter
sulfanigandur,indibiz_borneo,retweet,0,twitter
4bayuramadhan,indibiz_id,retweet,0,twitter
4bayuramadhan,indibiz_borneo,retweet,0,twitter
wahyupurwaati,indibiz_borneo,retweet,0,twitter
ivansovian_94,indibiz_borneo,retweet,0,twitter
denistwitr,indibiz_borneo,retweet,0,twitter
6iqballe,indibiz_id,retweet,0,twitter
6iqballe,indibiz_borneo,retweet,0,twitter
diniprratiwi,indibiz_id,retweet,0,twitter
tikanurvidianti,indibiz_id,retweet,0,twitter
apriliarahmawt,indibiz_id,retweet,0,twitter
hanindyafeb,indibiz_id,retweet,0,twitter
arisputra96,indibiz_id,retweet,0,twitter
ijamokoagow,indibiz_id,retweet,0,twitter
badawiwoho,indibiz_id,retweet,0,twitter
miya_timah33,indibiz_id,retweet,0,twitter
nara_mutiara,indibiz_id,retweet,0,twitter
smawadah1628,indibiz_id,retweet,0,twitter
devimrd,indibiz_id,retweet,0,twitter
dfmwtii,indibiz_id,retweet,0,twitter
arema_findro,indibiz_id,retweet,0,twitter
laries_04,indibiz_id,retweet,0,twitter
yoso351m,indibiz_id,retweet,0,twitter
zhef_77,indibiz_id,retweet,0,twitter
niananda02,indibiz_id,retweet,0,twitter
ratuwuri,indibiz_id,retweet,0,twitter
karsawiyata,indibiz_id,retweet,0,twitter
rriyaniputry,indibiz_id,retweet,0,twitter
twins22011,indibiz_id,retweet,0,twitter
dinata_eva04,indibiz_id,retweet,0,twitter
prasetyanv,indibiz_id,retweet,0,twitter
rozydania,indibiz_id,retweet,0,twitter
tonyrikimaru,indibiz_id,retweet,0,twitter
vievie_salindri,indibiz_id,retweet,0,twitter
yopanandre,indibiz_id,retweet,0,twitter
dwimaharrani9,indibiz_id,retweet,0,twitter
elysitha99,indibiz_id,retweet,0,twitter
kisnavva85,indibiz_id,retweet,0,twitter
enggarlailai,indibiz_id,retweet,0,twitter
dhie3187,dhie3187,retweet,0,twitter
rrsxya,indibiz_id,retweet,0,twitter
anindaisty,indibiz_id,retweet,0,twitter
asakusi_,indibiz_borneo,retweet,0,twitter
riyanti_marie,indibiz_id,retweet,0,twitter
arizalovic,indibiz_id,retweet,0,twitter
djeentull,indibiz_id,retweet,0,twitter
lusiawansenja,indibiz_id,retweet,0,twitter
mustikasaktii,indibiz_id,retweet,0,twitter
ristyrichaamiin,indibiz_id,retweet,0,twitter
febyanigusti,indibizkti,retweet,0,twitter
anoviapebriia,indibizkti,retweet,0,twitter
sairan355629,indibizkti,retweet,0,twitter
ijamokoagow,indibizkti,retweet,0,twitter
dosiswarna,ngalamfess,retweet,0,twitter
lee_ndraaa,indibizkti,retweet,0,twitter
naomi_diandra86,indibizkti,retweet,0,twitter
smawadah1628,indibizkti,retweet,0,twitter
zatunnisanur,indibizkti,retweet,0,twitter
win_wiwin08,indibizkti,retweet,0,twitter
devimrd,indibizkti,retweet,0,twitter
mek_inter,ngalamfess,retweet,0,twitter
bananadsrv,indibizkti,retweet,0,twitter
kenapaayaya,ngalamfess,retweet,0,twitter
crystalsnowie,indibiz_borneo,retweet,0,twitter
vanhaiya,ngalamfess,retweet,0,twitter
gomet88,indibizkti,retweet,0,twitter
bukanomar_,ngalamfess,retweet,0,twitter
abidinco,ngalamfess,retweet,0,twitter
purwaningrum12,indibizkti,retweet,0,twitter
foryourpagees,ngalamfess,retweet,0,twitter
sisypage,ngalamfess,retweet,0,twitter
shoudberry,ngalamfess,retweet,0,twitter
ilfvles,ngalamfess,retweet,0,twitter
girlwithfearr,ngalamfess,retweet,0,twitter
az_gate28,ngalamfess,retweet,0,twitter
argentianaa,indibizkti,retweet,0,twitter
fatoton,ngalamfess,retweet,0,twitter
ngalamfess,ngalamfess,retweet,0,twitter
pulicikwasong,ngalamfess,retweet,0,twitter
perauthandal,ngalamfess,retweet,0,twitter
itsmerey0101,ngalamfess,retweet,0,twitter
kopjayholic,ngalamfess,retweet,0,twitter
d1mcumentai,ngalamfess,retweet,0,twitter
oceanoskyy,ngalamfess,retweet,0,twitter
disinisen4ng,ngalamfess,retweet,0,twitter
yupivverse,ngalamfess,retweet,0,twitter
annoyedokta,ngalamfess,retweet,0,twitter
gazedte,ngalamfess,retweet,0,twitter
arr_benn,ngalamfess,retweet,0,twitter
6sungjaelly,ngalamfess,retweet,0,twitter
gochueningkai,ngalamfess,retweet,0,twitter
everytimeosh,ngalamfess,retweet,0,twitter
lo0raa_,ngalamfess,retweet,0,twitter
haikalushomadan,ngalamfess,retweet,0,twitter
galeryts94,ngalamfess,retweet,0,twitter
danikakearn,ngalamfess,retweet,0,twitter
kittenilo,ngalamfess,retweet,0,twitter
oykkotsu,ngalamfess,retweet,0,twitter
lutpaaann,ngalamfess,retweet,0,twitter
desverseee,ngalamfess,retweet,0,twitter
sonsonyson,ngalamfess,retweet,0,twitter
joblasphemer,indibizkti,retweet,0,twitter
tikanurvidianti,indibizkti,retweet,0,twitter
callmedara31,indibizkti,retweet,0,twitter
isminofianti,indibizkti,retweet,0,twitter
caksar_,indibizkti,retweet,0,twitter
aw_bornedcloudy,indibizkti,retweet,0,twitter
sayrenst,indibizkti,retweet,0,twitter
hetywulandari8,indibizkti,retweet,0,twitter
yeniabiex,indibizkti,retweet,0,twitter
mahrez54,indibizkti,retweet,0,twitter
vnyfe,indibizkti,retweet,0,twitter
_ayinun,indibizkti,retweet,0,twitter
smoothiezy_,indibizkti,retweet,0,twitter
dinata_eva04,indibizkti,retweet,0,twitter
sabik_87,indibizkti,retweet,0,twitter
callmebackk999,indibizkti,retweet,0,twitter
rais_amat,indibizkti,retweet,0,twitter
ayuesmeralda,indibizkti,retweet,0,twitter
ozifaozi16,indibizkti,retweet,0,twitter
arizalovic,indibizkti,retweet,0,twitter
rizonemohamad,indibizkti,retweet,0,twitter
chionyctophilee,indibizkti,retweet,0,twitter
puspa_wiwik,indibizkti,retweet,0,twitter
hafez_tawon,indibizkti,retweet,0,twitter
wulan_easy3,indibiz_borneo,retweet,0,twitter
