source,target,relationship,followers,platform
indibiz.bali,indibiz,comment,0,tiktok
indibiz.borneo,indibiz,comment,9414,tiktok
indibiz.kti,indibiz,comment,0,tiktok
indibiz.jatengdiy,indibiz,comment,0,tiktok
indibiz.jbn,indibiz,comment,8048,instagram
indibiz.kti,indibiz,comment,10403,instagram
indibiz.id,indibiz,comment,30899,instagram
infoeventekonomi.id,indibiz,comment,15472,instagram
indibiz.id,indibiz,comment,30899,instagram
indibiz.sulbagteng,indibiz,comment,3087,instagram
indibiz.bekasi,indibiz,comment,0,tiktok
pasangindibiz,indibiz,comment,0,tiktok
indibiz.bekasi,indibiz,comment,928,tiktok
haerulhamka01,indibiz,comment,10600,tiktok
sandi_sandoro45,indibiz,comment,570,tiktok
pasangindibiz,indibiz,comment,0,tiktok
indibiz.kti,indibiz,comment,3812,tiktok
indibiz.jbn,indibiz,comment,3332,tiktok
rismanpubg,indibiz,comment,3512,tiktok
indibiz.borneo,indibiz,comment,9414,tiktok
indibiz.telkom.purwodadi,indibiz,comment,217,tiktok
indibiz.kti,indibiz,comment,3812,tiktok
rekomendasi_wifi,indibiz,comment,316,tiktok
dnadigitalm,indibiz,comment,852,tiktok
indibiz.jabotabek,indibiz,comment,1278,tiktok
indibiz.jatengdiy,indibiz,comment,0,tiktok
indibiz.sumatera,indibiz,comment,11274,instagram
indibiz.kaltimtara,indibiz,comment,3385,instagram
indibiz.sulbagteng,indibiz,comment,3087,instagram
indibiz.jbn,indibiz,comment,10820,instagram
arman.anto90,indibiz,comment,304,instagram
jelita_leila02,indibiz,comment,0,instagram
vicky_rompas,indibiz,comment,0,instagram
rstiaprilly_,indibiz,comment,1628,instagram
rstiaprilly_,indibiz,comment,1628,instagram
animosumual,indibiz,comment,69,instagram
hermira16,indibiz,comment,212,instagram
iltorrasyidi,indibiz,comment,72,instagram
vely.angelica,indibiz,comment,1029,instagram
vely.angelica,indibiz,comment,1029,instagram
vely.angelica,indibiz,comment,1029,instagram
matmatmatz,indibiz,comment,233,instagram
sisian_diana,indibiz,comment,358,instagram
sisian_diana,indibiz,comment,358,instagram
mas_tama_agt,indibiz,comment,778,instagram
ratna_ningrum46,indibiz,comment,143,instagram
wulan_amijoyo,indibiz,comment,70,instagram
daratan_teg,indibiz,comment,228,instagram
daratan_teg,indibiz,comment,228,instagram
daratan_teg,indibiz,comment,228,instagram
putputri714,indibiz,comment,904,instagram
cici.heavenly,indibiz,comment,211,instagram
cici.heavenly,indibiz,comment,211,instagram
cici.heavenly,indibiz,comment,211,instagram
cfrilrahmah_,indibiz,comment,1900,instagram
daniella.anna17,indibiz,comment,1128,instagram
daniella.anna17,indibiz,comment,1128,instagram
daniella.anna17,indibiz,comment,1128,instagram
rusna_cc,indibiz,comment,76,instagram
indibiz.sulbagsel,indibiz,comment,3132,instagram
sofiaafitriadnda_,indibiz,comment,3377,instagram
nursantilaosmarito,indibiz,comment,49,instagram
nursantilaosmarito,indibiz,comment,49,instagram
darjaque,indibiz,comment,13746,instagram
darjaque,indibiz,comment,13746,instagram
hanifa_nr4,indibiz,comment,688,instagram
mochamad1990_,indibiz,comment,311,instagram
rubykhayla_07,indibiz,comment,3992,instagram
rubykhayla_07,indibiz,comment,3992,instagram
rubykhayla_07,indibiz,comment,3992,instagram
kzlpnzi,indibiz,comment,1217,instagram
najmasfya,indibiz,comment,266,instagram
ditta.adzra,indibiz,comment,1790,instagram
ansrahma.ynt,indibiz,comment,1505,instagram
ansrahma.ynt,indibiz,comment,1505,instagram
ansrahma.ynt,indibiz,comment,1505,instagram
ansrahma.ynt,indibiz,comment,1505,instagram
chairunnisa2016,indibiz,comment,1,instagram
churiatunnisak,indibiz,comment,2251,instagram
churiatunnisak,indibiz,comment,2251,instagram
churiatunnisak,indibiz,comment,2251,instagram
ersyanaur69,indibiz,comment,0,instagram
cfrilrahmah_,indibiz,comment,1900,instagram
cfrilrahmah_,indibiz,comment,1900,instagram
cfrilrahmah_,indibiz,comment,1900,instagram
syafadias_,indibiz,comment,709,instagram
syafadias_,indibiz,comment,709,instagram
pipinsusilowatii,indibiz,comment,3096,instagram
syafadias_,indibiz,comment,709,instagram
pipinsusilowatii,indibiz,comment,3096,instagram
aprilzahrant,indibiz,comment,2278,instagram
arialexannder,indibiz,comment,2538,instagram
daniati5352,indibiz,comment,3220,instagram
daniati5352,indibiz,comment,3220,instagram
daniati5352,indibiz,comment,3220,instagram
daniati5352,indibiz,comment,3220,instagram
daniati5352,indibiz,comment,3220,instagram
zy.saaaaa_,indibiz,comment,266,instagram
zy.saaaaa_,indibiz,comment,266,instagram
zy.saaaaa_,indibiz,comment,266,instagram
zy.saaaaa_,indibiz,comment,266,instagram
arifah_nuriss26,indibiz,comment,5171,instagram
arifah_nuriss26,indibiz,comment,5171,instagram
arifah_nuriss26,indibiz,comment,5171,instagram
papanyatwinss,indibiz,comment,98,instagram
aliakbarreyhan,indibiz,comment,1075,instagram
helloadtyaa_,indibiz,comment,683,instagram
helloadtyaa_,indibiz,comment,683,instagram
hellodekewina,indibiz,comment,3162,instagram
helloadtyaa_,indibiz,comment,683,instagram
hellodekewina,indibiz,comment,3162,instagram
helloadtyaa_,indibiz,comment,683,instagram
hellodekewina,indibiz,comment,3162,instagram
alfarizkisyakieb,indibiz,comment,1091,instagram
safitri_dsy,indibiz,comment,678,instagram
medinahafidzh,indibiz,comment,1105,instagram
agustin_se11,indibiz,comment,611,instagram
agustin_se11,indibiz,comment,611,instagram
tediprayogaaa,indibiz,comment,784,instagram
muammar.abizar,indibiz,comment,1549,instagram
zahrafatayaaz,indibiz,comment,668,instagram
maskur.winner,indibiz,comment,1934,instagram
maskur.winner,indibiz,comment,1934,instagram
maskur.winner,indibiz,comment,1934,instagram
maskur.winner,indibiz,comment,1934,instagram
maskur.winner,indibiz,comment,1934,instagram
diikyrah,indibiz,comment,510,instagram
diikyrah,indibiz,comment,510,instagram
diikyrah,indibiz,comment,510,instagram
adeanisafh,indibiz,comment,941,instagram
mass.helmiprtmm,indibiz,comment,1035,instagram
zenaalaripin,indibiz,comment,3388,instagram
prabowo.niki,indibiz,comment,605,instagram
prabowo.niki,indibiz,comment,605,instagram
prabowo.niki,indibiz,comment,605,instagram
riianmardani,indibiz,comment,659,instagram
fikaflsh,indibiz,comment,10915,instagram
edgarto.ari,indibiz,comment,1468,instagram
clairefarrone,indibiz,comment,11449,instagram
anggraeeniria,indibiz,comment,3622,instagram
hayulestari29_,indibiz,comment,9318,instagram
dwijuliii,indibiz,comment,5792,instagram
dwijuliii,indibiz,comment,5792,instagram
madani_yahra,indibiz,comment,1947,instagram
madani_yahra,indibiz,comment,1947,instagram
agista.c.l,indibiz,comment,765,instagram
agista.c.l,indibiz,comment,765,instagram
agista.c.l,indibiz,comment,765,instagram
agista.c.l,indibiz,comment,765,instagram
sorayajacob29,indibiz,comment,1191,instagram
afrin_ananda,indibiz,comment,1380,instagram
triyono.ko2,indibiz,comment,254,instagram
triyono.ko2,indibiz,comment,254,instagram
triyono.ko2,indibiz,comment,254,instagram
triyono.ko2,indibiz,comment,254,instagram
agnesjois,indibiz,comment,819,instagram
hernita_syarif,indibiz,comment,1365,instagram
indibiz.sumalut,indibiz,comment,1036,instagram
irma_akhasya96,indibiz,comment,2036,instagram
irma_akhasya96,indibiz,comment,2036,instagram
irma_akhasya96,indibiz,comment,2036,instagram
irma_akhasya96,indibiz,comment,2036,instagram
irma_akhasya96,indibiz,comment,2036,instagram
nopno87,indibiz,comment,1127,instagram
akbaar.ari,indibiz,comment,3861,instagram
septian_rey82,indibiz,comment,18,instagram
cand.ra500,indibiz,comment,289,instagram
adyarizkia,indibiz,comment,1787,instagram
bastian.deyud86,indibiz,comment,1103,instagram
nabilaalexandraa,indibiz,comment,1225,instagram
novii_nizaar,indibiz,comment,839,instagram
novii_nizaar,indibiz,comment,839,instagram
hilya2742,indibiz,comment,539,instagram
hilya2742,indibiz,comment,539,instagram
hilya2742,indibiz,comment,539,instagram
marjua_amna,indibiz,comment,684,instagram
reyhan_aliakbar,indibiz,comment,4626,instagram
ofn.athan,indibiz,comment,181,instagram
we.iloyu,indibiz,comment,171,instagram
bgs.pratama007,indibiz,comment,865,instagram
bgs.pratama007,indibiz,comment,865,instagram
bgs.pratama007,indibiz,comment,865,instagram
andra.look,indibiz,comment,229,instagram
silkanaapriani,indibiz,comment,3290,instagram
silkanaapriani,indibiz,comment,3290,instagram
silkanaapriani,indibiz,comment,3290,instagram
silkanaapriani,indibiz,comment,3290,instagram
silkanaapriani,indibiz,comment,3290,instagram
silkanaapriani,indibiz,comment,3290,instagram
silkanaapriani,indibiz,comment,3290,instagram
silkanaapriani,indibiz,comment,3290,instagram
silkanaapriani,indibiz,comment,3290,instagram
call_me_lalaaaaaaaa,indibiz,comment,867,instagram
call_me_lalaaaaaaaa,indibiz,comment,867,instagram
call_me_lalaaaaaaaa,indibiz,comment,867,instagram
call_me_lalaaaaaaaa,indibiz,comment,867,instagram
call_me_lalaaaaaaaa,indibiz,comment,867,instagram
inalim889,indibiz,comment,951,instagram
inalim889,indibiz,comment,951,instagram
inalim889,indibiz,comment,951,instagram
salimtina08,indibiz,comment,2407,instagram
salimtina08,indibiz,comment,2407,instagram
salimtina08,indibiz,comment,2407,instagram
antonnyberr,indibiz,comment,1099,instagram
antonnyberr,indibiz,comment,1099,instagram
antonnyberr,indibiz,comment,1099,instagram
kakhnis,indibiz,comment,2300,instagram
kakhnis,indibiz,comment,2300,instagram
kakhnis,indibiz,comment,2300,instagram
kakhnis,indibiz,comment,2300,instagram
kakhnis,indibiz,comment,2300,instagram
rinigus_tian,indibiz,comment,1559,instagram
safiracute01,indibiz,comment,93,instagram
putripwh,indibiz,comment,1052,instagram
ayahnya_iza,indibiz,comment,4,instagram
ayahnya_iza,indibiz,comment,4,instagram
dwi_miatun,indibiz,comment,8460,instagram
lindasalam10,indibiz,comment,1624,instagram
lindasalam10,indibiz,comment,1624,instagram
lindasalam10,indibiz,comment,1624,instagram
lindasalam10,indibiz,comment,1624,instagram
lindasalam10,indibiz,comment,1624,instagram
azgarabayu,indibiz,comment,1638,instagram
inaya_sida29,indibiz,comment,218,instagram
inaya_sida29,indibiz,comment,218,instagram
inaya_sida29,indibiz,comment,218,instagram
inaya_sida29,indibiz,comment,218,instagram
inaya_sida29,indibiz,comment,218,instagram
inaya_sida29,indibiz,comment,218,instagram
inaya_sida29,indibiz,comment,218,instagram
inaya_sida29,indibiz,comment,218,instagram
inaya_sida29,indibiz,comment,218,instagram
inaya_sida29,indibiz,comment,218,instagram
inaya_sida29,indibiz,comment,218,instagram
inaya_sida29,indibiz,comment,218,instagram
inaya_sida29,indibiz,comment,218,instagram
inaya_sida29,indibiz,comment,218,instagram
inaya_sida29,indibiz,comment,218,instagram
inaya_sida29,indibiz,comment,218,instagram
inaya_sida29,indibiz,comment,218,instagram
inaya_sida29,indibiz,comment,218,instagram
inaya_sida29,indibiz,comment,218,instagram
inaya_sida29,indibiz,comment,218,instagram
inaya_sida29,indibiz,comment,218,instagram
inaya_sida29,indibiz,comment,218,instagram
inaya_sida29,indibiz,comment,218,instagram
inaya_sida29,indibiz,comment,218,instagram
inaya_sida29,indibiz,comment,218,instagram
inaya_sida29,indibiz,comment,218,instagram
inaya_sida29,indibiz,comment,218,instagram
inaya_sida29,indibiz,comment,218,instagram
dwi_miatun,indibiz,comment,8460,instagram
cakra61_,indibiz,comment,2142,instagram
ikapriita,indibiz,comment,8991,instagram
ikapriita,indibiz,comment,8991,instagram
ikapriita,indibiz,comment,8991,instagram
linaling75,indibiz,comment,1614,instagram
jelita_leila02,indibiz,comment,85,instagram
yuliana.sr45,indibiz,comment,1113,instagram
yuliana.sr45,indibiz,comment,1113,instagram
jelita_leila02,indibiz,comment,85,instagram
jelita_leila02,indibiz,comment,85,instagram
i__srifajar__,indibiz,comment,3416,instagram
rf.prfrstaaa_,indibiz,comment,2347,instagram
mbuarsyaka11,indibiz,comment,50,instagram
arifwargadumay,indibiz,comment,17126,instagram
arifwargadumay,indibiz,comment,17126,instagram
ik_nisa_,indibiz,comment,1543,instagram
ik_nisa_,indibiz,comment,1543,instagram
ik_nisa_,indibiz,comment,1543,instagram
ik_nisa_,indibiz,comment,1543,instagram
ik_nisa_,indibiz,comment,1543,instagram
lia.fajriii,indibiz,comment,385,instagram
lia.fajriii,indibiz,comment,385,instagram
lia.fajriii,indibiz,comment,385,instagram
arifwargadumay,indibiz,comment,17126,instagram
imah.azzahrah,indibiz,comment,1036,instagram
bas_wynr,indibiz,comment,4,instagram
and.ren28,indibiz,comment,497,instagram
achmad_marzuki99,indibiz,comment,1521,instagram
4goes_prasetyo.94,indibiz,comment,154,instagram
4goes_prasetyo.94,indibiz,comment,154,instagram
4goes_prasetyo.94,indibiz,comment,154,instagram
ilham.ali12,indibiz,comment,1017,instagram
bas_wynr,indibiz,comment,4,instagram
bang_arip05,indibiz,comment,1761,instagram
bang_arip05,indibiz,comment,1761,instagram
bang_arip05,indibiz,comment,1761,instagram
bang_arip05,indibiz,comment,1761,instagram
bang_arip05,indibiz,comment,1761,instagram
bang_arip05,indibiz,comment,1761,instagram
sahrul_mulia23,indibiz,comment,191,instagram
nandaamilia_,indibiz,comment,3021,instagram
nandaamilia_,indibiz,comment,3021,instagram
nandaamilia_,indibiz,comment,3021,instagram
riyadiarham,indibiz,comment,4698,instagram
riyadiarham,indibiz,comment,4698,instagram
riyadiarham,indibiz,comment,4698,instagram
ratna_sulistya,indibiz,comment,1177,instagram
ratna_sulistya,indibiz,comment,1177,instagram
elvan_praditia,indibiz,comment,609,instagram
fakih5815,indibiz,comment,175,instagram
aisyahmaryam02,indibiz,comment,2872,instagram
aisyahmaryam02,indibiz,comment,2872,instagram
arifwargadumay,indibiz,comment,17126,instagram
febyfee_,indibiz,comment,2414,instagram
aalrahman08_,indibiz,comment,9,instagram
la.ngra_,indibiz,comment,1106,instagram
aal_foxa,indibiz,comment,1235,instagram
aal_foxa,indibiz,comment,1235,instagram
aal_foxa,indibiz,comment,1235,instagram
shariavebiriana,indibiz,comment,4353,instagram
dani3l_dr,indibiz,comment,2999,instagram
alialexari,indibiz,comment,3121,instagram
chinthiaindah,indibiz,comment,870,instagram
_ernith95,indibiz,comment,1553,instagram
_ernith95,indibiz,comment,1553,instagram
_ernith95,indibiz,comment,1553,instagram
_ernith95,indibiz,comment,1553,instagram
_ernith95,indibiz,comment,1553,instagram
chinthiaindah,indibiz,comment,870,instagram
ifiet.00,indibiz,comment,465,instagram
rstiaprilly_,indibiz,comment,1628,instagram
nouna_mir488,indibiz,comment,237,instagram
mayamilawati,indibiz,comment,1793,instagram
lany_nila14,indibiz,comment,2615,instagram
lany_nila14,indibiz,comment,2615,instagram
lany_nila14,indibiz,comment,2615,instagram
fadhilatulfitria,indibiz,comment,908,instagram
fadhilatulfitria,indibiz,comment,908,instagram
sarahlinasrg,indibiz,comment,4043,instagram
sarahlinasrg,indibiz,comment,4043,instagram
xylo_swy4,indibiz,comment,4,instagram
denisinsta_,indibiz,comment,1169,instagram
rstiaprilly_,indibiz,comment,1628,instagram
rstiaprilly_,indibiz,comment,1628,instagram
rstiaprilly_,indibiz,comment,1628,instagram
edoabiw,indibiz,comment,1052,instagram
edoabiw,indibiz,comment,1052,instagram
edoabiw,indibiz,comment,1052,instagram
saya.noer123,indibiz,comment,862,instagram
saya.noer123,indibiz,comment,862,instagram
saya.noer123,indibiz,comment,862,instagram
saya.noer123,indibiz,comment,862,instagram
saya.noer123,indibiz,comment,862,instagram
saya.noer123,indibiz,comment,862,instagram
saya.noer123,indibiz,comment,862,instagram
saya.noer123,indibiz,comment,862,instagram
saya.noer123,indibiz,comment,862,instagram
saya.noer123,indibiz,comment,862,instagram
saya.noer123,indibiz,comment,862,instagram
saya.noer123,indibiz,comment,862,instagram
saya.noer123,indibiz,comment,862,instagram
saya.noer123,indibiz,comment,862,instagram
saya.noer123,indibiz,comment,862,instagram
saya.noer123,indibiz,comment,862,instagram
farnida.rifda,indibiz,comment,2878,instagram
farnida.rifda,indibiz,comment,2878,instagram
farnida.rifda,indibiz,comment,2878,instagram
anna.mutiara,indibiz,comment,4075,instagram
anna.mutiara,indibiz,comment,4075,instagram
anna.mutiara,indibiz,comment,4075,instagram
frayandika,indibiz,comment,474,instagram
nahdayyyyy,indibiz,comment,604,instagram
nahdayyyyy,indibiz,comment,604,instagram
nahdayyyyy,indibiz,comment,604,instagram
nahdaaaaa__,indibiz,comment,1071,instagram
nahdaaaaa__,indibiz,comment,1071,instagram
nahdaaaaa__,indibiz,comment,1071,instagram
dua_putra605,indibiz,comment,19,instagram
mom_farasfaris,indibiz,comment,1296,instagram
mom_farasfaris,indibiz,comment,1296,instagram
mom_farasfaris,indibiz,comment,1296,instagram
mom_farasfaris,indibiz,comment,1296,instagram
antonsuby8622,indibiz,comment,1321,instagram
antonsuby8622,indibiz,comment,1321,instagram
antonsuby8622,indibiz,comment,1321,instagram
aalrahman08_,indibiz,comment,9,instagram
tychy.ry,indibiz,comment,290,instagram
evalinaatri.r,indibiz,comment,1446,instagram
arilaki.due,indibiz,comment,1233,instagram
arilaki.due,indibiz,comment,1233,instagram
arilaki.due,indibiz,comment,1233,instagram
arilaki.due,indibiz,comment,1233,instagram
arianda.sin,indibiz,comment,535,instagram
arianda.sin,indibiz,comment,535,instagram
arianda.sin,indibiz,comment,535,instagram
arianda.sin,indibiz,comment,535,instagram
lia.fajriii,indibiz,comment,385,instagram
lia.fajriii,indibiz,comment,385,instagram
sar_tikamunthe,indibiz,comment,2703,instagram
sar_tikamunthe,indibiz,comment,2703,instagram
sar_tikamunthe,indibiz,comment,2703,instagram
gabrian_ndruru,indibiz,comment,1919,instagram
gabrian_ndruru,indibiz,comment,1919,instagram
gabrian_ndruru,indibiz,comment,1919,instagram
gabrian_ndruru,indibiz,comment,1919,instagram
gabrian_ndruru,indibiz,comment,1919,instagram
gabrian_ndruru,indibiz,comment,1919,instagram
gabrian_ndruru,indibiz,comment,1919,instagram
birlycuu,indibiz,comment,50,instagram
birlycuu,indibiz,comment,50,instagram
birlycuu,indibiz,comment,50,instagram
birlycuu,indibiz,comment,50,instagram
xylo_swy4,indibiz,comment,4,instagram
_ernith95,indibiz,comment,1553,instagram
_ernith95,indibiz,comment,1553,instagram
_ernith95,indibiz,comment,1553,instagram
_ernith95,indibiz,comment,1553,instagram
_ernith95,indibiz,comment,1553,instagram
_ernith95,indibiz,comment,1553,instagram
_ernith95,indibiz,comment,1553,instagram
_ernith95,indibiz,comment,1553,instagram
_ernith95,indibiz,comment,1553,instagram
_ernith95,indibiz,comment,1553,instagram
_ernith95,indibiz,comment,1553,instagram
_ernith95,indibiz,comment,1553,instagram
_ernith95,indibiz,comment,1553,instagram
_ernith95,indibiz,comment,1553,instagram
_ernith95,indibiz,comment,1553,instagram
svra_b,indibiz,comment,772,instagram
miss.wulans,indibiz,comment,337,instagram
miss.wulans,indibiz,comment,337,instagram
diptastory,indibiz,comment,116,instagram
nursantilaosmarito,indibiz,comment,49,instagram
nursantilaosmarito,indibiz,comment,49,instagram
nursantilaosmarito,indibiz,comment,49,instagram
indibiz.jatengdiy,indibiz,comment,12498,instagram
rstiaprilly_,indibiz,comment,1628,instagram
idnur_,indibiz,comment,1668,instagram
idnur_,indibiz,comment,1668,instagram
bava_rians16,indibiz,comment,16,instagram
rstiaprilly_,indibiz,comment,1628,instagram
itsme_faa_ndr,indibiz,comment,655,instagram
itsme_faa_ndr,indibiz,comment,655,instagram
itsme_faa_ndr,indibiz,comment,655,instagram
itsme_faa_ndr,indibiz,comment,655,instagram
itsme_faa_ndr,indibiz,comment,655,instagram
itsme_faa_ndr,indibiz,comment,655,instagram
itsme_faa_ndr,indibiz,comment,655,instagram
itsme_faa_ndr,indibiz,comment,655,instagram
itsme_faa_ndr,indibiz,comment,655,instagram
tasyasm98,indibiz,comment,380,instagram
ibunya.akmal21,indibiz,comment,288,instagram
cjdw09,indibiz,comment,166,instagram
ichagrisca12,indibiz,comment,2930,instagram
ichagrisca12,indibiz,comment,2930,instagram
ichagrisca12,indibiz,comment,2930,instagram
mama_grace3,indibiz,comment,277,instagram
mama_grace3,indibiz,comment,277,instagram
mama_grace3,indibiz,comment,277,instagram
mama_grace3,indibiz,comment,277,instagram
mama_grace3,indibiz,comment,277,instagram
mama_grace3,indibiz,comment,277,instagram
cb_garag3,indibiz,comment,34,instagram
zaidin_zaiti,indibiz,comment,52,instagram
indibiz.papua,indibiz,comment,1394,instagram
mama_sasti,indibiz,comment,972,instagram
mama_sasti,indibiz,comment,972,instagram
mama_sasti,indibiz,comment,972,instagram
mama_sasti,indibiz,comment,972,instagram
mama_sasti,indibiz,comment,972,instagram
mama_sasti,indibiz,comment,972,instagram
gracella_ndruru,indibiz,comment,1092,instagram
gracella_ndruru,indibiz,comment,1092,instagram
gracella_ndruru,indibiz,comment,1092,instagram
gracella_ndruru,indibiz,comment,1092,instagram
gracella_ndruru,indibiz,comment,1092,instagram
gracella_ndruru,indibiz,comment,1092,instagram
gracella_ndruru,indibiz,comment,1092,instagram
m_ilhamanugerah,indibiz,comment,3140,instagram
damayliade,indibiz,comment,1414,instagram
natali4rose,indibiz,comment,1162,instagram
jamaluddin_hy91,indibiz,comment,1042,instagram
ibunya_nadine,indibiz,comment,1030,instagram
ibunya_nadine,indibiz,comment,1030,instagram
ibunya_nadine,indibiz,comment,1030,instagram
ibunya_nadine,indibiz,comment,1030,instagram
ibunya_nadine,indibiz,comment,1030,instagram
ibunya_nadine,indibiz,comment,1030,instagram
ibunya_nadine,indibiz,comment,1030,instagram
dian_boru_hulu,indibiz,comment,802,instagram
dian_boru_hulu,indibiz,comment,802,instagram
dian_boru_hulu,indibiz,comment,802,instagram
dian_boru_hulu,indibiz,comment,802,instagram
dian_boru_hulu,indibiz,comment,802,instagram
dian_boru_hulu,indibiz,comment,802,instagram
dian_boru_hulu,indibiz,comment,802,instagram
hartartanto8,indibiz,comment,106,instagram
diman_hulu,indibiz,comment,1585,instagram
diman_hulu,indibiz,comment,1585,instagram
diman_hulu,indibiz,comment,1585,instagram
diman_hulu,indibiz,comment,1585,instagram
diman_hulu,indibiz,comment,1585,instagram
diman_hulu,indibiz,comment,1585,instagram
diman_hulu,indibiz,comment,1585,instagram
rich_martin30,indibiz,comment,1204,instagram
rich_martin30,indibiz,comment,1204,instagram
rich_martin30,indibiz,comment,1204,instagram
rich_martin30,indibiz,comment,1204,instagram
rich_martin30,indibiz,comment,1204,instagram
rich_martin30,indibiz,comment,1204,instagram
rich_martin30,indibiz,comment,1204,instagram
miniehawan,indibiz,comment,1918,instagram
miniehawan,indibiz,comment,1918,instagram
itsmedaisy7_,indibiz,comment,302,instagram
numsya_0206,indibiz,comment,2115,instagram
abdiesabiex,indibiz,comment,682,instagram
faa_ndruru,indibiz,comment,13371,instagram
faa_ndruru,indibiz,comment,13371,instagram
faa_ndruru,indibiz,comment,13371,instagram
faa_ndruru,indibiz,comment,13371,instagram
faa_ndruru,indibiz,comment,13371,instagram
faa_ndruru,indibiz,comment,13371,instagram
faa_ndruru,indibiz,comment,13371,instagram
anggraeeniria,indibiz,comment,3622,instagram
anggraeeniria,indibiz,comment,3622,instagram
rstiaprilly_,indibiz,comment,1628,instagram
rstiaprilly_,indibiz,comment,1628,instagram
rstiaprilly_,indibiz,comment,1628,instagram
rstiaprilly_,indibiz,comment,1628,instagram
rstiaprilly_,indibiz,comment,1628,instagram
rstiaprilly_,indibiz,comment,1628,instagram
rstiaprilly_,indibiz,comment,1628,instagram
bellaenuy,indibiz,comment,1227,instagram
melindakailaa_,indibiz,comment,1825,instagram
dy_niaa,indibiz,comment,1042,instagram
attharazka_dwicahya,indibiz,comment,88,instagram
attharazka_dwicahya,indibiz,comment,88,instagram
attharazka_dwicahya,indibiz,comment,88,instagram
attharazka_dwicahya,indibiz,comment,88,instagram
attharazka_dwicahya,indibiz,comment,88,instagram
attharazka_dwicahya,indibiz,comment,88,instagram
attharazka_dwicahya,indibiz,comment,88,instagram
attharazka_dwicahya,indibiz,comment,88,instagram
attharazka_dwicahya,indibiz,comment,88,instagram
smawadah7,indibiz,comment,1393,instagram
yogaprasdwi,indibiz,comment,169,instagram
yogaprasdwi,indibiz,comment,169,instagram
yogaprasdwi,indibiz,comment,169,instagram
yogaprasdwi,indibiz,comment,169,instagram
yogaprasdwi,indibiz,comment,169,instagram
yogaprasdwi,indibiz,comment,169,instagram
pahrulayung_spr,indibiz,comment,1438,instagram
mama_haikal06,indibiz,comment,14,instagram
pahrulayung_spr,indibiz,comment,1438,instagram
inaya_sida29,indibiz,comment,218,instagram
inaya_sida29,indibiz,comment,218,instagram
inaya_sida29,indibiz,comment,218,instagram
inaya_sida29,indibiz,comment,218,instagram
inaya_sida29,indibiz,comment,218,instagram
inaya_sida29,indibiz,comment,218,instagram
inaya_sida29,indibiz,comment,218,instagram
inaya_sida29,indibiz,comment,218,instagram
inaya_sida29,indibiz,comment,218,instagram
inaya_sida29,indibiz,comment,218,instagram
inaya_sida29,indibiz,comment,218,instagram
inaya_sida29,indibiz,comment,218,instagram
antonsuby8622,indibiz,comment,1321,instagram
natgirl770,indibiz,comment,520,instagram
edbert.ivander,indibiz,comment,2272,instagram
inaya_sida29,indibiz,comment,218,instagram
fadhilatulfitria,indibiz,comment,908,instagram
fadhilatulfitria,indibiz,comment,908,instagram
mammihanifah,indibiz,comment,19,instagram
dini_afizah_01,indibiz,comment,162,instagram
amma_dzahabii,indibiz,comment,1578,instagram
tediprayogaaa,indibiz,comment,784,instagram
tediprayogaaa,indibiz,comment,784,instagram
tya.harum,indibiz,comment,630,instagram
arsyifah2017,indibiz,comment,27,instagram
khoirul_anamtatum,indibiz,comment,2970,instagram
khoirul_anamtatum,indibiz,comment,2970,instagram
khoirul_anamtatum,indibiz,comment,2970,instagram
abdul_latif1908,indibiz,comment,923,instagram
abdul_latif1908,indibiz,comment,923,instagram
abdul_latif1908,indibiz,comment,923,instagram
agus.purnomo18_18,indibiz,comment,228,instagram
rstiaprilly_,indibiz,comment,1628,instagram
riianmardani,indibiz,comment,659,instagram
riianmardani,indibiz,comment,659,instagram
ikal.wira132,indibiz,comment,90,instagram
denisaptri,indibiz,comment,7433,instagram
denisaptri,indibiz,comment,7433,instagram
denisaptri,indibiz,comment,7433,instagram
si__bona,indibiz,comment,472,instagram
evanandre97,indibiz,comment,816,instagram
lukman_hakim522,indibiz,comment,480,instagram
lukman_hakim522,indibiz,comment,480,instagram
ofi_adiii,indibiz,comment,935,instagram
dpr_ilham,indibiz,comment,0,instagram
yani_bundaahim18,indibiz,comment,2315,instagram
andriari21,indibiz,comment,1108,instagram
andriari21,indibiz,comment,1108,instagram
andriari21,indibiz,comment,1108,instagram
andriari21,indibiz,comment,1108,instagram
andriari21,indibiz,comment,1108,instagram
antonsuby8622,indibiz,comment,1321,instagram
ametheresias,indibiz,comment,526,instagram
tuanmudda00_,indibiz,comment,143,instagram
zuliatin_123,indibiz,comment,1305,instagram
zuliatin_123,indibiz,comment,1305,instagram
mom_azzarsy,indibiz,comment,64,instagram
mom_azzarsy,indibiz,comment,64,instagram
mom_azzarsy,indibiz,comment,64,instagram
tyana.hsb,indibiz,comment,5745,instagram
poetra_agamm,indibiz,comment,1118,instagram
deliana_1981,indibiz,comment,126,instagram
deliana_1981,indibiz,comment,126,instagram
its.kiimaa_,indibiz,comment,1328,instagram
wtiyas12,indibiz,comment,1627,instagram
callmeasep1,indibiz,comment,2299,instagram
callmeasep1,indibiz,comment,2299,instagram
callmeasep1,indibiz,comment,2299,instagram
lxsumer,indibiz,comment,1819,instagram
nana.y_wirayasa,indibiz,comment,3309,instagram
nana.y_wirayasa,indibiz,comment,3309,instagram
nana.y_wirayasa,indibiz,comment,3309,instagram
ekka.dhomiri,indibiz,comment,19642,instagram
ekka.dhomiri,indibiz,comment,19642,instagram
ekka.dhomiri,indibiz,comment,19642,instagram
ekka.dhomiri,indibiz,comment,19642,instagram
inasembiring366,indibiz,comment,698,instagram
anyaputridaud,indibiz,comment,42,instagram
rdmhd_77,indibiz,comment,258,instagram
daniarozy2,indibiz,comment,1897,instagram
fdlh.nuraaa08,indibiz,comment,3334,instagram
fdlh.nuraaa08,indibiz,comment,3334,instagram
deeeyyyyy_10,indibiz,comment,2334,instagram
and.ren04,indibiz,comment,994,instagram
meysi_mey,indibiz,comment,1709,instagram
meysi_mey,indibiz,comment,1709,instagram
alb3rtsm,indibiz,comment,620,instagram
yantipurnamasari21,indibiz,comment,24,instagram
ginagina_nayla,indibiz,comment,1369,instagram
ramannnsyahhh,indibiz,comment,1572,instagram
sherinadias,indibiz,comment,21243,instagram
sherinadias,indibiz,comment,21243,instagram
andyhidayat_84,indibiz,comment,295,instagram
andyhidayat_84,indibiz,comment,295,instagram
jenk_kris,indibiz,comment,1878,instagram
kha_nza06,indibiz,comment,1162,instagram
andykoprok,indibiz,comment,44,instagram
andykoprok,indibiz,comment,44,instagram
khanza.lin10,indibiz,comment,1248,instagram
raintanmy,indibiz,comment,3231,instagram
wijaji3_,indibiz,comment,325,instagram
wijaji3_,indibiz,comment,325,instagram
jajalanian,indibiz,comment,1463,instagram
rahayuekaf,indibiz,comment,13236,instagram
rahayuekaf,indibiz,comment,13236,instagram
rahayuekaf,indibiz,comment,13236,instagram
rahayuekaf,indibiz,comment,13236,instagram
suryaskwg,indibiz,comment,3670,instagram
evelynsogen_,indibiz,comment,516,instagram
evelynsogen_,indibiz,comment,516,instagram
evelynsogen_,indibiz,comment,516,instagram
evelynsogen_,indibiz,comment,516,instagram
gina.milala1992,indibiz,comment,1077,instagram
ny_qnoy,indibiz,comment,126,instagram
ny_qnoy,indibiz,comment,126,instagram
dayatinst,indibiz,comment,110,instagram
dayatinst,indibiz,comment,110,instagram
ramansyahfrenkyy,indibiz,comment,1687,instagram
ramansyahfrenkyy,indibiz,comment,1687,instagram
melly_moruk,indibiz,comment,5312,instagram
novaayulestari18,indibiz,comment,855,instagram
likaaaeff,indibiz,comment,594,instagram
likaaaeff,indibiz,comment,594,instagram
wien_winingsih,indibiz,comment,199,instagram
raintanmy,indibiz,comment,3231,instagram
framansyahhh_,indibiz,comment,6423,instagram
ainilutviah,indibiz,comment,882,instagram
framansyahhh_,indibiz,comment,6423,instagram
framansyahhh_,indibiz,comment,6423,instagram
dian_rahhma92,indibiz,comment,307,instagram
dian_rahhma92,indibiz,comment,307,instagram
sugarasa_,indibiz,comment,95,instagram
ach.salamun82,indibiz,comment,732,instagram
ahmad_ilhamanugrah,indibiz,comment,1043,instagram
ahmad_ilhamanugrah,indibiz,comment,1043,instagram
ningrumwidiya_,indibiz,comment,2037,instagram
wizzaira,indibiz,comment,1007,instagram
wizzaira,indibiz,comment,1007,instagram
fadhilatulfitria,indibiz,comment,908,instagram
fadhilatulfitria,indibiz,comment,908,instagram
naelsha07,indibiz,comment,2850,instagram
naelsha07,indibiz,comment,2850,instagram
riskaaarynti,indibiz,comment,131,instagram
vian_vianus,indibiz,comment,210,instagram
ahmad_fiqih25,indibiz,comment,3,instagram
juragangrosir86,indibiz,comment,2210,instagram
cr.rhrn,indibiz,comment,1362,instagram
rudiwanserr,indibiz,comment,489,instagram
sebastianahmad22,indibiz,comment,75,instagram
_dileeyey,indibiz,comment,700,instagram
septian_rey82,indibiz,comment,18,instagram
bil.laarchiv,indibiz,comment,1147,instagram
nuhpiyanti_,indibiz,comment,2168,instagram
nuhpiyanti_,indibiz,comment,2168,instagram
nuhpiyanti_,indibiz,comment,2168,instagram
nuhpiyanti_,indibiz,comment,2168,instagram
dhealenn,indibiz,comment,1447,instagram
yna.nvrt,indibiz,comment,1425,instagram
elvandree_,indibiz,comment,67,instagram
denisaput08,indibiz,comment,7502,instagram
denisaput08,indibiz,comment,7502,instagram
denisaput08,indibiz,comment,7502,instagram
yatmadridista,indibiz,comment,145,instagram
rperaw11,indibiz,comment,2314,instagram
yatmadridista,indibiz,comment,145,instagram
almujiid_,indibiz,comment,2036,instagram
mama.yaya1212,indibiz,comment,253,instagram
bas_wynr,indibiz,comment,4,instagram
angeloren3027,indibiz,comment,2735,instagram
stnurliahp,indibiz,comment,54,instagram
daudsam26,indibiz,comment,1645,instagram
bas_wynr,indibiz,comment,4,instagram
axyd22,indibiz,comment,1714,instagram
ronyklt,indibiz,comment,1692,instagram
ernha.supermom,indibiz,comment,226,instagram
jezz_pricila,indibiz,comment,1249,instagram
mba_yul54,indibiz,comment,111,instagram
valencia.angelica.sujanto,indibiz,comment,0,instagram
yanuarnurimam,indibiz,comment,10962,instagram
yanuarnurimam,indibiz,comment,10962,instagram
dewii_980,indibiz,comment,1715,instagram
dewii_980,indibiz,comment,1715,instagram
dewii_980,indibiz,comment,1715,instagram
mremy599,indibiz,comment,50,instagram
eti_tursiti,indibiz,comment,1032,instagram
truelivving_,indibiz,comment,992,instagram
ny_qnoy,indibiz,comment,126,instagram
ny_qnoy,indibiz,comment,126,instagram
dvie_deanz,indibiz,comment,2872,instagram
issti.qomariyah,indibiz,comment,599,instagram
issti.qomariyah,indibiz,comment,599,instagram
issti.qomariyah,indibiz,comment,599,instagram
suci_wlndri98,indibiz,comment,1885,instagram
suci_wlndri98,indibiz,comment,1885,instagram
suci_wlndri98,indibiz,comment,1885,instagram
yanuarnurimam,indibiz,comment,10962,instagram
yanuarnurimam,indibiz,comment,10962,instagram
yanuarnurimam,indibiz,comment,10962,instagram
yanuarnurimam,indibiz,comment,10962,instagram
yanuarnurimam,indibiz,comment,10962,instagram
yanuarnurimam,indibiz,comment,10962,instagram
yanuarnurimam,indibiz,comment,10962,instagram
piyandi29,indibiz,comment,1497,instagram
iirmast_,indibiz,comment,3228,instagram
lorrainetania,indibiz,comment,1241,instagram
azam_lilik,indibiz,comment,3398,instagram
tiaralarasati999,indibiz,comment,5725,instagram
aprilzahrant,indibiz,comment,2278,instagram
aprilzahrant,indibiz,comment,2278,instagram
aprilzahrant,indibiz,comment,2278,instagram
aprilzahrant,indibiz,comment,2278,instagram
aprilzahrant,indibiz,comment,2278,instagram
aprilzahrant,indibiz,comment,2278,instagram
aprilzahrant,indibiz,comment,2278,instagram
aprilzahrant,indibiz,comment,2278,instagram
aprilzahrant,indibiz,comment,2278,instagram
aprilzahrant,indibiz,comment,2278,instagram
aprilzahrant,indibiz,comment,2278,instagram
aprilzahrant,indibiz,comment,2278,instagram
aprilzahrant,indibiz,comment,2278,instagram
aprilzahrant,indibiz,comment,2278,instagram
aprilzahrant,indibiz,comment,2278,instagram
aprilzahrant,indibiz,comment,2278,instagram
aprilzahrant,indibiz,comment,2278,instagram
aprilzahrant,indibiz,comment,2278,instagram
aprilzahrant,indibiz,comment,2278,instagram
aprilzahrant,indibiz,comment,2278,instagram
aprilzahrant,indibiz,comment,2278,instagram
aprilzahrant,indibiz,comment,2278,instagram
aprilzahrant,indibiz,comment,2278,instagram
aprilzahrant,indibiz,comment,2278,instagram
aprilzahrant,indibiz,comment,2278,instagram
ranzaall,indibiz,comment,176,instagram
mitul.fh,indibiz,comment,1206,instagram
matmatmatz,indibiz,comment,233,instagram
wtrimaulida,indibiz,comment,3265,instagram
mufians27,indibiz,comment,466,instagram
_eva.r26,indibiz,comment,655,instagram
lilik_rose15,indibiz,comment,489,instagram
ci_ciaaa8,indibiz,comment,134,instagram
habibah_anissa08,indibiz,comment,178,instagram
habibah_anissa08,indibiz,comment,178,instagram
anyapd_,indibiz,comment,1672,instagram
rian.sr30__,indibiz,comment,16,instagram
aracantik2319,indibiz,comment,289,instagram
corneliaberly63,indibiz,comment,3270,instagram
corneliaberly63,indibiz,comment,3270,instagram
nouna_mir488,indibiz,comment,237,instagram
handayani_rzk,indibiz,comment,821,instagram
jee_han04,indibiz,comment,49,instagram
comsie18,indibiz,comment,842,instagram
ana.marpaung21,indibiz,comment,11835,instagram
ana.marpaung21,indibiz,comment,11835,instagram
hermansumanjaya,indibiz,comment,990,instagram
sitti_lur,indibiz,comment,712,instagram
antonsuby8622,indibiz,comment,1321,instagram
ursweetfunkiest,indibiz,comment,1542,instagram
ursweetfunkiest,indibiz,comment,1542,instagram
nandangirpan,indibiz,comment,865,instagram
xylo_swy4,indibiz,comment,4,instagram
klisnapinkkitty18,indibiz,comment,835,instagram
nurchotimah2198,indibiz,comment,3264,instagram
herdi_pasker,indibiz,comment,9795,instagram
rizkita_za,indibiz,comment,841,instagram
widiiiii87,indibiz,comment,2004,instagram
rianti_yusvita,indibiz,comment,702,instagram
rianti_yusvita,indibiz,comment,702,instagram
rianti_yusvita,indibiz,comment,702,instagram
rianti_yusvita,indibiz,comment,702,instagram
rianti_yusvita,indibiz,comment,702,instagram
rianti_yusvita,indibiz,comment,702,instagram
nbila_billo,indibiz,comment,29,instagram
rhmadsupian_,indibiz,comment,1667,instagram
nengvirgo_matchaaa,indibiz,comment,630,instagram
mak_gurita,indibiz,comment,3695,instagram
hanabella585,indibiz,comment,22,instagram
epins28,indibiz,comment,922,instagram
jemmyjasey,indibiz,comment,1624,instagram
fyiie,indibiz,comment,2074,instagram
ratrinuhoni,indibiz,comment,1269,instagram
ekas585,indibiz,comment,1456,instagram
alvikho8,indibiz,comment,27,instagram
alvikho8,indibiz,comment,27,instagram
alvikho8,indibiz,comment,27,instagram
sabrinanur___,indibiz,comment,619,instagram
sinta_suprapti,indibiz,comment,1812,instagram
rianto.95,indibiz,comment,156,instagram
callme_fhatt,indibiz,comment,297,instagram
callme_fhatt,indibiz,comment,297,instagram
callme_fhatt,indibiz,comment,297,instagram
callme_fhatt,indibiz,comment,297,instagram
callme_fhatt,indibiz,comment,297,instagram
callme_fhatt,indibiz,comment,297,instagram
ermira_haryanto,indibiz,comment,1382,instagram
mutiimnidaa,indibiz,comment,159,instagram
mutiimnidaa,indibiz,comment,159,instagram
hrrr788,indibiz,comment,1193,instagram
dinkazikraa,indibiz,comment,156,instagram
restiuswatun19,indibiz,comment,1123,instagram
restiuswatun19,indibiz,comment,1123,instagram
restiuswatun19,indibiz,comment,1123,instagram
restiuswatun19,indibiz,comment,1123,instagram
restiuswatun19,indibiz,comment,1123,instagram
restiuswatun19,indibiz,comment,1123,instagram
restiuswatun19,indibiz,comment,1123,instagram
ekaa24__,indibiz,comment,370,instagram
amaara11__,indibiz,comment,1034,instagram
restiuswatun19,indibiz,comment,1123,instagram
awundarr,indibiz,comment,1229,instagram
indibiz.jatengdiy,indibiz,comment,12458,instagram
indibiz.jatengdiy,indibiz,comment,12458,instagram
indibiz.jatengdiy,indibiz,comment,12458,instagram
indibiz.jatengdiy,indibiz,comment,12458,instagram
valery_cless,indibiz,comment,315,instagram
indibiz.jatengdiy,indibiz,comment,12458,instagram
indibiz.jatengdiy,indibiz,comment,12458,instagram
indibiz.jatengdiy,indibiz,comment,12458,instagram
fransda78,indibiz,comment,1459,instagram
fransda78,indibiz,comment,1459,instagram
fransda78,indibiz,comment,1459,instagram
fransda78,indibiz,comment,1459,instagram
fransda78,indibiz,comment,1459,instagram
indibiz.jatengdiy,indibiz,comment,12458,instagram
indibiz.jatengdiy,indibiz,comment,12458,instagram
indibiz.jatengdiy,indibiz,comment,12458,instagram
indibiz.jatengdiy,indibiz,comment,12458,instagram
indibiz.jatengdiy,indibiz,comment,12458,instagram
indibiz.jatengdiy,indibiz,comment,12458,instagram
dhienarevanna,indibiz,comment,682,instagram
elislisnawati0582,indibiz,comment,43,instagram
mimiyaya_____,indibiz,comment,369,instagram
ifiet.00,indibiz,comment,465,instagram
miciku8,indibiz,comment,1014,instagram
bang_ek407,indibiz,comment,193,instagram
la_olla98,indibiz,comment,141,instagram
de_ratna_s,indibiz,comment,1467,instagram
ekosaputra17_,indibiz,comment,5787,instagram
ekosaputra17_,indibiz,comment,5787,instagram
ekosaputra17_,indibiz,comment,5787,instagram
cicimarethaw,indibiz,comment,3085,instagram
cicimarethaw,indibiz,comment,3085,instagram
wahyuniria2106,indibiz,comment,1724,instagram
hello.jiaan,indibiz,comment,83,instagram
rizalefesussitinjak,indibiz,comment,1469,instagram
callme.adeell,indibiz,comment,23,instagram
alexander_rambe22,indibiz,comment,299,instagram
dzakirah_86,indibiz,comment,154,instagram
zara_azima17,indibiz,comment,1490,instagram
e_psbr,indibiz,comment,234,instagram
mayysig91,indibiz,comment,22,instagram
mohammad_abdul_rifai,indibiz,comment,380,instagram
mohammad_abdul_rifai,indibiz,comment,380,instagram
sugiartiina_,indibiz,comment,1262,instagram
momrakasalman,indibiz,comment,129,instagram
satriagitara,indibiz,comment,288,instagram
yulie.ieie,indibiz,comment,52,instagram
lio.nafr,indibiz,comment,412,instagram
lio.nafr,indibiz,comment,412,instagram
iput.iwiw,indibiz,comment,44,instagram
ditanurmalita,indibiz,comment,707,instagram
jakajulianis,indibiz,comment,232,instagram
lia_herma36,indibiz,comment,1537,instagram
lia_herma36,indibiz,comment,1537,instagram
lia_herma36,indibiz,comment,1537,instagram
triyani_afit,indibiz,comment,1532,instagram
vy.s05,indibiz,comment,1547,instagram
iiedakurniiawan16,indibiz,comment,104,instagram
alam.syah2217,indibiz,comment,50,instagram
alam.syah2217,indibiz,comment,50,instagram
alam.syah2217,indibiz,comment,50,instagram
alam.syah2217,indibiz,comment,50,instagram
alam.syah2217,indibiz,comment,50,instagram
alam.syah2217,indibiz,comment,50,instagram
adhie2335,indibiz,comment,623,instagram
adhie2335,indibiz,comment,623,instagram
mamacha_ca,indibiz,comment,295,instagram
musni_yar,indibiz,comment,451,instagram
musni_yar,indibiz,comment,451,instagram
musni_yar,indibiz,comment,451,instagram
musni_yar,indibiz,comment,451,instagram
ningsihmaniss,indibiz,comment,1615,instagram
emisetya27,indibiz,comment,1709,instagram
emisetya27,indibiz,comment,1709,instagram
elida_ys22,indibiz,comment,353,instagram
dyt_inst,indibiz,comment,73,instagram
dyt_inst,indibiz,comment,73,instagram
daudsam42,indibiz,comment,1308,instagram
ap_kuways,indibiz,comment,1102,instagram
hananurhan,indibiz,comment,642,instagram
bas_wynr,indibiz,comment,4,instagram
bas_wynr,indibiz,comment,4,instagram
bas_wynr,indibiz,comment,4,instagram
bas_wynr,indibiz,comment,4,instagram
bas_wynr,indibiz,comment,4,instagram
bas_wynr,indibiz,comment,4,instagram
bas_wynr,indibiz,comment,4,instagram
bas_wynr,indibiz,comment,4,instagram
ainoera,indibiz,comment,639,instagram
asep_zulkarnaen,indibiz,comment,1035,instagram
bil.laarchiv,indibiz,comment,1147,instagram
ai_tasyaa24,indibiz,comment,260,instagram
adriananolamar.07,indibiz,comment,3997,instagram
kokokr8_,indibiz,comment,3064,instagram
novi_nyn,indibiz,comment,98,instagram
naadiazv,indibiz,comment,1704,instagram
bunda_yamy,indibiz,comment,2445,instagram
yuma_riany,indibiz,comment,28,instagram
belgia.putra,indibiz,comment,919,instagram
ranii.maulidy,indibiz,comment,3168,instagram
ranii.maulidy,indibiz,comment,3168,instagram
ranii.maulidy,indibiz,comment,3168,instagram
yhanie_jioky,indibiz,comment,2092,instagram
ririen_quinsha,indibiz,comment,54,instagram
noviyanti_noy,indibiz,comment,697,instagram
mahardika1995__,indibiz,comment,155,instagram
nadiasavirad,indibiz,comment,6675,instagram
bapakibu3krucils,indibiz,comment,1186,instagram
bapakibu3krucils,indibiz,comment,1186,instagram
ef_ivans,indibiz,comment,71,instagram
sabrinanur___,indibiz,comment,619,instagram
bapakibu3krucils,indibiz,comment,1186,instagram
dewi.dks,indibiz,comment,1241,instagram
cillss14,indibiz,comment,202,instagram
nurhas235,indibiz,comment,61,instagram
nursantilaosmarito,indibiz,comment,49,instagram
tiwi_uchul,indibiz,comment,891,instagram
fadhilatulfitria,indibiz,comment,908,instagram
hamba_allah747,indibiz,comment,55,instagram
aziezpapanya,indibiz,comment,146,instagram
deliana_1981,indibiz,comment,126,instagram
agusstankovic,indibiz,comment,1300,instagram
tiandventure,indibiz,comment,1361,instagram
dindafajriah,indibiz,comment,1224,instagram
zahraainii.9703,indibiz,comment,1008,instagram
wahyu_bagusferdiansyah,indibiz,comment,366,instagram
yoesbiyantipalullungan,indibiz,comment,1308,instagram
rizvan_za24,indibiz,comment,85,instagram
jumadie_87,indibiz,comment,268,instagram
mom_azzarsy,indibiz,comment,64,instagram
mom_azzarsy,indibiz,comment,64,instagram
mom_azzarsy,indibiz,comment,64,instagram
vellavioletta28_,indibiz,comment,1666,instagram
jukik_mj99,indibiz,comment,2566,instagram
vellavioletta28_,indibiz,comment,1666,instagram
sabila_munaff,indibiz,comment,78,instagram
mrizqy_aditya,indibiz,comment,1150,instagram
maliivanefendi13,indibiz,comment,125,instagram
humaira.indah7,indibiz,comment,3071,instagram
m_rizqy_aditya,indibiz,comment,625,instagram
ummamii_vn,indibiz,comment,229,instagram
catattian,indibiz,comment,1735,instagram
nov.noyy,indibiz,comment,290,instagram
noy_8481,indibiz,comment,274,instagram
badaruddin.nurul,indibiz,comment,1414,instagram
ernahandayani330,indibiz,comment,2130,instagram
ernahandayani330,indibiz,comment,2130,instagram
ernahandayani330,indibiz,comment,2130,instagram
ernahandayani330,indibiz,comment,2130,instagram
nona_lily21,indibiz,comment,1703,instagram
ernahandayani330,indibiz,comment,2130,instagram
ernahandayani330,indibiz,comment,2130,instagram
ernahandayani330,indibiz,comment,2130,instagram
ernahandayani330,indibiz,comment,2130,instagram
ernahandayani330,indibiz,comment,2130,instagram
nisyaluxs,indibiz,comment,2438,instagram
wulansari2223,indibiz,comment,1155,instagram
santy.ciu,indibiz,comment,6498,instagram
lestari_swetty,indibiz,comment,2857,instagram
yulie_sa,indibiz,comment,976,instagram
akabar71191,indibiz,comment,213,instagram
akabar71191,indibiz,comment,213,instagram
ay_ayun_,indibiz,comment,865,instagram
kasmakarine,indibiz,comment,1656,instagram
fathoerrojak,indibiz,comment,153,instagram
dyendazzahra,indibiz,comment,1223,instagram
ivonnaivo,indibiz,comment,1991,instagram
inong24__,indibiz,comment,828,instagram
bundnana_,indibiz,comment,763,instagram
bundnana_,indibiz,comment,763,instagram
rizvanz_za,indibiz,comment,20,instagram
bundnana_,indibiz,comment,763,instagram
rizvan_zaa,indibiz,comment,21,instagram
listirayya,indibiz,comment,856,instagram
m_rizqy_adityaa,indibiz,comment,22,instagram
icyy_rara,indibiz,comment,1151,instagram
sinta_norii,indibiz,comment,1222,instagram
sinta_norii,indibiz,comment,1222,instagram
ipank_coey,indibiz,comment,36,instagram
m_ali_ivan_efendi06,indibiz,comment,59,instagram
habibah_anissa08,indibiz,comment,178,instagram
habibah_anissa08,indibiz,comment,178,instagram
jah_dijah08,indibiz,comment,2803,instagram
m_rizqy_aditya12,indibiz,comment,457,instagram
gayatrii9628,indibiz,comment,1029,instagram
nengsideos90,indibiz,comment,201,instagram
fitriahay_06,indibiz,comment,2021,instagram
fitriahay_06,indibiz,comment,2021,instagram
rismaranti68,indibiz,comment,1023,instagram
fitriahay_06,indibiz,comment,2021,instagram
nhaaaaana_____,indibiz,comment,1298,instagram
agustplan,indibiz,comment,2017,instagram
nhaaaaana_____,indibiz,comment,1298,instagram
antoviirus,indibiz,comment,1287,instagram
papskiarunarara,indibiz,comment,707,instagram
_mamahtika1909,indibiz,comment,323,instagram
ekofokus3,indibiz,comment,1533,instagram
_mamahtika1909,indibiz,comment,323,instagram
malla_zulaika92,indibiz,comment,2010,instagram
vinaarunika_,indibiz,comment,643,instagram
vinaarunika_,indibiz,comment,643,instagram
dina_azzahra03,indibiz,comment,376,instagram
rannydarma,indibiz,comment,4841,instagram
srianii81,indibiz,comment,571,instagram
la_rechiika,indibiz,comment,10094,instagram
cindysirait,indibiz,comment,23260,instagram
setiawandi07,indibiz,comment,1186,instagram
bava_rians16,indibiz,comment,16,instagram
sang_creators,indibiz,comment,6241,instagram
adisagna04,indibiz,comment,1702,instagram
naurayyan18,indibiz,comment,162,instagram
lenaevano1827,indibiz,comment,403,instagram
rianelanggg,indibiz,comment,1198,instagram
rieany03,indibiz,comment,365,instagram
lenaevano1827,indibiz,comment,403,instagram
antobisaa1,indibiz,comment,1694,instagram
oktin_elbil,indibiz,comment,1269,instagram
oktin_elbil,indibiz,comment,1269,instagram
lenaevano1827,indibiz,comment,403,instagram
myma21jkt,indibiz,comment,1444,instagram
trilukmann,indibiz,comment,1133,instagram
4goes_prasetyo.94,indibiz,comment,154,instagram
hennyyua,indibiz,comment,812,instagram
fransda78,indibiz,comment,1459,instagram
angeloren3027,indibiz,comment,2735,instagram
fransda78,indibiz,comment,1459,instagram
fransda78,indibiz,comment,1459,instagram
fransda78,indibiz,comment,1459,instagram
fransda78,indibiz,comment,1459,instagram
yul.yuli25_,indibiz,comment,527,instagram
tiansantoso91,indibiz,comment,880,instagram
nabillah_0043,indibiz,comment,637,instagram
thia_thia14,indibiz,comment,2515,instagram
birong_andri23,indibiz,comment,799,instagram
ainurhas788,indibiz,comment,228,instagram
heysaa17,indibiz,comment,1819,instagram
viannizam29,indibiz,comment,1075,instagram
andindahesty_,indibiz,comment,1178,instagram
ahmadfajriyan,indibiz,comment,2139,instagram
ryela_aripin,indibiz,comment,33699,instagram
ningsih_822,indibiz,comment,2814,instagram
herdi_antas,indibiz,comment,1492,instagram
rizaldi773_,indibiz,comment,362,instagram
daniarozy2,indibiz,comment,1897,instagram
antonsuby8622,indibiz,comment,1321,instagram
inaya_sida29,indibiz,comment,218,instagram
indibiz.sumatera,indibiz,comment,13887,instagram
junitamilasaris,indibiz,comment,2015,instagram
junitamilasaris,indibiz,comment,2015,instagram
ti.umkla,indibiz,comment,133,instagram
sintia_rahma445,indibiz,comment,12,instagram
nursantilaosmarito,indibiz,comment,49,instagram
itsmenuratika_,indibiz,comment,316,instagram
itsmenuratika_,indibiz,comment,316,instagram
itsmenuratika_,indibiz,comment,316,instagram
indibiz.jatengdiy,indibiz,comment,12498,instagram
diannatale,indibiz,comment,11054,instagram
restiuswatun19,indibiz,comment,1123,instagram
rachman_eko,indibiz,comment,639,instagram
diannatale,indibiz,comment,11054,instagram
diannatale,indibiz,comment,11054,instagram
nursantilaosmarito,indibiz,comment,49,instagram
antonsuby8622,indibiz,comment,1321,instagram
momachie,indibiz,comment,1318,instagram
cahyana_____,indibiz,comment,175,instagram
riskaaarynti,indibiz,comment,131,instagram
indibiz_indihome_mojokerto,indibiz,comment,18,instagram
_raindaa,indibiz,comment,1222,instagram
indibiz.jbn,indibiz,comment,10820,instagram
guntar_firdaus,indibiz,comment,2225,instagram
rathuibliss,indibiz,comment,90,instagram
zackyen,indibiz,comment,252,instagram
negarabiyuu,indibiz,comment,153,instagram
negarabiyuu,indibiz,comment,153,instagram
negarabiyuu,indibiz,comment,153,instagram
adirsyaa,indibiz,comment,28498,instagram
deekaa.25,indibiz,comment,341,instagram
deekaa.25,indibiz,comment,341,instagram
fiikriimuhmdtaufik,indibiz,comment,695,instagram
kadafi_maulana,indibiz,comment,2219,instagram
hidden.glimpse__,indibiz,comment,135,instagram
hidden.glimpse__,indibiz,comment,135,instagram
ilhamp_pratama,indibiz,comment,3036,instagram
ilhamp_pratama,indibiz,comment,3036,instagram
arkan_muhammad098,indibiz,comment,41,instagram
mohmd_farhannn,indibiz,comment,1138,instagram
anwarseeker,indibiz,comment,162,instagram
mohmd_farhannn,indibiz,comment,1138,instagram
ja_ya8460,indibiz,comment,133,instagram
ja_ya8460,indibiz,comment,133,instagram
ja_ya8460,indibiz,comment,133,instagram
ja_ya8460,indibiz,comment,133,instagram
nursantilaosmarito,indibiz,comment,49,instagram
indibiz.jatengdiy,indibiz,comment,12497,instagram
boyzawi_hm,indibiz,comment,596,instagram
eyedenn,indibiz,comment,12,instagram
inaya_sida29,indibiz,comment,218,instagram
xylo_swy4,indibiz,comment,4,instagram
xylo_swy4,indibiz,comment,4,instagram
xylo_swy4,indibiz,comment,4,instagram
nursantilaosmarito,indibiz,comment,49,instagram
indibiz.sumatera,indibiz,comment,13887,instagram
ulfa.unaa,indibiz,comment,161,instagram
ulfa.unaa,indibiz,comment,161,instagram
eloziey,indibiz,comment,443,instagram
eloziey,indibiz,comment,443,instagram
icaannisa11_,indibiz,comment,2063,instagram
13s.febri,indibiz,comment,41,instagram
indibiz_indihome_mojokerto,indibiz,comment,18,instagram
aamamaliah88_,indibiz,comment,1774,instagram
aamamaliah88_,indibiz,comment,1774,instagram
arymashuda10,indibiz,comment,491,instagram
indibiz.sumatera,indibiz,comment,13887,instagram
widyasessy,indibiz,comment,406,instagram
widyasessy,indibiz,comment,406,instagram
widyasessy,indibiz,comment,406,instagram
bayuroams,indibiz,comment,71,instagram
alivgigih,indibiz,comment,701,instagram
kesanaaaaakesiniiiiii,indibiz,comment,1285,instagram
tichsanularif,indibiz,comment,5697,instagram
rifandianggasaputra,indibiz,comment,573,instagram
rifandianggasaputra,indibiz,comment,573,instagram
uncledo.cof,indibiz,comment,535,instagram
hasrullah_syam,indibiz,comment,1375,instagram
widyasessy,indibiz,comment,406,instagram
widyasessy,indibiz,comment,406,instagram
widyasessy,indibiz,comment,406,instagram
widyasessy,indibiz,comment,406,instagram
widyasessy,indibiz,comment,406,instagram
uiichuaby,indibiz,comment,290,instagram
duuwiique,indibiz,comment,2284,instagram
yusmaniskandar,indibiz,comment,298,instagram
yusmaniskandar,indibiz,comment,298,instagram
ansrahma.ynt,indibiz,comment,1505,instagram
ansrahma.ynt,indibiz,comment,1505,instagram
ansrahma.ynt,indibiz,comment,1505,instagram
ansrahma.ynt,indibiz,comment,1505,instagram
aqilla_fachry,indibiz,comment,2534,instagram
aqilla_fachry,indibiz,comment,2534,instagram
aqilla_fachry,indibiz,comment,2534,instagram
aqilla_fachry,indibiz,comment,2534,instagram
aqilla_fachry,indibiz,comment,2534,instagram
fitrah_pratama10,indibiz,comment,130,instagram
putri_rahmadi99,indibiz,comment,301,instagram
arilaki.due,indibiz,comment,1233,instagram
arilaki.due,indibiz,comment,1233,instagram
arilaki.due,indibiz,comment,1233,instagram
arilaki.due,indibiz,comment,1233,instagram
arianda.sin,indibiz,comment,535,instagram
arianda.sin,indibiz,comment,535,instagram
arianda.sin,indibiz,comment,535,instagram
arianda.sin,indibiz,comment,535,instagram
arianda.sin,indibiz,comment,535,instagram
indibiz.jatengdiy,indibiz,comment,12458,instagram
indibiz.jatengdiy,indibiz,comment,12458,instagram
indibiz.jatengdiy,indibiz,comment,12458,instagram
indibiz.jatengdiy,indibiz,comment,12458,instagram
cakra61_,indibiz,comment,2142,instagram
mhd_firmansyahputra,indibiz,comment,28,instagram
dydhi45,indibiz,comment,596,instagram
rubykhayla_07,indibiz,comment,3992,instagram
rubykhayla_07,indibiz,comment,3992,instagram
rubykhayla_07,indibiz,comment,3992,instagram
usokbeby7,indibiz,comment,675,instagram
usokbeby7,indibiz,comment,675,instagram
usokbeby7,indibiz,comment,675,instagram
hanifa_nr4,indibiz,comment,688,instagram
i__srifajar__,indibiz,comment,3416,instagram
churiatunnisak,indibiz,comment,2251,instagram
churiatunnisak,indibiz,comment,2251,instagram
churiatunnisak,indibiz,comment,2251,instagram
suwanda1122,indibiz,comment,765,instagram
najmasfya,indibiz,comment,266,instagram
m.mukmin_,indibiz,comment,32,instagram
jastin_abucejo,indibiz,comment,0,instagram
levinayaung,indibiz,comment,39075,instagram
m.mukmin_,indibiz,comment,32,instagram
ameerashavanasution,indibiz,comment,367,instagram
_adelio_adrian_,indibiz,comment,26,instagram
_adelio_adrian_,indibiz,comment,26,instagram
ditta.adzra,indibiz,comment,1790,instagram
maminya_nayyara,indibiz,comment,1478,instagram
chairunnisa2016,indibiz,comment,1,instagram
ersyanaur69,indibiz,comment,0,instagram
irnafbryni,indibiz,comment,3730,instagram
ikal_drakor,indibiz,comment,116,instagram
ialdiyans,indibiz,comment,897,instagram
zy.saaaaa_,indibiz,comment,266,instagram
zy.saaaaa_,indibiz,comment,266,instagram
zlfnisa12,indibiz,comment,1517,instagram
zlfnisa12,indibiz,comment,1517,instagram
meityfera599_,indibiz,comment,3038,instagram
meityfera599_,indibiz,comment,3038,instagram
nandaamilia_,indibiz,comment,3021,instagram
nandaamilia_,indibiz,comment,3021,instagram
nandaamilia_,indibiz,comment,3021,instagram
alfatih_kaza,indibiz,comment,360,instagram
alfatih_kaza,indibiz,comment,360,instagram
fikaflsh,indibiz,comment,10915,instagram
mommy_salma6,indibiz,comment,1286,instagram
haiyuliaarr27_,indibiz,comment,1961,instagram
haiyuliaarr27_,indibiz,comment,1961,instagram
haiyuliaarr27_,indibiz,comment,1961,instagram
haiyuliaarr27_,indibiz,comment,1961,instagram
haiyuliaarr27_,indibiz,comment,1961,instagram
nurhazizahhofficialnew,indibiz,comment,2856,instagram
nurhazizahhofficialnew,indibiz,comment,2856,instagram
lyaputri92,indibiz,comment,1076,instagram
lyaputri92,indibiz,comment,1076,instagram
friskasiregarr,indibiz,comment,2043,instagram
mazayaasha,indibiz,comment,198,instagram
mazayaasha,indibiz,comment,198,instagram
muhamadarie.pr,indibiz,comment,5182,instagram
muhamadarie.pr,indibiz,comment,5182,instagram
muhamadarie.pr,indibiz,comment,5182,instagram
aha_painting,indibiz,comment,61,instagram
rizki_hasibuan5,indibiz,comment,1044,instagram
rizki_hasibuan5,indibiz,comment,1044,instagram
raniahasibuan5_,indibiz,comment,474,instagram
raniahasibuan5_,indibiz,comment,474,instagram
bendjauh,indibiz,comment,1390,instagram
gadissa_anandhita,indibiz,comment,4628,instagram
mommy_freya12,indibiz,comment,257,instagram
azka_260686,indibiz,comment,113,instagram
widiyapramita,indibiz,comment,2687,instagram
hafashabira,indibiz,comment,194,instagram
hafashabira,indibiz,comment,194,instagram
pita_pita27,indibiz,comment,1002,instagram
pita_pita27,indibiz,comment,1002,instagram
pita_pita27,indibiz,comment,1002,instagram
meityfera599_,indibiz,comment,3038,instagram
meityfera599_,indibiz,comment,3038,instagram
tyoo.nanang,indibiz,comment,35,instagram
tyoo.nanang,indibiz,comment,35,instagram
rahmadiahzahra,indibiz,comment,2671,instagram
eirany.kr,indibiz,comment,838,instagram
eirany.kr,indibiz,comment,838,instagram
eirany.kr,indibiz,comment,838,instagram
blessputri,indibiz,comment,1619,instagram
ahaer_drawing,indibiz,comment,143,instagram
zavatika,indibiz,comment,181,instagram
zavatika,indibiz,comment,181,instagram
ahaer_drawing,indibiz,comment,143,instagram
zavatika,indibiz,comment,181,instagram
lilya.emily,indibiz,comment,128585,instagram
nur_rizky1811,indibiz,comment,850,instagram
ditta.adzra,indibiz,comment,1790,instagram
ditta.adzra,indibiz,comment,1790,instagram
ditta.adzra,indibiz,comment,1790,instagram
_iminayah,indibiz,comment,5197,instagram
khalifa_umma27,indibiz,comment,933,instagram
hiariee,indibiz,comment,445,instagram
hiariee,indibiz,comment,445,instagram
hiariee,indibiz,comment,445,instagram
elvan_praditia,indibiz,comment,609,instagram
riianmardani,indibiz,comment,659,instagram
riianmardani,indibiz,comment,659,instagram
riianmardani,indibiz,comment,659,instagram
papanyatwinss,indibiz,comment,98,instagram
anisaicha10_,indibiz,comment,791,instagram
anisaicha10_,indibiz,comment,791,instagram
anisaicha10_,indibiz,comment,791,instagram
anisaicha10_,indibiz,comment,791,instagram
desiratnaaa7,indibiz,comment,27,instagram
desiratnaaa7,indibiz,comment,27,instagram
desiratnaaa7,indibiz,comment,27,instagram
rusiana459,indibiz,comment,235,instagram
nurwara_19,indibiz,comment,1388,instagram
nurwara_19,indibiz,comment,1388,instagram
arialexannder,indibiz,comment,2538,instagram
renynovy,indibiz,comment,529,instagram
agista.c.l,indibiz,comment,765,instagram
agista.c.l,indibiz,comment,765,instagram
agista.c.l,indibiz,comment,765,instagram
agista.c.l,indibiz,comment,765,instagram
aliakbarreyhan,indibiz,comment,1075,instagram
okta.khoirunnisya,indibiz,comment,10709,instagram
inalim889,indibiz,comment,951,instagram
inalim889,indibiz,comment,951,instagram
inalim889,indibiz,comment,951,instagram
alfarizkisyakieb,indibiz,comment,1091,instagram
salimtina08,indibiz,comment,2407,instagram
salimtina08,indibiz,comment,2407,instagram
salimtina08,indibiz,comment,2407,instagram
antonnyberr,indibiz,comment,1099,instagram
antonnyberr,indibiz,comment,1099,instagram
antonnyberr,indibiz,comment,1099,instagram
nopno87,indibiz,comment,1127,instagram
medinahafidzh,indibiz,comment,1105,instagram
muammar.abizar,indibiz,comment,1549,instagram
ahmad_haer,indibiz,comment,686,instagram
ahmad_haer,indibiz,comment,686,instagram
ahmad_haer,indibiz,comment,686,instagram
zahrafatayaaz,indibiz,comment,668,instagram
t.latiman,indibiz,comment,321,instagram
t.latiman,indibiz,comment,321,instagram
t.latiman,indibiz,comment,321,instagram
t.latiman,indibiz,comment,321,instagram
sarahlinasrg,indibiz,comment,4043,instagram
maisa.stt,indibiz,comment,6055,instagram
maisa.stt,indibiz,comment,6055,instagram
maisa.stt,indibiz,comment,6055,instagram
ekapuspitawardani,indibiz,comment,3613,instagram
ekapuspitawardani,indibiz,comment,3613,instagram
ekapuspitawardani,indibiz,comment,3613,instagram
aliyahviona,indibiz,comment,1361,instagram
aliyahviona,indibiz,comment,1361,instagram
aliyahviona,indibiz,comment,1361,instagram
aliyahviona,indibiz,comment,1361,instagram
aliyahviona,indibiz,comment,1361,instagram
adeanisafh,indibiz,comment,941,instagram
tediprayogaaa,indibiz,comment,784,instagram
hayat_tunufus,indibiz,comment,764,instagram
ellvanandrean,indibiz,comment,472,instagram
edgarto.ari,indibiz,comment,1468,instagram
afrin_ananda,indibiz,comment,1380,instagram
silkanaapriani,indibiz,comment,3290,instagram
silkanaapriani,indibiz,comment,3290,instagram
silkanaapriani,indibiz,comment,3290,instagram
silkanaapriani,indibiz,comment,3290,instagram
silkanaapriani,indibiz,comment,3290,instagram
akujaneest,indibiz,comment,65,instagram
akujaneest,indibiz,comment,65,instagram
akujaneest,indibiz,comment,65,instagram
akujaneest,indibiz,comment,65,instagram
ikapriita,indibiz,comment,8991,instagram
ikapriita,indibiz,comment,8991,instagram
dodi_valensi1011,indibiz,comment,693,instagram
clarishasy,indibiz,comment,334,instagram
bunda_bella_ya,indibiz,comment,200,instagram
hernita_syarif,indibiz,comment,1365,instagram
mdn.riyadii,indibiz,comment,2283,instagram
mdn.riyadii,indibiz,comment,2283,instagram
akbaar.ari,indibiz,comment,3861,instagram
habibah_azzauziah,indibiz,comment,1178,instagram
adyarizkia,indibiz,comment,1787,instagram
reyhan_aliakbar,indibiz,comment,4626,instagram
nov09itan.ainie,indibiz,comment,1408,instagram
nov09itan.ainie,indibiz,comment,1408,instagram
nov09itan.ainie,indibiz,comment,1408,instagram
muslimin_1822,indibiz,comment,733,instagram
muslimin_1822,indibiz,comment,733,instagram
muslimin_1822,indibiz,comment,733,instagram
alialexari,indibiz,comment,3121,instagram
baidz_ubaidillah,indibiz,comment,897,instagram
baidz_ubaidillah,indibiz,comment,897,instagram
baidz_ubaidillah,indibiz,comment,897,instagram
its_ika_8734,indibiz,comment,4290,instagram
its_ika_8734,indibiz,comment,4290,instagram
its_ika_8734,indibiz,comment,4290,instagram
rama_dhn16,indibiz,comment,641,instagram
santyna_,indibiz,comment,4552,instagram
santyna_,indibiz,comment,4552,instagram
santyna_,indibiz,comment,4552,instagram
santyna_,indibiz,comment,4552,instagram
santyna_,indibiz,comment,4552,instagram
divayanisr,indibiz,comment,588,instagram
divayanisr,indibiz,comment,588,instagram
teteh_ncitt,indibiz,comment,454,instagram
rozie_fc,indibiz,comment,6477,instagram
rozie_fc,indibiz,comment,6477,instagram
rozie_fc,indibiz,comment,6477,instagram
alhazenabiyyu,indibiz,comment,294,instagram
irma_akhasya96,indibiz,comment,2036,instagram
irma_akhasya96,indibiz,comment,2036,instagram
irma_akhasya96,indibiz,comment,2036,instagram
irma_akhasya96,indibiz,comment,2036,instagram
irma_akhasya96,indibiz,comment,2036,instagram
irma_akhasya96,indibiz,comment,2036,instagram
irma_akhasya96,indibiz,comment,2036,instagram
farelrafqi05,indibiz,comment,265,instagram
farelrafqi05,indibiz,comment,265,instagram
arifah_nuriss26,indibiz,comment,5171,instagram
arifah_nuriss26,indibiz,comment,5171,instagram
arifah_nuriss26,indibiz,comment,5171,instagram
heyanissaa,indibiz,comment,527,instagram
ichagrisca12,indibiz,comment,2930,instagram
ichagrisca12,indibiz,comment,2930,instagram
ichagrisca12,indibiz,comment,2930,instagram
ratna_sulistya,indibiz,comment,1177,instagram
athadwifr_,indibiz,comment,76,instagram
syahki_sh,indibiz,comment,704,instagram
hendriansm247,indibiz,comment,671,instagram
meityfera599_,indibiz,comment,3038,instagram
meityfera599_,indibiz,comment,3038,instagram
meityfera599_,indibiz,comment,3038,instagram
nadeem.alii23,indibiz,comment,516,instagram
nadeem.alii23,indibiz,comment,516,instagram
nadeem.alii23,indibiz,comment,516,instagram
nadeem.alii23,indibiz,comment,516,instagram
rahayuwiwin91,indibiz,comment,656,instagram
malla_zulaika92,indibiz,comment,2010,instagram
fadhilatulfitria,indibiz,comment,908,instagram
fadhilatulfitria,indibiz,comment,908,instagram
didien_wulan14,indibiz,comment,2069,instagram
didien_wulan14,indibiz,comment,2069,instagram
miss_kiyya7,indibiz,comment,1857,instagram
ernasarjono88,indibiz,comment,3101,instagram
ernasarjono88,indibiz,comment,3101,instagram
wulan_syila,indibiz,comment,804,instagram
wulan_syila,indibiz,comment,804,instagram
aavianida,indibiz,comment,925,instagram
miyut____,indibiz,comment,1547,instagram
alfiniasary,indibiz,comment,2688,instagram
rusdi3260,indibiz,comment,323,instagram
ros1anaa_,indibiz,comment,7040,instagram
lam_lam2802,indibiz,comment,971,instagram
lam_lam2802,indibiz,comment,971,instagram
lam_lam2802,indibiz,comment,971,instagram
ilham.ali12,indibiz,comment,1017,instagram
emrizalarif27,indibiz,comment,1352,instagram
emrizalarif27,indibiz,comment,1352,instagram
rarra_sn2020,indibiz,comment,217,instagram
rarra_sn2020,indibiz,comment,217,instagram
lindasalam10,indibiz,comment,1624,instagram
lindasalam10,indibiz,comment,1624,instagram
lindasalam10,indibiz,comment,1624,instagram
hendra_prayoga0307,indibiz,comment,1401,instagram
hendra_prayoga0307,indibiz,comment,1401,instagram
mas_tama_agt,indibiz,comment,778,instagram
safiracute01,indibiz,comment,93,instagram
safiracute01,indibiz,comment,93,instagram
ofn.athan,indibiz,comment,181,instagram
ofn.athan,indibiz,comment,181,instagram
imah.azzahrah,indibiz,comment,1036,instagram
febriandha003,indibiz,comment,170,instagram
febriandha003,indibiz,comment,170,instagram
febriandha003,indibiz,comment,170,instagram
jukik_mj99,indibiz,comment,2566,instagram
tyascy_m,indibiz,comment,365,instagram
siska.a.m,indibiz,comment,1612,instagram
ranaya.ayu,indibiz,comment,290,instagram
setia_wansigit,indibiz,comment,94,instagram
nazra_ra9,indibiz,comment,506,instagram
mayrhayannie29,indibiz,comment,920,instagram
delrizki28_,indibiz,comment,415,instagram
hayulestari29_,indibiz,comment,9318,instagram
adnela345,indibiz,comment,519,instagram
utarylajill,indibiz,comment,9364,instagram
utarylajill,indibiz,comment,9364,instagram
bgs.pratama007,indibiz,comment,865,instagram
bgs.pratama007,indibiz,comment,865,instagram
bgs.pratama007,indibiz,comment,865,instagram
moedjiono53,indibiz,comment,51,instagram
moedjiono53,indibiz,comment,51,instagram
muel_110,indibiz,comment,2612,instagram
muel_110,indibiz,comment,2612,instagram
muel_110,indibiz,comment,2612,instagram
river_ajaaaa,indibiz,comment,426,instagram
triyono.ko2,indibiz,comment,254,instagram
triyono.ko2,indibiz,comment,254,instagram
triyono.ko2,indibiz,comment,254,instagram
danindrapras,indibiz,comment,197,instagram
danindrapras,indibiz,comment,197,instagram
danindrapras,indibiz,comment,197,instagram
danindrapras,indibiz,comment,197,instagram
danindrapras,indibiz,comment,197,instagram
danindrapras,indibiz,comment,197,instagram
danindrapras,indibiz,comment,197,instagram
d0lldelight,indibiz,comment,0,instagram
arifwargadumay,indibiz,comment,17126,instagram
prabowo.niki,indibiz,comment,605,instagram
prabowo.niki,indibiz,comment,605,instagram
prabowo.niki,indibiz,comment,605,instagram
prabowo.niki,indibiz,comment,605,instagram
usokbeby7,indibiz,comment,675,instagram
usokbeby7,indibiz,comment,675,instagram
we.iloyu,indibiz,comment,171,instagram
we.iloyu,indibiz,comment,171,instagram
usokbeby7,indibiz,comment,675,instagram
usokbeby7,indibiz,comment,675,instagram
usokbeby7,indibiz,comment,675,instagram
usokbeby7,indibiz,comment,675,instagram
usokbeby7,indibiz,comment,675,instagram
putripwh,indibiz,comment,1052,instagram
putripwh,indibiz,comment,1052,instagram
usokbeby7,indibiz,comment,675,instagram
usokbeby7,indibiz,comment,675,instagram
usokbeby7,indibiz,comment,675,instagram
thommy.alfian,indibiz,comment,1052,instagram
agustin_se11,indibiz,comment,611,instagram
agustin_se11,indibiz,comment,611,instagram
agustin_se11,indibiz,comment,611,instagram
miniehawan,indibiz,comment,1918,instagram
miniehawan,indibiz,comment,1918,instagram
nana.y_wirayasa,indibiz,comment,3309,instagram
nana.y_wirayasa,indibiz,comment,3309,instagram
nana.y_wirayasa,indibiz,comment,3309,instagram
mk.iksaann,indibiz,comment,1672,instagram
mk.iksaann,indibiz,comment,1672,instagram
mk.iksaann,indibiz,comment,1672,instagram
nanay.lani,indibiz,comment,238,instagram
inasembiring366,indibiz,comment,698,instagram
inasembiring366,indibiz,comment,698,instagram
rendi_orisa04,indibiz,comment,6763,instagram
rahsyid_124,indibiz,comment,898,instagram
rahsyid_124,indibiz,comment,898,instagram
rahsyid_124,indibiz,comment,898,instagram
aprilzahrant,indibiz,comment,2278,instagram
nab.nabbs,indibiz,comment,338,instagram
nab.nabbs,indibiz,comment,338,instagram
_dessyayu,indibiz,comment,2662,instagram
nab.nabbs,indibiz,comment,338,instagram
_dessyayu,indibiz,comment,2662,instagram
meityfera599_,indibiz,comment,3038,instagram
meityfera599_,indibiz,comment,3038,instagram
diikyrah,indibiz,comment,510,instagram
diikyrah,indibiz,comment,510,instagram
aisyahmaryam02,indibiz,comment,2872,instagram
aisyahmaryam02,indibiz,comment,2872,instagram
adl_1291,indibiz,comment,1750,instagram
andreateofrida,indibiz,comment,962,instagram
fadhilatulfitria,indibiz,comment,908,instagram
fitriahay_06,indibiz,comment,2021,instagram
divvv.yemi,indibiz,comment,1135,instagram
divvv.yemi,indibiz,comment,1135,instagram
divvv.yemi,indibiz,comment,1135,instagram
fadhilatulfitria,indibiz,comment,908,instagram
fadhilatulfitria,indibiz,comment,908,instagram
dimarsely95,indibiz,comment,891,instagram
mei_girl20,indibiz,comment,267,instagram
ffahaifa,indibiz,comment,2243,instagram
ffahaifa,indibiz,comment,2243,instagram
ffahaifa,indibiz,comment,2243,instagram
syauqiqalbi,indibiz,comment,322,instagram
syauqiqalbi,indibiz,comment,322,instagram
syauqiqalbi,indibiz,comment,322,instagram
nahdayyyyy,indibiz,comment,604,instagram
nahdayyyyy,indibiz,comment,604,instagram
nahdayyyyy,indibiz,comment,604,instagram
wanda.mhrm,indibiz,comment,2469,instagram
yungamal,indibiz,comment,294,instagram
yungamal,indibiz,comment,294,instagram
yungamal,indibiz,comment,294,instagram
jagur.98,indibiz,comment,65,instagram
dhita_cacha20,indibiz,comment,1240,instagram
rizkyfirmansyah95_,indibiz,comment,44,instagram
izzanurqowami93,indibiz,comment,1348,instagram
dionisius_rb,indibiz,comment,859,instagram
dionisius_rb,indibiz,comment,859,instagram
dionisius_rb,indibiz,comment,859,instagram
5uparsonoo,indibiz,comment,701,instagram
srialfean21,indibiz,comment,1523,instagram
rudytpi,indibiz,comment,1505,instagram
auli.r7,indibiz,comment,344,instagram
auli.r7,indibiz,comment,344,instagram
auli.r7,indibiz,comment,344,instagram
wulan_syila,indibiz,comment,804,instagram
raralily2024,indibiz,comment,465,instagram
wulan_syila,indibiz,comment,804,instagram
nahdaaaaa__,indibiz,comment,1071,instagram
nahdaaaaa__,indibiz,comment,1071,instagram
nahdaaaaa__,indibiz,comment,1071,instagram
feriansssyh,indibiz,comment,342,instagram
nurhalisa54,indibiz,comment,1110,instagram
nurhalisa54,indibiz,comment,1110,instagram
nurhalisa54,indibiz,comment,1110,instagram
nurhalisa54,indibiz,comment,1110,instagram
indibiz.kaltimtara,indibiz,comment,3389,instagram
parningotan_marpaung84,indibiz,comment,737,instagram
misz.little,indibiz,comment,3736,instagram
magys_00,indibiz,comment,563,instagram
tinjak.andi22,indibiz,comment,274,instagram
tinjak.andi22,indibiz,comment,274,instagram
tinjak.andi22,indibiz,comment,274,instagram
adella_rizq,indibiz,comment,280,instagram
indibiz.jbn,indibiz,comment,8048,instagram
boy4lf,indibiz,comment,981,instagram
boy4lf,indibiz,comment,981,instagram
duajagoanmama22,indibiz,comment,69,instagram
myfams_gufi,indibiz,comment,43,instagram
myname_is_nourra,indibiz,comment,69,instagram
wanita_beruntung30,indibiz,comment,68,instagram
putrizivana2022,indibiz,comment,143,instagram
rafikasari_90,indibiz,comment,0,instagram
ummanya.alifgeboy2224,indibiz,comment,358,instagram
faiz.gta,indibiz,comment,680,instagram
miah.drs,indibiz,comment,2142,instagram
shakeelaamar_168,indibiz,comment,380,instagram
firnando_fillah,indibiz,comment,296,instagram
erikfatur24,indibiz,comment,448,instagram
anjass_krs,indibiz,comment,1249,instagram
zra_ab,indibiz,comment,1366,instagram
zra_ab,indibiz,comment,1366,instagram
andra.look,indibiz,comment,229,instagram
mamatrahmat1033,indibiz,comment,1710,instagram
lestari_swetty,indibiz,comment,2857,instagram
aybundzia_,indibiz,comment,250,instagram
ummamii_vn,indibiz,comment,229,instagram
frayandika,indibiz,comment,474,instagram
anitacalosa,indibiz,comment,1491,instagram
raisyafitri_salsabila,indibiz,comment,3055,instagram
rf.prfrstaaa_,indibiz,comment,2347,instagram
tyascy_m,indibiz,comment,365,instagram
tyascy_m,indibiz,comment,365,instagram
itsme_luphie,indibiz,comment,0,instagram
itsme_luphie,indibiz,comment,0,instagram
gadiz_cacha,indibiz,comment,1641,instagram
gadiz_cacha,indibiz,comment,1641,instagram
gina.milala1992,indibiz,comment,1077,instagram
gina.milala1992,indibiz,comment,1077,instagram
gina.milala1992,indibiz,comment,1077,instagram
gina.milala1992,indibiz,comment,1077,instagram
rstiaprilly_,indibiz,comment,1628,instagram
fitriahay_06,indibiz,comment,2021,instagram
hudria.rie,indibiz,comment,3375,instagram
hudria.rie,indibiz,comment,3375,instagram
hudria.rie,indibiz,comment,3375,instagram
hudria.rie,indibiz,comment,3375,instagram
hudria.rie,indibiz,comment,3375,instagram
hudria.rie,indibiz,comment,3375,instagram
la.ngra_,indibiz,comment,1106,instagram
callme_fhatt,indibiz,comment,297,instagram
callme_fhatt,indibiz,comment,297,instagram
callme_fhatt,indibiz,comment,297,instagram
callme_fhatt,indibiz,comment,297,instagram
callme_fhatt,indibiz,comment,297,instagram
angeloren3027,indibiz,comment,2735,instagram
hudriana39_,indibiz,comment,115,instagram
hudriana39_,indibiz,comment,115,instagram
hudriana39_,indibiz,comment,115,instagram
hudriana39_,indibiz,comment,115,instagram
damara16_,indibiz,comment,950,instagram
nurmahermione,indibiz,comment,1741,instagram
damara16_,indibiz,comment,950,instagram
damara16_,indibiz,comment,950,instagram
ariprahmanpermana,indibiz,comment,2230,instagram
ariprahmanpermana,indibiz,comment,2230,instagram
ariprahmanpermana,indibiz,comment,2230,instagram
ariprahmanpermana,indibiz,comment,2230,instagram
ariprahmanpermana,indibiz,comment,2230,instagram
ariprahmanpermana,indibiz,comment,2230,instagram
ariprahmanpermana,indibiz,comment,2230,instagram
ariprahmanpermana,indibiz,comment,2230,instagram
ariprahmanpermana,indibiz,comment,2230,instagram
ariprahmanpermana,indibiz,comment,2230,instagram
belgia.putra,indibiz,comment,919,instagram
fadhilatulfitria,indibiz,comment,908,instagram
fadhilatulfitria,indibiz,comment,908,instagram
gita.pragitaa,indibiz,comment,1822,instagram
hartartanto8,indibiz,comment,106,instagram
azmiii303,indibiz,comment,434,instagram
kimberly_gilbert1234,indibiz,comment,529,instagram
kimberly_gilbert1234,indibiz,comment,529,instagram
kimberly_gilbert1234,indibiz,comment,529,instagram
kimberly_gilbert1234,indibiz,comment,529,instagram
kimberly_gilbert1234,indibiz,comment,529,instagram
kimberly_gilbert1234,indibiz,comment,529,instagram
kimberly_gilbert1234,indibiz,comment,529,instagram
kimberly_gilbert1234,indibiz,comment,529,instagram
kimberly_gilbert1234,indibiz,comment,529,instagram
kimberly_gilbert1234,indibiz,comment,529,instagram
kimberly_gilbert1234,indibiz,comment,529,instagram
kimberly_gilbert1234,indibiz,comment,529,instagram
kimberly_gilbert1234,indibiz,comment,529,instagram
kimberly_gilbert1234,indibiz,comment,529,instagram
kimberly_gilbert1234,indibiz,comment,529,instagram
kimberly_gilbert1234,indibiz,comment,529,instagram
kimberly_gilbert1234,indibiz,comment,529,instagram
ratuamneya_,indibiz,comment,932,instagram
natali4rose,indibiz,comment,1162,instagram
kimberly_gilbert1234,indibiz,comment,529,instagram
kimberly_gilbert1234,indibiz,comment,529,instagram
kimberly_gilbert1234,indibiz,comment,529,instagram
kimberly_gilbert1234,indibiz,comment,529,instagram
kimberly_gilbert1234,indibiz,comment,529,instagram
kimberly_gilbert1234,indibiz,comment,529,instagram
fendikuswandi90,indibiz,comment,188,instagram
febri_ditaaa,indibiz,comment,300,instagram
bintangqueen_02,indibiz,comment,2462,instagram
bintangqueen_02,indibiz,comment,2462,instagram
bintangqueen_02,indibiz,comment,2462,instagram
4goes_prasetyo.94,indibiz,comment,154,instagram
khoirul_anamtatum,indibiz,comment,2970,instagram
mamahjemaa,indibiz,comment,471,instagram
mamahjemaa,indibiz,comment,471,instagram
mamahjemaa,indibiz,comment,471,instagram
mamahjemaa,indibiz,comment,471,instagram
mamahjemaa,indibiz,comment,471,instagram
mamahjemaa,indibiz,comment,471,instagram
mamahjemaa,indibiz,comment,471,instagram
mamahjemaa,indibiz,comment,471,instagram
mamahjemaa,indibiz,comment,471,instagram
mamahjemaa,indibiz,comment,471,instagram
_aamii035,indibiz,comment,328,instagram
_aamii035,indibiz,comment,328,instagram
dani3l_dr,indibiz,comment,2999,instagram
soyelmumur,indibiz,comment,322,instagram
wahyu.rohmat.1,indibiz,comment,261,instagram
irene.chr65,indibiz,comment,3558,instagram
irene.chr65,indibiz,comment,3558,instagram
irene.chr65,indibiz,comment,3558,instagram
gabrian_ndruru,indibiz,comment,1919,instagram
gabrian_ndruru,indibiz,comment,1919,instagram
gabrian_ndruru,indibiz,comment,1919,instagram
gabrian_ndruru,indibiz,comment,1919,instagram
gabrian_ndruru,indibiz,comment,1919,instagram
gabrian_ndruru,indibiz,comment,1919,instagram
gabrian_ndruru,indibiz,comment,1919,instagram
karinadwipuspita,indibiz,comment,0,instagram
inaya_sida29,indibiz,comment,218,instagram
aal_foxa,indibiz,comment,1235,instagram
aal_foxa,indibiz,comment,1235,instagram
mama_sasti,indibiz,comment,972,instagram
mama_sasti,indibiz,comment,972,instagram
mama_sasti,indibiz,comment,972,instagram
mama_sasti,indibiz,comment,972,instagram
mama_sasti,indibiz,comment,972,instagram
mama_sasti,indibiz,comment,972,instagram
smawadah7,indibiz,comment,1393,instagram
yogaprasdwi,indibiz,comment,169,instagram
yogaprasdwi,indibiz,comment,169,instagram
yogaprasdwi,indibiz,comment,169,instagram
yogaprasdwi,indibiz,comment,169,instagram
yogaprasdwi,indibiz,comment,169,instagram
siska.a.m,indibiz,comment,1612,instagram
siska.a.m,indibiz,comment,1612,instagram
afrilfaa,indibiz,comment,1947,instagram
miraec_lefor7,indibiz,comment,201,instagram
miraec_lefor7,indibiz,comment,201,instagram
itsme_faa_ndr,indibiz,comment,655,instagram
itsme_faa_ndr,indibiz,comment,655,instagram
itsme_faa_ndr,indibiz,comment,655,instagram
itsme_faa_ndr,indibiz,comment,655,instagram
itsme_faa_ndr,indibiz,comment,655,instagram
itsme_faa_ndr,indibiz,comment,655,instagram
itsme_faa_ndr,indibiz,comment,655,instagram
widyasessy,indibiz,comment,406,instagram
widyasessy,indibiz,comment,406,instagram
widyasessy,indibiz,comment,406,instagram
widyasessy,indibiz,comment,406,instagram
miniehawan,indibiz,comment,1918,instagram
srhyunb,indibiz,comment,0,instagram
gichelalala_7,indibiz,comment,2193,instagram
gichelalala_7,indibiz,comment,2193,instagram
malla_zulaika92,indibiz,comment,2010,instagram
rstiaprilly_,indibiz,comment,1628,instagram
icalmhd7,indibiz,comment,142,instagram
meityfera599_,indibiz,comment,3038,instagram
meityfera599_,indibiz,comment,3038,instagram
abduelhalaem,indibiz,comment,10461,instagram
abduelhalaem,indibiz,comment,10461,instagram
tasyasm98,indibiz,comment,380,instagram
adedamaayy,indibiz,comment,2923,instagram
and.ren04,indibiz,comment,994,instagram
ermira_haryanto,indibiz,comment,1382,instagram
ermira_haryanto,indibiz,comment,1382,instagram
gracella_ndruru,indibiz,comment,1092,instagram
gracella_ndruru,indibiz,comment,1092,instagram
gracella_ndruru,indibiz,comment,1092,instagram
gracella_ndruru,indibiz,comment,1092,instagram
gracella_ndruru,indibiz,comment,1092,instagram
gracella_ndruru,indibiz,comment,1092,instagram
gracella_ndruru,indibiz,comment,1092,instagram
khanza.lin10,indibiz,comment,1248,instagram
ibunya_nadine,indibiz,comment,1030,instagram
ibunya_nadine,indibiz,comment,1030,instagram
ibunya_nadine,indibiz,comment,1030,instagram
ibunya_nadine,indibiz,comment,1030,instagram
ibunya_nadine,indibiz,comment,1030,instagram
indibiz.jatengdiy,indibiz,comment,12458,instagram
ibunya_nadine,indibiz,comment,1030,instagram
ibunya_nadine,indibiz,comment,1030,instagram
indibiz.jatengdiy,indibiz,comment,12458,instagram
indibiz.jatengdiy,indibiz,comment,12458,instagram
indibiz.jatengdiy,indibiz,comment,12458,instagram
indibiz.jatengdiy,indibiz,comment,12458,instagram
indibiz.jatengdiy,indibiz,comment,12458,instagram
indibiz.jatengdiy,indibiz,comment,12458,instagram
indibiz.jatengdiy,indibiz,comment,12458,instagram
alia_adi2,indibiz,comment,170,instagram
indibiz.jatengdiy,indibiz,comment,12458,instagram
indibiz.jatengdiy,indibiz,comment,12458,instagram
indibiz.jatengdiy,indibiz,comment,12458,instagram
indibiz.jatengdiy,indibiz,comment,12458,instagram
indibiz.jatengdiy,indibiz,comment,12458,instagram
indibiz.jatengdiy,indibiz,comment,12458,instagram
indibiz.jatengdiy,indibiz,comment,12458,instagram
indibiz.jatengdiy,indibiz,comment,12458,instagram
indibiz.jatengdiy,indibiz,comment,12458,instagram
indibiz.jatengdiy,indibiz,comment,12458,instagram
indibiz.jatengdiy,indibiz,comment,12458,instagram
indibiz.jatengdiy,indibiz,comment,12458,instagram
indibiz.jatengdiy,indibiz,comment,12458,instagram
dian_boru_hulu,indibiz,comment,802,instagram
dian_boru_hulu,indibiz,comment,802,instagram
dian_boru_hulu,indibiz,comment,802,instagram
dian_boru_hulu,indibiz,comment,802,instagram
dian_boru_hulu,indibiz,comment,802,instagram
dian_boru_hulu,indibiz,comment,802,instagram
dian_boru_hulu,indibiz,comment,802,instagram
dian_boru_hulu,indibiz,comment,802,instagram
ibnu_nazzar,indibiz,comment,517,instagram
albyyuda,indibiz,comment,1044,instagram
ibnu_nazzar,indibiz,comment,517,instagram
ibnu_nazzar,indibiz,comment,517,instagram
ibnu_nazzar,indibiz,comment,517,instagram
ibnu_nazzar,indibiz,comment,517,instagram
indibiz.sumatera,indibiz,comment,13887,instagram
diman_hulu,indibiz,comment,1585,instagram
diman_hulu,indibiz,comment,1585,instagram
diman_hulu,indibiz,comment,1585,instagram
diman_hulu,indibiz,comment,1585,instagram
diman_hulu,indibiz,comment,1585,instagram
rich_martin30,indibiz,comment,1204,instagram
rich_martin30,indibiz,comment,1204,instagram
rich_martin30,indibiz,comment,1204,instagram
rich_martin30,indibiz,comment,1204,instagram
rich_martin30,indibiz,comment,1204,instagram
rich_martin30,indibiz,comment,1204,instagram
rich_martin30,indibiz,comment,1204,instagram
hasanatul_marroh,indibiz,comment,2622,instagram
hasanatul_marroh,indibiz,comment,2622,instagram
yhanie_jioky,indibiz,comment,2092,instagram
febyfee_,indibiz,comment,2414,instagram
widy__naf,indibiz,comment,693,instagram
widy__naf,indibiz,comment,693,instagram
farnida.rifda,indibiz,comment,2878,instagram
farnida.rifda,indibiz,comment,2878,instagram
farnida.rifda,indibiz,comment,2878,instagram
wijaji3_,indibiz,comment,325,instagram
hanania.a.w,indibiz,comment,0,instagram
faa_ndruru,indibiz,comment,13371,instagram
faa_ndruru,indibiz,comment,13371,instagram
faa_ndruru,indibiz,comment,13371,instagram
faa_ndruru,indibiz,comment,13371,instagram
faa_ndruru,indibiz,comment,13371,instagram
faa_ndruru,indibiz,comment,13371,instagram
faa_ndruru,indibiz,comment,13371,instagram
dindaayuo99_,indibiz,comment,3070,instagram
maskur.winner,indibiz,comment,1934,instagram
maskur.winner,indibiz,comment,1934,instagram
maskur.winner,indibiz,comment,1934,instagram
maskur.winner,indibiz,comment,1934,instagram
maskur.winner,indibiz,comment,1934,instagram
fadhilatulfitria,indibiz,comment,908,instagram
luliantisaputra,indibiz,comment,2844,instagram
hefnimadani,indibiz,comment,12976,instagram
bas_wynr,indibiz,comment,4,instagram
thelenie123,indibiz,comment,34,instagram
evelynsogen_,indibiz,comment,516,instagram
evelynsogen_,indibiz,comment,516,instagram
evelynsogen_,indibiz,comment,516,instagram
adetya.smardi,indibiz,comment,152,instagram
fitriahay_06,indibiz,comment,2021,instagram
herliinaa27,indibiz,comment,1129,instagram
herliinaa27,indibiz,comment,1129,instagram
cand.ra500,indibiz,comment,289,instagram
pramono_budy,indibiz,comment,323,instagram
cempaka_1258,indibiz,comment,860,instagram
cempaka_1258,indibiz,comment,860,instagram
wiwin.akifa30,indibiz,comment,2523,instagram
nona_lily21,indibiz,comment,1703,instagram
wulansari2223,indibiz,comment,1155,instagram
tiaralarasati999,indibiz,comment,5725,instagram
sitti7018,indibiz,comment,1871,instagram
indibiz.jbn,indibiz,comment,8048,instagram
indibiz.jbn,indibiz,comment,8048,instagram
indah_luffiee,indibiz,comment,1347,instagram
indah_luffiee,indibiz,comment,1347,instagram
indah_luffiee,indibiz,comment,1347,instagram
fahrirasihan,indibiz,comment,8110,instagram
fahrirasihan,indibiz,comment,8110,instagram
fahrirasihan,indibiz,comment,8110,instagram
tediprayogaaa,indibiz,comment,784,instagram
tediprayogaaa,indibiz,comment,784,instagram
nicodarmanto.32,indibiz,comment,624,instagram
nicodarmanto.32,indibiz,comment,624,instagram
nicodarmanto.32,indibiz,comment,624,instagram
denny_devenez,indibiz,comment,682,instagram
fitriahay_06,indibiz,comment,2021,instagram
syahahmed99,indibiz,comment,45,instagram
anamm_irull,indibiz,comment,77,instagram
anamm_irull,indibiz,comment,77,instagram
anamm_irull,indibiz,comment,77,instagram
vely.angelica,indibiz,comment,1029,instagram
vely.angelica,indibiz,comment,1029,instagram
vely.angelica,indibiz,comment,1029,instagram
desifmw,indibiz,comment,1133,instagram
anisahnazla11,indibiz,comment,2210,instagram
anisahnazla11,indibiz,comment,2210,instagram
anisahnazla11,indibiz,comment,2210,instagram
seringdijalan,indibiz,comment,1424,instagram
aalrahman08_,indibiz,comment,9,instagram
aalrahman08_,indibiz,comment,9,instagram
sisian_diana,indibiz,comment,358,instagram
sisian_diana,indibiz,comment,358,instagram
d.franitasari,indibiz,comment,888,instagram
ndahindah_bcd,indibiz,comment,547,instagram
ndahindah_bcd,indibiz,comment,547,instagram
ndahindah_bcd,indibiz,comment,547,instagram
rstiaprilly_,indibiz,comment,1628,instagram
rstiaprilly_,indibiz,comment,1628,instagram
daniella.anna17,indibiz,comment,1128,instagram
daniella.anna17,indibiz,comment,1128,instagram
daniella.anna17,indibiz,comment,1128,instagram
sofiaagathaaa,indibiz,comment,1558,instagram
sefiara41,indibiz,comment,168,instagram
sefiara41,indibiz,comment,168,instagram
sefiara41,indibiz,comment,168,instagram
sefiara41,indibiz,comment,168,instagram
ichaanwar_12,indibiz,comment,1795,instagram
adinata_andrian,indibiz,comment,467,instagram
budiatisiti_26,indibiz,comment,2458,instagram
juliandisitinjak77,indibiz,comment,1001,instagram
juliandisitinjak77,indibiz,comment,1001,instagram
juliandisitinjak77,indibiz,comment,1001,instagram
stnurliahp,indibiz,comment,54,instagram
daratan_teg,indibiz,comment,228,instagram
daratan_teg,indibiz,comment,228,instagram
daratan_teg,indibiz,comment,228,instagram
sar_tikamunthe,indibiz,comment,2703,instagram
sar_tikamunthe,indibiz,comment,2703,instagram
corneliaberly63,indibiz,comment,3270,instagram
corneliaberly63,indibiz,comment,3270,instagram
bintangalfahreza,indibiz,comment,416,instagram
tiara.aprilya.395,indibiz,comment,924,instagram
cici.heavenly,indibiz,comment,211,instagram
cici.heavenly,indibiz,comment,211,instagram
cici.heavenly,indibiz,comment,211,instagram
hisyams.hidayat,indibiz,comment,31201,instagram
hisyams.hidayat,indibiz,comment,31201,instagram
hisyams.hidayat,indibiz,comment,31201,instagram
saragih_elia,indibiz,comment,4982,instagram
saragih_elia,indibiz,comment,4982,instagram
dakanda_rr,indibiz,comment,105,instagram
ns.nurul_,indibiz,comment,3013,instagram
herdi_antas,indibiz,comment,1492,instagram
mimiyaya_____,indibiz,comment,369,instagram
marpaung_reynaldii,indibiz,comment,4837,instagram
marpaung_reynaldii,indibiz,comment,4837,instagram
fadhi_fadhila,indibiz,comment,1035,instagram
riniputri6133,indibiz,comment,1168,instagram
dentyputrih,indibiz,comment,0,instagram
ansrahma.ynt,indibiz,comment,1505,instagram
ansrahma.ynt,indibiz,comment,1505,instagram
ansrahma.ynt,indibiz,comment,1505,instagram
ayu_wahyunr,indibiz,comment,767,instagram
bangunbumikontraktor,indibiz,comment,2129,instagram
m_ilhamanugerah,indibiz,comment,3140,instagram
itsmeee_diniiii,indibiz,comment,557,instagram
itsmeee_diniiii,indibiz,comment,557,instagram
mytan93,indibiz,comment,1023,instagram
bellaenuy,indibiz,comment,1227,instagram
cahyati_damanik,indibiz,comment,4648,instagram
cahyati_damanik,indibiz,comment,4648,instagram
jaemcityxx,indibiz,comment,2321,instagram
andikusuma23_,indibiz,comment,1339,instagram
boroboroinsaf,indibiz,comment,191,instagram
echidestay,indibiz,comment,11731,instagram
echidestay,indibiz,comment,11731,instagram
sriutari_rezekii,indibiz,comment,809,instagram
rinigus_tian,indibiz,comment,1559,instagram
herliinaa27,indibiz,comment,1129,instagram
herliinaa27,indibiz,comment,1129,instagram
herliinaa27,indibiz,comment,1129,instagram
herliinaa27,indibiz,comment,1129,instagram
herliinaa27,indibiz,comment,1129,instagram
redina.nbbn2808,indibiz,comment,490,instagram
hemaswp,indibiz,comment,772,instagram
ningrumwidiya_,indibiz,comment,2037,instagram
yantialifalma191919,indibiz,comment,1146,instagram
sintia_rahma445,indibiz,comment,12,instagram
sintia_rahma445,indibiz,comment,12,instagram
sintia_rahma445,indibiz,comment,12,instagram
sintia_rahma445,indibiz,comment,12,instagram
sitti_lur,indibiz,comment,712,instagram
ican9k,indibiz,comment,620,instagram
deka.rhmtllh,indibiz,comment,2860,instagram
indibiz.jbn,indibiz,comment,8048,instagram
_dileeyey,indibiz,comment,700,instagram
onko_tii,indibiz,comment,13,instagram
ulfa.unaa,indibiz,comment,161,instagram
ulfa.unaa,indibiz,comment,161,instagram
ulfa.unaa,indibiz,comment,161,instagram
risa_melinda1509,indibiz,comment,1501,instagram
miraaflo16,indibiz,comment,1435,instagram
miraaflo16,indibiz,comment,1435,instagram
miraaflo16,indibiz,comment,1435,instagram
ramannnsyahhh,indibiz,comment,1572,instagram
rismaranti68,indibiz,comment,1023,instagram
ozifaozi16,indibiz,comment,974,instagram
dhealenn,indibiz,comment,1447,instagram
sayidati_filda,indibiz,comment,82,instagram
yani_bundaahim18,indibiz,comment,2315,instagram
miraaflo16,indibiz,comment,1435,instagram
lolita_andayuni,indibiz,comment,387,instagram
fitriahay_06,indibiz,comment,2021,instagram
irawan.sitinjak,indibiz,comment,1060,instagram
irawan.sitinjak,indibiz,comment,1060,instagram
bundanyakeyzia__,indibiz,comment,2266,instagram
bundanyakeyzia__,indibiz,comment,2266,instagram
bundanyakeyzia__,indibiz,comment,2266,instagram
bundnana_,indibiz,comment,763,instagram
bundnana_,indibiz,comment,763,instagram
bundnana_,indibiz,comment,763,instagram
bundnana_,indibiz,comment,763,instagram
tuanmudda00_,indibiz,comment,143,instagram
ebretebret_,indibiz,comment,792,instagram
bela_puspita55,indibiz,comment,84,instagram
fadhilatulfitria,indibiz,comment,908,instagram
munasnh_06,indibiz,comment,704,instagram
zaenramdhamargana,indibiz,comment,318,instagram
piyandi29,indibiz,comment,1497,instagram
rimbat_hutapea,indibiz,comment,1321,instagram
rimbat_hutapea,indibiz,comment,1321,instagram
deazka15_,indibiz,comment,700,instagram
msrikuncorowati,indibiz,comment,909,instagram
elvandree_,indibiz,comment,67,instagram
cleeventaxl,indibiz,comment,1836,instagram
cleeventaxl,indibiz,comment,1836,instagram
anto_aldo30,indibiz,comment,559,instagram
anto_aldo30,indibiz,comment,559,instagram
anto_aldo30,indibiz,comment,559,instagram
dianfajria,indibiz,comment,3496,instagram
dianfajria,indibiz,comment,3496,instagram
dianfajria,indibiz,comment,3496,instagram
dianfajria,indibiz,comment,3496,instagram
dianfajria,indibiz,comment,3496,instagram
dianfajria,indibiz,comment,3496,instagram
dianfajria,indibiz,comment,3496,instagram
dianfajria,indibiz,comment,3496,instagram
dianfajria,indibiz,comment,3496,instagram
callmevall595,indibiz,comment,8066,instagram
dianfajria,indibiz,comment,3496,instagram
dianfajria,indibiz,comment,3496,instagram
damanik_yuliharni,indibiz,comment,4979,instagram
damanik_yuliharni,indibiz,comment,4979,instagram
alb3rtsm,indibiz,comment,620,instagram
nuhoni.ratri,indibiz,comment,150,instagram
panggilsaya_iam,indibiz,comment,243,instagram
putri_vania01,indibiz,comment,830,instagram
mammihanifah,indibiz,comment,19,instagram
rstiaprilly_,indibiz,comment,1628,instagram
muhfaisal31__,indibiz,comment,552,instagram
rizkad29,indibiz,comment,1519,instagram
rizkad29,indibiz,comment,1519,instagram
rizkad29,indibiz,comment,1519,instagram
rizkad29,indibiz,comment,1519,instagram
devig2779,indibiz,comment,2301,instagram
devig2779,indibiz,comment,2301,instagram
devig2779,indibiz,comment,2301,instagram
devig2779,indibiz,comment,2301,instagram
devig2779,indibiz,comment,2301,instagram
wahyuni00701,indibiz,comment,547,instagram
revandra901,indibiz,comment,290,instagram
_erniphr,indibiz,comment,51,instagram
icyy_rara,indibiz,comment,1151,instagram
pasbengria,indibiz,comment,556,instagram
vivi.anggraeni93,indibiz,comment,1931,instagram
mamatharmaqil_76,indibiz,comment,2564,instagram
mamatharmaqil_76,indibiz,comment,2564,instagram
mamatharmaqil_76,indibiz,comment,2564,instagram
richmamathoki,indibiz,comment,865,instagram
astutikroslina,indibiz,comment,967,instagram
iirmast_,indibiz,comment,3228,instagram
septiana_kristian,indibiz,comment,273,instagram
abuafiansyah,indibiz,comment,789,instagram
winglokdimsumofficial,indibiz,comment,31574,instagram
winglokdimsumofficial,indibiz,comment,31574,instagram
winglokdimsumofficial,indibiz,comment,31574,instagram
winglokdimsumofficial,indibiz,comment,31574,instagram
winglokdimsumofficial,indibiz,comment,31574,instagram
winglokdimsumofficial,indibiz,comment,31574,instagram
eloziey,indibiz,comment,443,instagram
eloziey,indibiz,comment,443,instagram
eloziey,indibiz,comment,443,instagram
winglokdimsumofficial,indibiz,comment,31574,instagram
winglokdimsumofficial,indibiz,comment,31574,instagram
winglokdimsumofficial,indibiz,comment,31574,instagram
anwaraird,indibiz,comment,96,instagram
arsya.yasmiin,indibiz,comment,5931,instagram
arsya.yasmiin,indibiz,comment,5931,instagram
numsya_0206,indibiz,comment,2115,instagram
poetra_agamm,indibiz,comment,1118,instagram
mama_er88,indibiz,comment,146,instagram
arsyifah2017,indibiz,comment,27,instagram
aryati_suharno,indibiz,comment,440,instagram
wdynngrm00,indibiz,comment,2643,instagram
airainunn_,indibiz,comment,841,instagram
fauziahanggrn,indibiz,comment,2417,instagram
fauziahanggrn,indibiz,comment,2417,instagram
fauziahanggrn,indibiz,comment,2417,instagram
fauziahanggrn,indibiz,comment,2417,instagram
fauziahanggrn,indibiz,comment,2417,instagram
fauziahanggrn,indibiz,comment,2417,instagram
fauziahanggrn,indibiz,comment,2417,instagram
fauziahanggrn,indibiz,comment,2417,instagram
fauziahanggrn,indibiz,comment,2417,instagram
fauziahanggrn,indibiz,comment,2417,instagram
fauziahanggrn,indibiz,comment,2417,instagram
fauziahanggrn,indibiz,comment,2417,instagram
decha_ir93,indibiz,comment,1984,instagram
widyasessy,indibiz,comment,406,instagram
ramires_adang76,indibiz,comment,234,instagram
sony_andami,indibiz,comment,213,instagram
kandar__ajjjaaa,indibiz,comment,1128,instagram
dit.ta8,indibiz,comment,991,instagram
restiuswatun19,indibiz,comment,1123,instagram
restiuswatun19,indibiz,comment,1123,instagram
restiuswatun19,indibiz,comment,1123,instagram
restiuswatun19,indibiz,comment,1123,instagram
dit.ta8,indibiz,comment,991,instagram
restiuswatun19,indibiz,comment,1123,instagram
restiuswatun19,indibiz,comment,1123,instagram
hunalika_zahra,indibiz,comment,1418,instagram
hunalika_zahra,indibiz,comment,1418,instagram
hunalika_zahra,indibiz,comment,1418,instagram
hunalika_zahra,indibiz,comment,1418,instagram
hunalika_zahra,indibiz,comment,1418,instagram
restiuswatun19,indibiz,comment,1123,instagram
aal_foxa,indibiz,comment,1235,instagram
aal_foxa,indibiz,comment,1235,instagram
aal_foxa,indibiz,comment,1235,instagram
aal_foxa,indibiz,comment,1235,instagram
iwanrafli_2,indibiz,comment,10532,instagram
ilyasamlkbr,indibiz,comment,1547,instagram
ilyasamlkbr,indibiz,comment,0,instagram
ilyasamlkbr,indibiz,comment,1547,instagram
ilyasamlkbr,indibiz,comment,0,instagram
iwanrafli_2,indibiz,comment,10532,instagram
ilyasamlkbr,indibiz,comment,0,instagram
ilyasamlkbr,indibiz,comment,1547,instagram
widya_andria18,indibiz,comment,4397,instagram
ilyasamlkbr,indibiz,comment,0,instagram
heniarmalia,indibiz,comment,5483,instagram
heniarmalia,indibiz,comment,5483,instagram
anna.mutiara,indibiz,comment,4075,instagram
anna.mutiara,indibiz,comment,4075,instagram
anna.mutiara,indibiz,comment,4075,instagram
rzfrdian,indibiz,comment,0,instagram
rzfrdian,indibiz,comment,0,instagram
rzfrdian,indibiz,comment,0,instagram
rzfrdian,indibiz,comment,0,instagram
tyana.hsb,indibiz,comment,5745,instagram
anna.mutiara,indibiz,comment,4075,instagram
rzfrdian,indibiz,comment,0,instagram
ardhyatamaa,indibiz,comment,0,instagram
atusss.999,indibiz,comment,814,instagram
rzfrdian,indibiz,comment,0,instagram
ardhyatamaa,indibiz,comment,0,instagram
rzfrdian,indibiz,comment,1082,instagram
ardhyatamaa,indibiz,comment,0,instagram
jforyoul,indibiz,comment,105,instagram
ardhyatamaa,indibiz,comment,0,instagram
jforyoul,indibiz,comment,105,instagram
ardhyatamaa,indibiz,comment,0,instagram
ardhyatamaa,indibiz,comment,0,instagram
ardhyatamaa,indibiz,comment,0,instagram
ardhyatamaa,indibiz,comment,0,instagram
ardhyatamaa,indibiz,comment,0,instagram
lokiisgood,indibiz,comment,0,instagram
ardhyatamaa,indibiz,comment,926,instagram
ardhyatamaa,indibiz,comment,0,instagram
lokiisgood,indibiz,comment,0,instagram
ilyasamlkbr,indibiz,comment,0,instagram
dindahdlr,indibiz,comment,0,instagram
ardhyatamaa,indibiz,comment,926,instagram
ilyasamlkbr,indibiz,comment,0,instagram
dindahdlr,indibiz,comment,0,instagram
dindahdlr,indibiz,comment,0,instagram
dindahdlr,indibiz,comment,0,instagram
lokiisgood,indibiz,comment,0,instagram
dindahdlr,indibiz,comment,0,instagram
dindahdlr,indibiz,comment,0,instagram
ilyasamlkbr,indibiz,comment,1547,instagram
dindahdlr,indibiz,comment,0,instagram
dindahdlr,indibiz,comment,0,instagram
dindahdlr,indibiz,comment,3806,instagram
ardhyatamaa,indibiz,comment,0,instagram
dindahdlr,indibiz,comment,0,instagram
dindahdlr,indibiz,comment,0,instagram
ilyasamlkbr,indibiz,comment,0,instagram
dedroyyyy_,indibiz,comment,804,instagram
dindahdlr,indibiz,comment,0,instagram
lokiisgood,indibiz,comment,0,instagram
ilyasamlkbr,indibiz,comment,0,instagram
dindahdlr,indibiz,comment,3806,instagram
ilyasamlkbr,indibiz,comment,0,instagram
ardhyatamaa,indibiz,comment,0,instagram
dedroyyyy_,indibiz,comment,804,instagram
dindahdlr,indibiz,comment,3806,instagram
dedroyyyy_,indibiz,comment,0,instagram
dindahdlr,indibiz,comment,3806,instagram
ilyasamlkbr,indibiz,comment,0,instagram
dindahdlr,indibiz,comment,0,instagram
dindahdlr,indibiz,comment,0,instagram
lokiisgood,indibiz,comment,0,instagram
dedroyyyy_,indibiz,comment,0,instagram
dindahdlr,indibiz,comment,0,instagram
ilyasamlkbr,indibiz,comment,1547,instagram
ardhyatamaa,indibiz,comment,0,instagram
jforyoul,indibiz,comment,105,instagram
ilyasamlkbr,indibiz,comment,0,instagram
lokiisgood,indibiz,comment,1337,instagram
dedroyyyy_,indibiz,comment,0,instagram
lokiisgood,indibiz,comment,1337,instagram
dindahdlr,indibiz,comment,0,instagram
ilyasamlkbr,indibiz,comment,0,instagram
willylee77,indibiz,comment,120,instagram
rose_saragihh,indibiz,comment,3436,instagram
rose_saragihh,indibiz,comment,3436,instagram
lokiisgood,indibiz,comment,0,instagram
denisaptri,indibiz,comment,7433,instagram
lokiisgood,indibiz,comment,0,instagram
denisaptri,indibiz,comment,7433,instagram
denisaptri,indibiz,comment,7433,instagram
denisaptri,indibiz,comment,7433,instagram
lokiisgood,indibiz,comment,0,instagram
lokiisgood,indibiz,comment,0,instagram
lokiisgood,indibiz,comment,1337,instagram
lokiisgood,indibiz,comment,0,instagram
lokiisgood,indibiz,comment,0,instagram
lokiisgood,indibiz,comment,1337,instagram
ramansyahfrenkyy,indibiz,comment,1687,instagram
ramansyahfrenkyy,indibiz,comment,1687,instagram
lokiisgood,indibiz,comment,0,instagram
lokiisgood,indibiz,comment,0,instagram
lokiisgood,indibiz,comment,0,instagram
lokiisgood,indibiz,comment,0,instagram
yhanie_ghaniy02,indibiz,comment,51,instagram
anamm_irull,indibiz,comment,77,instagram
anamm_irull,indibiz,comment,77,instagram
rahayuekaf,indibiz,comment,13236,instagram
rahayuekaf,indibiz,comment,13236,instagram
rahayuekaf,indibiz,comment,13236,instagram
rahayuekaf,indibiz,comment,13236,instagram
rahayuekaf,indibiz,comment,13236,instagram
widyasessy,indibiz,comment,406,instagram
widyasessy,indibiz,comment,406,instagram
widyasessy,indibiz,comment,406,instagram
widyasessy,indibiz,comment,406,instagram
widyasessy,indibiz,comment,406,instagram
ayamcrispybachicken,indibiz,comment,0,instagram
nurhandayani945,indibiz,comment,1155,instagram
arafatgaruda,indibiz,comment,776,instagram
w_sydney_rk,indibiz,comment,893,instagram
zenaalaripin,indibiz,comment,3388,instagram
hadi_ruwadi,indibiz,comment,2790,instagram
hadi_ruwadi,indibiz,comment,2790,instagram
saputraboby_,indibiz,comment,142,instagram
saputraboby_,indibiz,comment,142,instagram
can_tiknyayoongi,indibiz,comment,30,instagram
can_tiknyayoongi,indibiz,comment,30,instagram
mariaazza9,indibiz,comment,210,instagram
noy_8481,indibiz,comment,274,instagram
cjdw09,indibiz,comment,166,instagram
viviaivia,indibiz,comment,1136,instagram
sdn1luragunglandeuh,indibiz,comment,0,instagram
pirmadi.marpaung,indibiz,comment,3768,instagram
pirmadi.marpaung,indibiz,comment,3768,instagram
rifky_jio,indibiz,comment,1523,instagram
rifky_jio,indibiz,comment,1523,instagram
ibnusetyonugroho_,indibiz,comment,521,instagram
ibnusetyonugroho_,indibiz,comment,521,instagram
ibnusetyonugroho_,indibiz,comment,521,instagram
nursantilaosmarito,indibiz,comment,49,instagram
zialeora_,indibiz,comment,357,instagram
nursantilaosmarito,indibiz,comment,49,instagram
nursantilaosmarito,indibiz,comment,49,instagram
nursantilaosmarito,indibiz,comment,49,instagram
nursantilaosmarito,indibiz,comment,49,instagram
kalpiyandi,indibiz,comment,2664,instagram
nengvirgo_matchaaa,indibiz,comment,630,instagram
ibunya.akmal21,indibiz,comment,288,instagram
ibunya.akmal21,indibiz,comment,288,instagram
ibunya.akmal21,indibiz,comment,288,instagram
lisar.afi,indibiz,comment,0,instagram
kamya.ruella,indibiz,comment,1392,instagram
kamya.ruella,indibiz,comment,1392,instagram
ibunya.akmal21,indibiz,comment,288,instagram
kamya.ruella,indibiz,comment,1392,instagram
kamya.ruella,indibiz,comment,1392,instagram
kamya.ruella,indibiz,comment,1392,instagram
kamya.ruella,indibiz,comment,1392,instagram
kamya.ruella,indibiz,comment,1392,instagram
bayuuu_suseno,indibiz,comment,295,instagram
suci_wlndri98,indibiz,comment,1885,instagram
suci_wlndri98,indibiz,comment,1885,instagram
nurafniantari,indibiz,comment,514,instagram
suci_wlndri98,indibiz,comment,1885,instagram
attharazka_dwicahya,indibiz,comment,88,instagram
bandihulu,indibiz,comment,1908,instagram
attharazka_dwicahya,indibiz,comment,88,instagram
bandihulu,indibiz,comment,1908,instagram
attharazka_dwicahya,indibiz,comment,88,instagram
ikhjamal,indibiz,comment,1714,instagram
callmena24_,indibiz,comment,917,instagram
bintangqueen_02,indibiz,comment,2462,instagram
bintangqueen_02,indibiz,comment,2462,instagram
rizqi4mal_,indibiz,comment,1108,instagram
rizqi4mal_,indibiz,comment,1108,instagram
rizqi4mal_,indibiz,comment,1108,instagram
bintangqueen_02,indibiz,comment,2462,instagram
rizqi4mal_,indibiz,comment,1108,instagram
rizqi4mal_,indibiz,comment,1108,instagram
iiedakurniiawan16,indibiz,comment,104,instagram
ummi_haryati01,indibiz,comment,235,instagram
laurentianitta,indibiz,comment,2407,instagram
laurentianitta,indibiz,comment,2407,instagram
yunde87,indibiz,comment,63,instagram
yunde87,indibiz,comment,63,instagram
wowneww,indibiz,comment,104,instagram
umisharapova,indibiz,comment,1252,instagram
umisharapova,indibiz,comment,1252,instagram
mayamilawati,indibiz,comment,1793,instagram
amaliavayla,indibiz,comment,1467,instagram
ahmad_aliimani,indibiz,comment,0,instagram
mutirahatiku,indibiz,comment,19,instagram
mutirahatiku,indibiz,comment,19,instagram
hambali_hil,indibiz,comment,354,instagram
s_wildy,indibiz,comment,0,instagram
melisafit.98,indibiz,comment,1104,instagram
ibunya_natalia,indibiz,comment,80,instagram
korendi23,indibiz,comment,760,instagram
bang_arip05,indibiz,comment,1761,instagram
lazzuardi_imani,indibiz,comment,49,instagram
agstiawan.17,indibiz,comment,3761,instagram
triayuliharni,indibiz,comment,7482,instagram
triayuliharni,indibiz,comment,7482,instagram
get2know.nashh,indibiz,comment,2711,instagram
meymarrry,indibiz,comment,4308,instagram
meymarrry,indibiz,comment,4308,instagram
meymarrry,indibiz,comment,4308,instagram
moms.galatia123_,indibiz,comment,1877,instagram
daniati5352,indibiz,comment,3220,instagram
shariavebiriana,indibiz,comment,4353,instagram
si_saepul17,indibiz,comment,1041,instagram
si_saepul17,indibiz,comment,1041,instagram
si_saepul17,indibiz,comment,1041,instagram
edbert.ivander,indibiz,comment,2272,instagram
ghibrannadhiframdann__,indibiz,comment,1339,instagram
ghibrannadhiframdann__,indibiz,comment,1339,instagram
sarprasada_,indibiz,comment,1203,instagram
pangkasrambut_gibran,indibiz,comment,102,instagram
pangkasrambut_gibran,indibiz,comment,102,instagram
abdulrohim650,indibiz,comment,651,instagram
abdulrohim650,indibiz,comment,651,instagram
daudsam42,indibiz,comment,1308,instagram
andi_lubis_,indibiz,comment,0,instagram
ahmad_ilhamanugrah,indibiz,comment,1043,instagram
sarmahansarr,indibiz,comment,10586,instagram
ahmad_ilhamanugrah,indibiz,comment,1043,instagram
sarmahansarr,indibiz,comment,10586,instagram
lestary_wangi,indibiz,comment,185,instagram
susan_ti6061,indibiz,comment,88,instagram
xixipuy,indibiz,comment,79,instagram
muse.ziyaaa,indibiz,comment,215,instagram
muse.ziyaaa,indibiz,comment,215,instagram
dzakirah_86,indibiz,comment,154,instagram
bertaulismnlg,indibiz,comment,116,instagram
andri_insurgent,indibiz,comment,1059,instagram
alfanara_,indibiz,comment,17844,instagram
agritamaaputrii,indibiz,comment,800,instagram
zya_ptrr,indibiz,comment,573,instagram
zya_ptrr,indibiz,comment,573,instagram
mba_yul54,indibiz,comment,111,instagram
deeeyyyyy_10,indibiz,comment,2334,instagram
dalisantika,indibiz,comment,1893,instagram
dalisantika,indibiz,comment,1893,instagram
jasmine_aul02,indibiz,comment,2532,instagram
laila.ramadhani11,indibiz,comment,148,instagram
laila.ramadhani11,indibiz,comment,148,instagram
laila.ramadhani11,indibiz,comment,148,instagram
raisyaaliyaputri5,indibiz,comment,762,instagram
raisyaaliyaputri5,indibiz,comment,762,instagram
raisyaaliyaputri5,indibiz,comment,762,instagram
raisyaaliyaputri5,indibiz,comment,762,instagram
raisyaaliyaputri5,indibiz,comment,762,instagram
sherinariady,indibiz,comment,2289,instagram
kikinopiandii,indibiz,comment,967,instagram
melindakailaa_,indibiz,comment,1825,instagram
melindakailaa_,indibiz,comment,1825,instagram
melindakailaa_,indibiz,comment,1825,instagram
framansyahhh_,indibiz,comment,6423,instagram
framansyahhh_,indibiz,comment,6423,instagram
nur.hidayattulloh6,indibiz,comment,0,tiktok
tono86607,indibiz,comment,1015,tiktok
andirahmat66,indibiz,comment,208,tiktok
alical_0927,indibiz,comment,0,tiktok
narindi.inari.pra,indibiz,comment,0,tiktok
narindi.inari.pra,indibiz,comment,0,tiktok
yosepina32,indibiz,comment,371,tiktok
narindi.inari.pra,indibiz,comment,0,tiktok
mbk.bunga1403,indibiz,comment,0,tiktok
hallo_digital,indibiz,comment,431,tiktok
ulfahwafiyah,indibiz,comment,958,tiktok
andirahmat66,indibiz,comment,208,tiktok
digitalproductfh,indibiz,comment,0,tiktok
mieayamcurug,indibiz,comment,64,tiktok
framansyahhh_,indibiz,comment,6423,instagram
boedionoexco,indibiz,comment,634,instagram
boedionoexco,indibiz,comment,634,instagram
dvie_deanz,indibiz,comment,2872,instagram
rdmhd_77,indibiz,comment,258,instagram
jaballrahma,indibiz,comment,331,instagram
ny_qnoy,indibiz,comment,126,instagram
suyatno_noy,indibiz,comment,259,instagram
alfianyahya88,indibiz,comment,431,instagram
alfianyahya88,indibiz,comment,431,instagram
afrianitaayupermatasari,indibiz,comment,3547,instagram
thelenie123,indibiz,comment,34,instagram
ismijatining89_,indibiz,comment,2331,instagram
ismijatining89_,indibiz,comment,2331,instagram
itsme_yanah14,indibiz,comment,585,instagram
denisinsta_,indibiz,comment,1169,instagram
nhaaaaana_____,indibiz,comment,1298,instagram
arfathpratama,indibiz,comment,680,instagram
anggi_novita065,indibiz,comment,2365,instagram
mamatia02,indibiz,comment,435,instagram
mamatia02,indibiz,comment,435,instagram
mamatia02,indibiz,comment,435,instagram
mamatia02,indibiz,comment,435,instagram
mamatia02,indibiz,comment,435,instagram
inaya_vht,indibiz,comment,2164,instagram
wafda_hafiz60,indibiz,comment,298,instagram
ibraazka9nur,indibiz,comment,1353,instagram
naflaar,indibiz,comment,7958,instagram
ibu_nailahazmi,indibiz,comment,2026,instagram
ibu_nailahazmi,indibiz,comment,2026,instagram
wien_winingsih,indibiz,comment,199,instagram
itslia.__04,indibiz,comment,402,instagram
dedesusaneryani_,indibiz,comment,1696,instagram
dewsinalz,indibiz,comment,2996,instagram
dewsinalz,indibiz,comment,2996,instagram
dewsinalz,indibiz,comment,2996,instagram
safria395,indibiz,comment,558,instagram
nda.fauziah31,indibiz,comment,2478,instagram
ahmad.zhafi27,indibiz,comment,388,instagram
ahmad.zhafi27,indibiz,comment,388,instagram
ahmad.zhafi27,indibiz,comment,388,instagram
nikeardla98,indibiz,comment,2764,instagram
naelsha07,indibiz,comment,2850,instagram
juwi.triana,indibiz,comment,1373,instagram
rindu_rini,indibiz,comment,2972,instagram
rindu_rini,indibiz,comment,2972,instagram
hairunnisa656,indibiz,comment,1088,instagram
mama_adilla51,indibiz,comment,396,instagram
rhinie.izul1408,indibiz,comment,1299,instagram
rhinie.izul1408,indibiz,comment,1299,instagram
usni8.7,indibiz,comment,402,instagram
usni8.7,indibiz,comment,402,instagram
usni8.7,indibiz,comment,402,instagram
usni8.7,indibiz,comment,402,instagram
uda.is_,indibiz,comment,569,instagram
maeramaeraa,indibiz,comment,1825,instagram
hermansumanjaya,indibiz,comment,990,instagram
meili_15,indibiz,comment,975,instagram
ach.salamun82,indibiz,comment,732,instagram
athy.a02,indibiz,comment,950,instagram
athy.a02,indibiz,comment,950,instagram
mitul.fh,indibiz,comment,1206,instagram
viantiiee.10,indibiz,comment,1088,instagram
abd.moeis,indibiz,comment,603,instagram
wtiyas12,indibiz,comment,1627,instagram
fitriana_fatimah,indibiz,comment,2804,instagram
aghna_naa,indibiz,comment,1229,instagram
bagua_squat,indibiz,comment,321,instagram
lailarahmaniwati,indibiz,comment,2061,instagram
epins28,indibiz,comment,922,instagram
naira.na3,indibiz,comment,1525,instagram
sriyanti_hokibanget,indibiz,comment,1254,instagram
sriyanti_hokibanget,indibiz,comment,1254,instagram
ruthsryanaa,indibiz,comment,1018,instagram
inidiaanaaa,indibiz,comment,609,instagram
ruthsryanaa,indibiz,comment,1018,instagram
surabi__________,indibiz,comment,1003,instagram
surabi__________,indibiz,comment,1003,instagram
surabi__________,indibiz,comment,1003,instagram
ekas585,indibiz,comment,1456,instagram
tannallonzo,indibiz,comment,158,instagram
tannallonzo,indibiz,comment,158,instagram
tannallonzo,indibiz,comment,158,instagram
tannallonzo,indibiz,comment,158,instagram
tannallonzo,indibiz,comment,158,instagram
tannallonzo,indibiz,comment,158,instagram
tannallonzo,indibiz,comment,158,instagram
hannaparidah1991,indibiz,comment,1693,instagram
moslem_mate,indibiz,comment,370,instagram
riin_zuriiin,indibiz,comment,80,instagram
abenk_____09,indibiz,comment,2249,instagram
ekaa24__,indibiz,comment,370,instagram
fadhilatulfitria,indibiz,comment,908,instagram
aghniawan24,indibiz,comment,875,instagram
ap_kuways,indibiz,comment,1102,instagram
novi_nyn,indibiz,comment,98,instagram
onko_tii,indibiz,comment,13,instagram
danielsmo2798,indibiz,comment,11,instagram
mutiimnidaa,indibiz,comment,159,instagram
widja_yanti.99,indibiz,comment,0,instagram
bang_ek407,indibiz,comment,193,instagram
pasbengria,indibiz,comment,556,instagram
zanabormal,indibiz,comment,63,instagram
kokokr8_,indibiz,comment,3064,instagram
shakirawin.1376,indibiz,comment,1812,instagram
deliana_1981,indibiz,comment,126,instagram
jee_han04,indibiz,comment,49,instagram
mom_azzarsy,indibiz,comment,64,instagram
heysaa17,indibiz,comment,1819,instagram
sholeha.ahel,indibiz,comment,1278,instagram
ucitari_93,indibiz,comment,455,instagram
ndugputri,indibiz,comment,855,instagram
its.kiimaa_,indibiz,comment,1328,instagram
agustplan,indibiz,comment,2017,instagram
momrakasalman,indibiz,comment,129,instagram
indra_fahleviii,indibiz,comment,554,instagram
indra_fahleviii,indibiz,comment,554,instagram
indra_fahleviii,indibiz,comment,554,instagram
arifin4905,indibiz,comment,174,instagram
adnela345,indibiz,comment,519,instagram
inong24__,indibiz,comment,828,instagram
adenuyuy,indibiz,comment,1269,instagram
aku_denilham,indibiz,comment,1480,instagram
dzulhanita,indibiz,comment,0,instagram
mahardika1995__,indibiz,comment,155,instagram
natasha.auliia,indibiz,comment,1026,instagram
surirahmadini_,indibiz,comment,884,instagram
surirahmadini_,indibiz,comment,884,instagram
surirahmadini_,indibiz,comment,884,instagram
deah_gorgeous,indibiz,comment,957,instagram
lilik_rose15,indibiz,comment,489,instagram
septinayosi,indibiz,comment,1885,instagram
wiwit_dya17,indibiz,comment,0,instagram
wiwit_dya17,indibiz,comment,0,instagram
wiwit_dya17,indibiz,comment,0,instagram
wiwit_dya17,indibiz,comment,0,instagram
wiwit_dya17,indibiz,comment,0,instagram
khairunisa0607,indibiz,comment,1140,instagram
khairunisa0607,indibiz,comment,1140,instagram
e_psbr,indibiz,comment,234,instagram
khairunisa0607,indibiz,comment,1140,instagram
iannn_122,indibiz,comment,195,instagram
rahma190495,indibiz,comment,252,instagram
bang_arip05,indibiz,comment,1761,instagram
bang_arip05,indibiz,comment,1761,instagram
mamahjemaa,indibiz,comment,471,instagram
mamahjemaa,indibiz,comment,471,instagram
mamahjemaa,indibiz,comment,471,instagram
mamahjemaa,indibiz,comment,471,instagram
mamahjemaa,indibiz,comment,471,instagram
zunma_rin,indibiz,comment,62,instagram
melly_moruk,indibiz,comment,5312,instagram
nisyaluxs,indibiz,comment,2438,instagram
mama_arafiii,indibiz,comment,349,instagram
kha_nza06,indibiz,comment,1162,instagram
issti.qomariyah,indibiz,comment,599,instagram
bang_arip05,indibiz,comment,1761,instagram
daudsam26,indibiz,comment,1645,instagram
oktin_elbil,indibiz,comment,1269,instagram
oktin_elbil,indibiz,comment,1269,instagram
1997nesya,indibiz,comment,432,instagram
1997nesya,indibiz,comment,432,instagram
nirrin16,indibiz,comment,116,instagram
nirrin16,indibiz,comment,116,instagram
nirrin16,indibiz,comment,116,instagram
andindahesty_,indibiz,comment,1178,instagram
sebatianchan82,indibiz,comment,344,instagram
revandra901,indibiz,comment,290,instagram
revandra901,indibiz,comment,290,instagram
revandra901,indibiz,comment,290,instagram
siti_zauziah,indibiz,comment,483,instagram
chilla_sadewa,indibiz,comment,0,instagram
yan21ib,indibiz,comment,4853,instagram
yatmadridista,indibiz,comment,145,instagram
yatmadridista,indibiz,comment,145,instagram
mamhikuh,indibiz,comment,86,instagram
nbila_billo,indibiz,comment,29,instagram
yuma_riany,indibiz,comment,28,instagram
yanuarnurimam,indibiz,comment,10962,instagram
yanuarnurimam,indibiz,comment,10962,instagram
wahyu_bagusferdiansyah,indibiz,comment,366,instagram
yanuarnurimam,indibiz,comment,10962,instagram
yanuarnurimam,indibiz,comment,10962,instagram
aafirman06,indibiz,comment,338,instagram
aafirman06,indibiz,comment,338,instagram
yanuarnurimam,indibiz,comment,10962,instagram
yanuarnurimam,indibiz,comment,10962,instagram
tamalarin27,indibiz,comment,1416,instagram
yanuarnurimam,indibiz,comment,10962,instagram
yanuarnurimam,indibiz,comment,10962,instagram
triyani_afit,indibiz,comment,1532,instagram
karinadwisartika,indibiz,comment,2560,instagram
la_olla98,indibiz,comment,141,instagram
mega_nofi_ana,indibiz,comment,2627,instagram
jemmyjasey,indibiz,comment,1624,instagram
izeroonee_011,indibiz,comment,199,instagram
guslaini18,indibiz,comment,119,instagram
zurinnurma,indibiz,comment,3215,instagram
zurinnurma,indibiz,comment,3215,instagram
zurinnurma,indibiz,comment,3215,instagram
lestari_swetty,indibiz,comment,2857,instagram
ririen_quinsha,indibiz,comment,54,instagram
ichipranatautami_,indibiz,comment,569,instagram
leni_y93,indibiz,comment,679,instagram
leni_y93,indibiz,comment,679,instagram
hello.jiaan,indibiz,comment,83,instagram
_eva.r26,indibiz,comment,655,instagram
anitacalosa,indibiz,comment,1491,instagram
leni_y93,indibiz,comment,679,instagram
leni_y93,indibiz,comment,679,instagram
hlmtsaaaaa_,indibiz,comment,44,instagram
matmatmatz,indibiz,comment,233,instagram
suprapti1970,indibiz,comment,1383,instagram
abdul_latif1908,indibiz,comment,923,instagram
abdul_latif1908,indibiz,comment,923,instagram
abdul_latif1908,indibiz,comment,923,instagram
callme.adeell,indibiz,comment,23,instagram
mamairene157,indibiz,comment,304,instagram
bela_puspita55,indibiz,comment,84,instagram
bela_puspita55,indibiz,comment,84,instagram
nurhas235,indibiz,comment,61,instagram
fitrii.rahmiiatii,indibiz,comment,6294,instagram
nurseha9,indibiz,comment,1116,instagram
nonaandflower,indibiz,comment,1161,instagram
dina_azzahra03,indibiz,comment,376,instagram
avivatuhzuhriyah,indibiz,comment,2425,instagram
rianto.95,indibiz,comment,156,instagram
hrrr788,indibiz,comment,1193,instagram
pia_cute2007,indibiz,comment,854,instagram
isminofianti354_,indibiz,comment,422,instagram
isminofianti354_,indibiz,comment,422,instagram
karniamogu196,indibiz,comment,340,instagram
rizvanz_za,indibiz,comment,20,instagram
si.eldysol,indibiz,comment,4190,instagram
si.eldysol,indibiz,comment,4190,instagram
si.eldysol,indibiz,comment,4190,instagram
nayahhh_hnya3,indibiz,comment,552,instagram
si.eldysol,indibiz,comment,4190,instagram
si.eldysol,indibiz,comment,4190,instagram
itsmeee_diniiii,indibiz,comment,557,instagram
serliafriansyah,indibiz,comment,415,instagram
serliafriansyah,indibiz,comment,415,instagram
serliafriansyah,indibiz,comment,415,instagram
itsmeee_diniiii,indibiz,comment,557,instagram
rizvan_zaa,indibiz,comment,21,instagram
iamaruuum_,indibiz,comment,742,instagram
widanovia94,indibiz,comment,267,instagram
nicaaafwulansa,indibiz,comment,404,instagram
endangwinarsih913,indibiz,comment,156,instagram
putrilenisa_1001,indibiz,comment,3498,instagram
endangwinarsih913,indibiz,comment,156,instagram
putrilenisa_1001,indibiz,comment,3498,instagram
putrilenisa_1001,indibiz,comment,3498,instagram
gipaz_unge,indibiz,comment,377,instagram
palupifm,indibiz,comment,6738,instagram
palupifm,indibiz,comment,6738,instagram
palupifm,indibiz,comment,6738,instagram
dedeani6d,indibiz,comment,1698,instagram
dedeani6d,indibiz,comment,1698,instagram
dedeani6d,indibiz,comment,1698,instagram
rieany03,indibiz,comment,365,instagram
konyils,indibiz,comment,669,instagram
noviyanti_noy,indibiz,comment,697,instagram
icyy_rara,indibiz,comment,1151,instagram
oktaaff__167,indibiz,comment,850,instagram
fransda78,indibiz,comment,1459,instagram
fransda78,indibiz,comment,1459,instagram
fransda78,indibiz,comment,1459,instagram
sang_creators,indibiz,comment,6241,instagram
sang_creators,indibiz,comment,6241,instagram
sang_creators,indibiz,comment,6241,instagram
erina_inez965,indibiz,comment,16,instagram
sang_creators,indibiz,comment,6241,instagram
wizzaira,indibiz,comment,1007,instagram
wizzaira,indibiz,comment,1007,instagram
wizzaira,indibiz,comment,1007,instagram
ningsih_822,indibiz,comment,2814,instagram
rubykhayla_07,indibiz,comment,3992,instagram
rubykhayla_07,indibiz,comment,3992,instagram
rubykhayla_07,indibiz,comment,3992,instagram
fitriahay_06,indibiz,comment,2021,instagram
fitriahay_06,indibiz,comment,2021,instagram
ditanurmalita,indibiz,comment,707,instagram
fitriahay_06,indibiz,comment,2021,instagram
fitriahay_06,indibiz,comment,2021,instagram
lukman_hakim522,indibiz,comment,480,instagram
naadiazv,indibiz,comment,1704,instagram
tasyaanaa_s,indibiz,comment,948,instagram
tasyaanaa_s,indibiz,comment,948,instagram
likaaaeff,indibiz,comment,594,instagram
likaaaeff,indibiz,comment,594,instagram
fathoerrojak,indibiz,comment,153,instagram
mom_farasfaris,indibiz,comment,1296,instagram
mom_farasfaris,indibiz,comment,1296,instagram
mom_farasfaris,indibiz,comment,1296,instagram
nadiasavirad,indibiz,comment,6675,instagram
hananurhan,indibiz,comment,642,instagram
santiaya3012,indibiz,comment,166,instagram
lany_nila14,indibiz,comment,2615,instagram
lany_nila14,indibiz,comment,2615,instagram
putrisumarniii,indibiz,comment,0,instagram
ofi_adiii,indibiz,comment,935,instagram
fahmabrillian_,indibiz,comment,656,instagram
finasanw_,indibiz,comment,1393,instagram
finasanw_,indibiz,comment,1393,instagram
vividaisypuspita,indibiz,comment,21,instagram
mohammad_abdul_rifai,indibiz,comment,380,instagram
mohammad_abdul_rifai,indibiz,comment,380,instagram
m_rizqy_adityaa,indibiz,comment,22,instagram
sugarasa_,indibiz,comment,95,instagram
megakusdiantini_10,indibiz,comment,690,instagram
nabillah_0043,indibiz,comment,637,instagram
ramires_adang76,indibiz,comment,234,instagram
ipank_coey,indibiz,comment,36,instagram
lio.nafr,indibiz,comment,412,instagram
cillss14,indibiz,comment,202,instagram
lio.nafr,indibiz,comment,412,instagram
soegastory,indibiz,comment,1067,instagram
theyelloweyez,indibiz,comment,697,instagram
m_ali_ivan_efendi06,indibiz,comment,59,instagram
amel_adristha,indibiz,comment,1660,instagram
amel_adristha,indibiz,comment,1660,instagram
amel_adristha,indibiz,comment,1660,instagram
muhammadfaizamri,indibiz,comment,1510,instagram
ema_maeemana,indibiz,comment,3157,instagram
ermahibi21,indibiz,comment,97,instagram
diahsriutami1530,indibiz,comment,1706,instagram
ermahibi21,indibiz,comment,97,instagram
ullpa_zhaa,indibiz,comment,1087,instagram
m_rizqy_aditya12,indibiz,comment,457,instagram
alam.syah2217,indibiz,comment,50,instagram
alam.syah2217,indibiz,comment,50,instagram
alam.syah2217,indibiz,comment,50,instagram
alam.syah2217,indibiz,comment,50,instagram
alam.syah2217,indibiz,comment,50,instagram
alam.syah2217,indibiz,comment,50,instagram
ef_ivans,indibiz,comment,71,instagram
rizvan_za24,indibiz,comment,85,instagram
vy.s05,indibiz,comment,1547,instagram
nuuurr97winda,indibiz,comment,65,instagram
nuuurr97winda,indibiz,comment,65,instagram
vy.s05,indibiz,comment,1547,instagram
dian_akbarfarizi,indibiz,comment,255,instagram
yulie_sa,indibiz,comment,976,instagram
nuuurr97winda,indibiz,comment,65,instagram
jah_dijah08,indibiz,comment,2803,instagram
dyt_inst,indibiz,comment,73,instagram
sabila_munaff,indibiz,comment,78,instagram
dyt_inst,indibiz,comment,73,instagram
maliivanefendi13,indibiz,comment,125,instagram
agusstankovic,indibiz,comment,1300,instagram
zhaa93_05,indibiz,comment,116,instagram
jamaluddin_hy91,indibiz,comment,1042,instagram
mrizqy_aditya,indibiz,comment,1150,instagram
tiandventure,indibiz,comment,1361,instagram
nandangirpan,indibiz,comment,865,instagram
adhie2335,indibiz,comment,623,instagram
yulie.ieie,indibiz,comment,52,instagram
riska.lie,indibiz,comment,244,instagram
askiah_na,indibiz,comment,655,instagram
noviantipuspita_2103,indibiz,comment,1058,instagram
wawanandrian88,indibiz,comment,387,instagram
itsme_nabiiil,indibiz,comment,63,instagram
alviant_21,indibiz,comment,7838,instagram
mamanya__yaya,indibiz,comment,1425,instagram
mamanya__yaya,indibiz,comment,1425,instagram
mamanya__yaya,indibiz,comment,1425,instagram
m.alfarizqi01,indibiz,comment,181,instagram
vinaarunika_,indibiz,comment,643,instagram
vinaarunika_,indibiz,comment,643,instagram
rannydarma,indibiz,comment,4841,instagram
jaronasm18,indibiz,comment,905,instagram
m_rizqy_aditya,indibiz,comment,625,instagram
fitriy.qoblia,indibiz,comment,2294,instagram
farelrafqi05,indibiz,comment,265,instagram
mommy.di067,indibiz,comment,1503,instagram
mommy.di067,indibiz,comment,1503,instagram
mommy.di067,indibiz,comment,1503,instagram
jaronasm18,indibiz,comment,905,instagram
tursiti228,indibiz,comment,115,instagram
dindafajriah,indibiz,comment,1224,instagram
suryaskwg,indibiz,comment,3670,instagram
indryls_22,indibiz,comment,975,instagram
henyawaliah121192,indibiz,comment,1141,instagram
suryaskwg,indibiz,comment,3670,instagram
zehan.ameera,indibiz,comment,376,instagram
jaronasm18,indibiz,comment,905,instagram
zehan.ameera,indibiz,comment,376,instagram
jaronasm18,indibiz,comment,905,instagram
suryaskwg,indibiz,comment,3670,instagram
andykoprok,indibiz,comment,44,instagram
dy_niaa,indibiz,comment,1042,instagram
jaronasm18,indibiz,comment,905,instagram
heyris.rawrr,indibiz,comment,3373,instagram
jaronasm18,indibiz,comment,905,instagram
rimbiyaa_ppuji,indibiz,comment,652,instagram
jaronasm18,indibiz,comment,905,instagram
nurlia_lulu11,indibiz,comment,1584,instagram
ersyaafwr,indibiz,comment,27875,instagram
vellavioletta28_,indibiz,comment,1666,instagram
gya3_humairaa,indibiz,comment,16078,instagram
vellavioletta28_,indibiz,comment,1666,instagram
gya3_humairaa,indibiz,comment,16078,instagram
tyafrestya_14,indibiz,comment,291,instagram
ariprahmanpermana,indibiz,comment,2230,instagram
eti_tursiti,indibiz,comment,1032,instagram
ariprahmanpermana,indibiz,comment,2230,instagram
ariprahmanpermana,indibiz,comment,2230,instagram
ariprahmanpermana,indibiz,comment,2230,instagram
ariprahmanpermana,indibiz,comment,2230,instagram
farelrafqi05,indibiz,comment,265,instagram
ernahandayani330,indibiz,comment,2130,instagram
ernahandayani330,indibiz,comment,2130,instagram
ernahandayani330,indibiz,comment,2130,instagram
ernahandayani330,indibiz,comment,2130,instagram
ernahandayani330,indibiz,comment,2130,instagram
ernahandayani330,indibiz,comment,2130,instagram
ernahandayani330,indibiz,comment,2130,instagram
ernahandayani330,indibiz,comment,2130,instagram
ernahandayani330,indibiz,comment,2130,instagram
tyafrestya_14,indibiz,comment,291,instagram
edisupena10,indibiz,comment,1339,instagram
adinata_andrian,indibiz,comment,467,instagram
oktavianisrh,indibiz,comment,5882,instagram
indibiz.jbn,indibiz,comment,8048,instagram
indibiz.jbn,indibiz,comment,8048,instagram
oktavianisrh,indibiz,comment,5882,instagram
indibiz.jbn,indibiz,comment,8048,instagram
ariprahmanpermana,indibiz,comment,2230,instagram
indibiz.jbn,indibiz,comment,8048,instagram
ariprahmanpermana,indibiz,comment,2230,instagram
ariprahmanpermana,indibiz,comment,2230,instagram
mariafaaizasya,indibiz,comment,318,instagram
cicimarethaw,indibiz,comment,3085,instagram
ariprahmanpermana,indibiz,comment,2230,instagram
indibiz.jbn,indibiz,comment,8048,instagram
cicimarethaw,indibiz,comment,3085,instagram
ariprahmanpermana,indibiz,comment,2230,instagram
indibiz.jbn,indibiz,comment,8048,instagram
ranii.maulidy,indibiz,comment,3168,instagram
indibiz.jbn,indibiz,comment,8048,instagram
ashlihrusdaalfa,indibiz,comment,678,instagram
emisetya27,indibiz,comment,1709,instagram
emisetya27,indibiz,comment,1709,instagram
cepipiitt_,indibiz,comment,11390,instagram
jumadie_87,indibiz,comment,268,instagram
ernasarjono88,indibiz,comment,3101,instagram
ernasarjono88,indibiz,comment,3101,instagram
chenuloill,indibiz,comment,1629,instagram
ernasarjono88,indibiz,comment,3101,instagram
itsme.novi20,indibiz,comment,2348,instagram
risa.syt,indibiz,comment,30,instagram
dayatinst,indibiz,comment,110,instagram
badaruddin.nurul,indibiz,comment,1414,instagram
dayatinst,indibiz,comment,110,instagram
icyy_rara,indibiz,comment,1151,instagram
sherinadias,indibiz,comment,21243,instagram
sherinadias,indibiz,comment,21243,instagram
yuyu.lilie,indibiz,comment,57,instagram
achmad_marzuki99,indibiz,comment,1521,instagram
shilminafiza,indibiz,comment,2991,instagram
firliona.rm,indibiz,comment,876,instagram
7piaaa_h,indibiz,comment,370,instagram
firliona.rm,indibiz,comment,876,instagram
andyhidayat_84,indibiz,comment,295,instagram
aruna_nika212,indibiz,comment,1187,instagram
vallerianivv_,indibiz,comment,2463,instagram
suciati2898,indibiz,comment,461,instagram
nov.noyy,indibiz,comment,290,instagram
nisk_022,indibiz,comment,688,instagram
rishachaa01,indibiz,comment,2617,instagram
rishachaa01,indibiz,comment,2617,instagram
rishachaa01,indibiz,comment,2617,instagram
mariza_sandra23,indibiz,comment,1669,instagram
thia_thia14,indibiz,comment,2515,instagram
thia_thia14,indibiz,comment,2515,instagram
thia_thia14,indibiz,comment,2515,instagram
bunda_yamy,indibiz,comment,2445,instagram
bunda.nyaarafi,indibiz,comment,40,instagram
purnaamaasari_,indibiz,comment,6550,instagram
purnaamaasari_,indibiz,comment,6550,instagram
purnaamaasari_,indibiz,comment,6550,instagram
purnaamaasari_,indibiz,comment,6550,instagram
valery_cless,indibiz,comment,315,instagram
purnaamaasari_,indibiz,comment,6550,instagram
purnaamaasari_,indibiz,comment,6550,instagram
purnaamaasari_,indibiz,comment,6550,instagram
sugiartiina_,indibiz,comment,1262,instagram
la_rechiika,indibiz,comment,10094,instagram
ciu.susanti,indibiz,comment,1172,instagram
ciu.susanti,indibiz,comment,1172,instagram
maharaniayudia1,indibiz,comment,53,instagram
papskiarunarara,indibiz,comment,707,instagram
maharaniayudia1,indibiz,comment,53,instagram
herlinacantik2022,indibiz,comment,1965,instagram
sabrinanur___,indibiz,comment,619,instagram
wulan_amijoyo,indibiz,comment,70,instagram
wulan_amijoyo,indibiz,comment,70,instagram
novaayulestari18,indibiz,comment,855,instagram
ardi0_22,indibiz,comment,0,instagram
by_you97,indibiz,comment,137,instagram
by_you97,indibiz,comment,137,instagram
nictabebex,indibiz,comment,568,instagram
novaayulestari18,indibiz,comment,855,instagram
by_you97,indibiz,comment,137,instagram
nictabebex,indibiz,comment,568,instagram
lestariputriie1705,indibiz,comment,1647,instagram
ainoera,indibiz,comment,639,instagram
wahyufitriyani2016,indibiz,comment,3306,instagram
wahyufitriyani2016,indibiz,comment,3306,instagram
m3m4rr,indibiz,comment,2699,instagram
ainurhas788,indibiz,comment,228,instagram
rian.sr30__,indibiz,comment,16,instagram
naurayyan18,indibiz,comment,162,instagram
cindysirait,indibiz,comment,23260,instagram
dinkazikraa,indibiz,comment,156,instagram
dinkazikraa,indibiz,comment,156,instagram
mas_cahyadhi,indibiz,comment,464,instagram
ahmadfajriyan,indibiz,comment,2139,instagram
ekosaputra17_,indibiz,comment,5787,instagram
nuhpiyanti_,indibiz,comment,2168,instagram
hanabella585,indibiz,comment,22,instagram
nofifalya,indibiz,comment,263,instagram
riniputri2108,indibiz,comment,1165,instagram
ardi0_22,indibiz,comment,0,instagram
fikavi99,indibiz,comment,133,instagram
ffatmalya_,indibiz,comment,1222,instagram
ekosaputra17_,indibiz,comment,5787,instagram
ekosaputra17_,indibiz,comment,5787,instagram
ekosaputra17_,indibiz,comment,5787,instagram
handikapangestu20,indibiz,comment,31,instagram
louwrencya,indibiz,comment,0,instagram
bas_wynr,indibiz,comment,4,instagram
lalasyabbridjal,indibiz,comment,559,instagram
dadimansaja123,indibiz,comment,0,instagram
onko_tii,indibiz,comment,13,instagram
onko_tii,indibiz,comment,13,instagram
mom_azzarsy,indibiz,comment,64,instagram
mom_azzarsy,indibiz,comment,64,instagram
mom_azzarsy,indibiz,comment,64,instagram
rainami.ilpah,indibiz,comment,1932,instagram
nana.y_wirayasa,indibiz,comment,3309,instagram
nana.y_wirayasa,indibiz,comment,3309,instagram
nana.y_wirayasa,indibiz,comment,3309,instagram
nana.y_wirayasa,indibiz,comment,3309,instagram
jaronasm18,indibiz,comment,905,instagram
rais_amat.id,indibiz,comment,1205,instagram
rais_amat.id,indibiz,comment,1205,instagram
rais_amat.id,indibiz,comment,1205,instagram
rais_amat.id,indibiz,comment,1205,instagram
sonyatheresiahtb,indibiz,comment,1630,instagram
sonyatheresiahtb,indibiz,comment,1630,instagram
sonyatheresiahtb,indibiz,comment,1630,instagram
adinata_andrian,indibiz,comment,467,instagram
adinata_andrian,indibiz,comment,467,instagram
adinata_andrian,indibiz,comment,467,instagram
ap_kuways,indibiz,comment,1102,instagram
yarazivaraa,indibiz,comment,0,instagram
yarazivaraa,indibiz,comment,0,instagram
yarazivaraa,indibiz,comment,0,instagram
onko_tii,indibiz,comment,13,instagram
onko_tii,indibiz,comment,13,instagram
onko_tii,indibiz,comment,13,instagram
onko_tii,indibiz,comment,13,instagram
juli_ardina,indibiz,comment,1452,instagram
widyasessy,indibiz,comment,406,instagram
widyasessy,indibiz,comment,406,instagram
tyna.candra,indibiz,comment,0,instagram
kamisahsiregar,indibiz,comment,0,instagram
cassmuii,indibiz,comment,239,instagram
bas_wynr,indibiz,comment,4,instagram
bas_wynr,indibiz,comment,4,instagram
pasbengria,indibiz,comment,556,instagram
bas_wynr,indibiz,comment,4,instagram
bas_wynr,indibiz,comment,4,instagram
nouna_mir488,indibiz,comment,237,instagram
heyyrama_21,indibiz,comment,233,instagram
indibiz.jatengdiy,indibiz,comment,12497,instagram
fitriahay_06,indibiz,comment,2021,instagram
ellaello_ibunbaimkiya,indibiz,comment,0,instagram
karinarinarina.a,indibiz,comment,0,instagram
karinarinarina.a,indibiz,comment,0,instagram
indibiz.jbn,indibiz,comment,8048,instagram
aavianida,indibiz,comment,925,instagram
aavianida,indibiz,comment,925,instagram
tyna.candra,indibiz,comment,0,instagram
tyna.candra,indibiz,comment,0,instagram
tyna.candra,indibiz,comment,0,instagram
ichhaas,indibiz,comment,0,instagram
windy_risa,indibiz,comment,0,instagram
arikarestama,indibiz,comment,0,instagram
bosmaferizal,indibiz,comment,0,instagram
fitrirenovita,indibiz,comment,2022,instagram
jenrytobing_,indibiz,comment,0,instagram
_raindaa,indibiz,comment,1222,instagram
kurniawan_mf,indibiz,comment,0,instagram
louwrencya,indibiz,comment,0,instagram
indibiz.sumatera,indibiz,comment,13887,instagram
indibiz.jbn,indibiz,comment,10820,instagram
pasbengria,indibiz,comment,556,instagram
fitriahay_06,indibiz,comment,2021,instagram
widyasessy,indibiz,comment,406,instagram
mhdtauffiq,indibiz,comment,0,instagram
indibiz.sumatera,indibiz,comment,13887,instagram
indibiz.kti,indibiz,comment,10506,instagram
indibiz.jbn,indibiz,comment,10820,instagram
asepmaulanamalik,indibiz,comment,0,instagram
widyasessy,indibiz,comment,406,instagram
fitriahay_06,indibiz,comment,2021,instagram
pasbengria,indibiz,comment,556,instagram
pasbengria,indibiz,comment,556,instagram
widyasessy,indibiz,comment,406,instagram
fitriahay_06,indibiz,comment,2021,instagram
widyasessy,indibiz,comment,406,instagram
pasbengria,indibiz,comment,556,instagram
fitriahay_06,indibiz,comment,2021,instagram
widyasessy,indibiz,comment,406,instagram
aldidc007,indibiz,comment,1075,instagram
oca.indonesia,indibiz,comment,3756,instagram
tomydpy,indibiz,comment,2038,instagram
tomydpy,indibiz,comment,2038,instagram
novii_nizaar,indibiz,comment,839,instagram
novii_nizaar,indibiz,comment,839,instagram
aprilzahrant,indibiz,comment,2278,instagram
aprilzahrant,indibiz,comment,2278,instagram
ardystrr,indibiz,comment,0,instagram
hafsahsmbrg,indibiz,comment,0,instagram
indibiz.sumatera,indibiz,comment,13887,instagram
indibiz.jbn,indibiz,comment,8048,instagram
indibiz.jbn,indibiz,comment,8048,instagram
indibiz.jbn,indibiz,comment,8048,instagram
indibiz.jbn,indibiz,comment,8048,instagram
tomydpy,indibiz,comment,2038,instagram
fitriahay_06,indibiz,comment,2021,instagram
fitriahay_06,indibiz,comment,2021,instagram
ardystrr,indibiz,comment,0,instagram
widyasessy,indibiz,comment,406,instagram
dinkazikraa,indibiz,comment,156,instagram
zahraauulia,indibiz,comment,0,instagram
dinkazikraa,indibiz,comment,156,instagram
widyasessy,indibiz,comment,406,instagram
agam_khaled,indibiz,comment,182,instagram
fadhilfau_,indibiz,comment,0,instagram
erina_inez965,indibiz,comment,16,instagram
junita_oy,indibiz,comment,1111,instagram
junita_oy,indibiz,comment,1111,instagram
junita_oy,indibiz,comment,1111,instagram
heyyrama_21,indibiz,comment,233,instagram
indibiz.jatengdiy,indibiz,comment,12458,instagram
indibiz.jatengdiy,indibiz,comment,12458,instagram
indibiz.jatengdiy,indibiz,comment,12458,instagram
heyyrama_21,indibiz,comment,233,instagram
indibiz.jatengdiy,indibiz,comment,12458,instagram
indibiz.jatengdiy,indibiz,comment,12458,instagram
indibiz.jatengdiy,indibiz,comment,12458,instagram
indibiz.jatengdiy,indibiz,comment,12458,instagram
indibiz.jatengdiy,indibiz,comment,12458,instagram
indibiz.jatengdiy,indibiz,comment,12458,instagram
indibiz.jatengdiy,indibiz,comment,12458,instagram
indibiz.jatengdiy,indibiz,comment,12458,instagram
indibiz.jatengdiy,indibiz,comment,12458,instagram
indibiz.jatengdiy,indibiz,comment,12458,instagram
indibiz.jatengdiy,indibiz,comment,12458,instagram
cirofatah,indibiz,comment,1334,instagram
fitriahay_06,indibiz,comment,2021,instagram
fitriahay_06,indibiz,comment,2021,instagram
sintia_rahma445,indibiz,comment,12,instagram
nouna_mir488,indibiz,comment,237,instagram
nouna_mir488,indibiz,comment,237,instagram
anwar.rsd,indibiz,comment,9076,instagram
anwar.rsd,indibiz,comment,9076,instagram
d__swastika,indibiz,comment,0,instagram
bang_arip05,indibiz,comment,1761,instagram
widyasessy,indibiz,comment,406,instagram
erwindwimeidiyanto,indibiz,comment,0,instagram
banyusegara110,indibiz,comment,17,instagram
banyusegara110,indibiz,comment,17,instagram
fatkur_riz,indibiz,comment,167,instagram
mmusyaidah,indibiz,comment,0,instagram
fauzan_msd,indibiz,comment,828,instagram
fauzan_msd,indibiz,comment,828,instagram
fauzan_msd,indibiz,comment,828,instagram
indibiz.sumatera,indibiz,comment,13887,instagram
widyasessy,indibiz,comment,406,instagram
widyasessy,indibiz,comment,406,instagram
widyasessy,indibiz,comment,406,instagram
widyasessy,indibiz,comment,406,instagram
fitriahay_06,indibiz,comment,2021,instagram
fitriahay_06,indibiz,comment,2021,instagram
fitriahay_06,indibiz,comment,2021,instagram
fitriahay_06,indibiz,comment,2021,instagram
fitriahay_06,indibiz,comment,2021,instagram
fitriahay_06,indibiz,comment,2021,instagram
fitriahay_06,indibiz,comment,2021,instagram
fitriahay_06,indibiz,comment,2021,instagram
indibiz.jbn,indibiz,comment,10820,instagram
mason.gallery,indibiz,comment,0,instagram
cassmuii,indibiz,comment,239,instagram
cassmuii,indibiz,comment,239,instagram
azka_260686,indibiz,comment,113,instagram
issti.qomariyah,indibiz,comment,599,instagram
inaya_sida29,indibiz,comment,218,instagram
heyyrama_21,indibiz,comment,233,instagram
heyyrama_21,indibiz,comment,233,instagram
gunawan_jk12,indibiz,comment,0,instagram
mas_tama_agt,indibiz,comment,778,instagram
ahaer_drawing,indibiz,comment,143,instagram
shaa_kyla,indibiz,comment,330,instagram
shaa_kyla,indibiz,comment,330,instagram
shaa_kyla,indibiz,comment,330,instagram
ramannnsyahhh,indibiz,comment,1572,instagram
azgarabayu,indibiz,comment,1638,instagram
miakaori1003,indibiz,comment,538,instagram
aha_painting,indibiz,comment,61,instagram
ar_dy1122,indibiz,comment,879,instagram
marsyah203,indibiz,comment,395,instagram
aqilaqila64,indibiz,comment,25,instagram
nina_lizany,indibiz,comment,1229,instagram
ikal_drakor,indibiz,comment,116,instagram
chairunnisa2016,indibiz,comment,1,instagram
ersyanaur69,indibiz,comment,0,instagram
tianhdsptr_8,indibiz,comment,2076,instagram
kasept.ian_69,indibiz,comment,15795,instagram
kasept.ian_69,indibiz,comment,15795,instagram
kasept.ian_69,indibiz,comment,15795,instagram
riev00,indibiz,comment,531,instagram
sahnahaymarpaung,indibiz,comment,7855,instagram
atusss.999,indibiz,comment,814,instagram
viviaivia,indibiz,comment,1136,instagram
rubykhayla_07,indibiz,comment,3992,instagram
rubykhayla_07,indibiz,comment,3992,instagram
rubykhayla_07,indibiz,comment,3992,instagram
ansrahma.ynt,indibiz,comment,1505,instagram
ansrahma.ynt,indibiz,comment,1505,instagram
ansrahma.ynt,indibiz,comment,1505,instagram
permaiyanigea,indibiz,comment,1194,instagram
auli.aputri15,indibiz,comment,1089,instagram
cakra61_,indibiz,comment,2142,instagram
agustin_se11,indibiz,comment,611,instagram
agustin_se11,indibiz,comment,611,instagram
hendra_prayoga0307,indibiz,comment,1401,instagram
hendra_prayoga0307,indibiz,comment,1401,instagram
hayulestari29_,indibiz,comment,9318,instagram
rasqyalituhayu,indibiz,comment,633,instagram
rasqyalituhayu,indibiz,comment,633,instagram
rasqyalituhayu,indibiz,comment,633,instagram
santyna_,indibiz,comment,4552,instagram
santyna_,indibiz,comment,4552,instagram
santyna_,indibiz,comment,4552,instagram
santyna_,indibiz,comment,4552,instagram
santyna_,indibiz,comment,4552,instagram
santyna_,indibiz,comment,4552,instagram
utarylajill,indibiz,comment,9364,instagram
utarylajill,indibiz,comment,9364,instagram
prabowo.niki,indibiz,comment,605,instagram
muhamadarie.pr,indibiz,comment,5182,instagram
prabowo.niki,indibiz,comment,605,instagram
prabowo.niki,indibiz,comment,605,instagram
rashyawibowo12,indibiz,comment,354,instagram
rashyawibowo12,indibiz,comment,354,instagram
rashyawibowo12,indibiz,comment,354,instagram
tediprayogaaa,indibiz,comment,784,instagram
ibu_rene17,indibiz,comment,785,instagram
irma_akhasya96,indibiz,comment,2036,instagram
diikyrah,indibiz,comment,510,instagram
1997nesya,indibiz,comment,432,instagram
1997nesya,indibiz,comment,432,instagram
1997nesya,indibiz,comment,432,instagram
1997nesya,indibiz,comment,432,instagram
1997nesya,indibiz,comment,432,instagram
mhd.zaryann,indibiz,comment,1094,instagram
bgs.pratama007,indibiz,comment,865,instagram
bgs.pratama007,indibiz,comment,865,instagram
bgs.pratama007,indibiz,comment,865,instagram
diana.retnasari14,indibiz,comment,5483,instagram
mk.iksaann,indibiz,comment,1672,instagram
mk.iksaann,indibiz,comment,1672,instagram
nopno87,indibiz,comment,1127,instagram
poetra_agamm,indibiz,comment,1118,instagram
m.far_ied65,indibiz,comment,2671,instagram
hiariee,indibiz,comment,445,instagram
hernita_syarif,indibiz,comment,1365,instagram
putrichapratiwi,indibiz,comment,1215,instagram
mom.izel,indibiz,comment,58,instagram
mom.izel,indibiz,comment,58,instagram
mom.izel,indibiz,comment,58,instagram
mom.izel,indibiz,comment,58,instagram
mom.izel,indibiz,comment,58,instagram
triyono.ko2,indibiz,comment,254,instagram
triyono.ko2,indibiz,comment,254,instagram
triyono.ko2,indibiz,comment,254,instagram
widiyapramita,indibiz,comment,2687,instagram
itsnahdaaa__,indibiz,comment,352,instagram
itsnahdaaa__,indibiz,comment,352,instagram
itsnahdaaa__,indibiz,comment,352,instagram
nurullaila745,indibiz,comment,960,instagram
fandi19__,indibiz,comment,1524,instagram
fandi19__,indibiz,comment,1524,instagram
ahmad_haer,indibiz,comment,686,instagram
shakeelaamar_168,indibiz,comment,380,instagram
shakeelaamar_168,indibiz,comment,380,instagram
tuanmudda00_,indibiz,comment,143,instagram
anggraeeniria,indibiz,comment,3622,instagram
mia_fayza05,indibiz,comment,2590,instagram
mia_fayza05,indibiz,comment,2590,instagram
mia_fayza05,indibiz,comment,2590,instagram
pasbengria,indibiz,comment,556,instagram
susy_mayany,indibiz,comment,1557,instagram
indibiz.jatengdiy,indibiz,comment,12497,instagram
daniel_park.04,indibiz,comment,1,instagram
pamungkas.wn,indibiz,comment,355,instagram
pamungkas.wn,indibiz,comment,355,instagram
pamungkas.wn,indibiz,comment,355,instagram
pamungkas.wn,indibiz,comment,355,instagram
akbaar.ari,indibiz,comment,3861,instagram
fatkur_riz,indibiz,comment,167,instagram
didien_wulan14,indibiz,comment,2069,instagram
didien_wulan14,indibiz,comment,2069,instagram
rahmiwm,indibiz,comment,1780,instagram
rstiaprilly_,indibiz,comment,1628,instagram
riyadiarham,indibiz,comment,4698,instagram
riyadiarham,indibiz,comment,4698,instagram
riyadiarham,indibiz,comment,4698,instagram
_idimams,indibiz,comment,1599,instagram
_idimams,indibiz,comment,1599,instagram
pertiwifadhilla,indibiz,comment,5702,instagram
we.iloyu,indibiz,comment,171,instagram
ofn.athan,indibiz,comment,181,instagram
safiracute01,indibiz,comment,93,instagram
putripwh,indibiz,comment,1052,instagram
widyasessy,indibiz,comment,406,instagram
cjdw09,indibiz,comment,166,instagram
adyarizkia,indibiz,comment,1787,instagram
rizkaikhanaya05,indibiz,comment,836,instagram
rizkaikhanaya05,indibiz,comment,836,instagram
rizkaikhanaya05,indibiz,comment,836,instagram
rizkaikhanaya05,indibiz,comment,836,instagram
rizkaikhanaya05,indibiz,comment,836,instagram
rizkaikhanaya05,indibiz,comment,836,instagram
rizkaikhanaya05,indibiz,comment,836,instagram
rizkaikhanaya05,indibiz,comment,836,instagram
rizkaikhanaya05,indibiz,comment,836,instagram
rizkaikhanaya05,indibiz,comment,836,instagram
m.alfarizqi01,indibiz,comment,181,instagram
reyhan_aliakbar,indibiz,comment,4626,instagram
ramansyahfrenkyy,indibiz,comment,1687,instagram
ramansyahfrenkyy,indibiz,comment,1687,instagram
nahdayyyyy,indibiz,comment,604,instagram
nahdayyyyy,indibiz,comment,604,instagram
pertiwifadhilla,indibiz,comment,5702,instagram
nahdayyyyy,indibiz,comment,604,instagram
pertiwifadhilla,indibiz,comment,5702,instagram
silkanaapriani,indibiz,comment,3290,instagram
silkanaapriani,indibiz,comment,3290,instagram
silkanaapriani,indibiz,comment,3290,instagram
framansyahhh_,indibiz,comment,6423,instagram
framansyahhh_,indibiz,comment,6423,instagram
framansyahhh_,indibiz,comment,6423,instagram
rf.prfrstaaa_,indibiz,comment,2347,instagram
sugarasa_,indibiz,comment,95,instagram
mamaaryanathafariz_,indibiz,comment,5318,instagram
mamaaryanathafariz_,indibiz,comment,5318,instagram
mamaaryanathafariz_,indibiz,comment,5318,instagram
bastian.deyud86,indibiz,comment,1103,instagram
alialexari,indibiz,comment,3121,instagram
gya3_humairaa,indibiz,comment,16078,instagram
yani_bundaahim18,indibiz,comment,2315,instagram
wahyuniria2106,indibiz,comment,1724,instagram
wahyuniria2106,indibiz,comment,1724,instagram
heyyrama_21,indibiz,comment,233,instagram
abdulnelvana177,indibiz,comment,1119,instagram
ibunya_natalia,indibiz,comment,80,instagram
ibunya_natalia,indibiz,comment,80,instagram
riianmardani,indibiz,comment,659,instagram
riianmardani,indibiz,comment,659,instagram
feri_dwi_susanti,indibiz,comment,1899,instagram
feri_dwi_susanti,indibiz,comment,1899,instagram
ekapuspitawardani,indibiz,comment,3613,instagram
mistripriyanti,indibiz,comment,1302,instagram
aishwatia.17,indibiz,comment,2761,instagram
yuliana.sr45,indibiz,comment,1113,instagram
yuliana.sr45,indibiz,comment,1113,instagram
erina_inez965,indibiz,comment,16,instagram
jukik_mj99,indibiz,comment,2566,instagram
khsnh97,indibiz,comment,352,instagram
sarahlinasrg,indibiz,comment,4043,instagram
imah.azzahrah,indibiz,comment,1036,instagram
adedamaayy,indibiz,comment,2923,instagram
rstiaprilly_,indibiz,comment,1628,instagram
rstiaprilly_,indibiz,comment,1628,instagram
rstiaprilly_,indibiz,comment,1628,instagram
mochamad1990_,indibiz,comment,311,instagram
itsme_luphie,indibiz,comment,582,instagram
itsme_luphie,indibiz,comment,582,instagram
dessyaprilias,indibiz,comment,5350,instagram
dessyaprilias,indibiz,comment,5350,instagram
dessyaprilias,indibiz,comment,5350,instagram
herlan_wijanarko,indibiz,comment,1454,instagram
alisumawilaga,indibiz,comment,2505,instagram
salimtina08,indibiz,comment,2407,instagram
salimtina08,indibiz,comment,2407,instagram
salimtina08,indibiz,comment,2407,instagram
inalim889,indibiz,comment,951,instagram
inalim889,indibiz,comment,951,instagram
inalim889,indibiz,comment,951,instagram
antonnyberr,indibiz,comment,1099,instagram
antonnyberr,indibiz,comment,1099,instagram
antonnyberr,indibiz,comment,1099,instagram
bir_gitta14,indibiz,comment,989,instagram
bir_gitta14,indibiz,comment,989,instagram
bir_gitta14,indibiz,comment,989,instagram
iham.hamdiah,indibiz,comment,407,instagram
ratna_sulistya,indibiz,comment,1177,instagram
faykal_1,indibiz,comment,1911,instagram
teguh.muhammad29,indibiz,comment,1369,instagram
yeangg_old,indibiz,comment,165,instagram
yeangg_old,indibiz,comment,165,instagram
nurmahermione,indibiz,comment,1741,instagram
sar_tikamunthe,indibiz,comment,2703,instagram
sar_tikamunthe,indibiz,comment,2703,instagram
sar_tikamunthe,indibiz,comment,2703,instagram
mom_farasfaris,indibiz,comment,1296,instagram
mom_farasfaris,indibiz,comment,1296,instagram
mom_farasfaris,indibiz,comment,1296,instagram
mom_farasfaris,indibiz,comment,1296,instagram
wizzaira,indibiz,comment,1007,instagram
wizzaira,indibiz,comment,1007,instagram
wizzaira,indibiz,comment,1007,instagram
daratkan,indibiz,comment,4054,instagram
mdn.riyadii,indibiz,comment,2283,instagram
mdn.riyadii,indibiz,comment,2283,instagram
cassmuii,indibiz,comment,239,instagram
livia.rahmah_,indibiz,comment,1486,instagram
livia.rahmah_,indibiz,comment,1486,instagram
livia.rahmah_,indibiz,comment,1486,instagram
livia.rahmah_,indibiz,comment,1486,instagram
livia.rahmah_,indibiz,comment,1486,instagram
diikyrah,indibiz,comment,510,instagram
diikyrah,indibiz,comment,510,instagram
diikyrah,indibiz,comment,510,instagram
miniehawan,indibiz,comment,1918,instagram
desifmw,indibiz,comment,1133,instagram
desifmw,indibiz,comment,1133,instagram
agnestasyaaaaa,indibiz,comment,5904,instagram
agnestasyaaaaa,indibiz,comment,5904,instagram
agnestasyaaaaa,indibiz,comment,5904,instagram
agnestasyaaaaa,indibiz,comment,5904,instagram
hello.jiaan,indibiz,comment,83,instagram
sabrinanur___,indibiz,comment,619,instagram
sintia_rahma445,indibiz,comment,12,instagram
inong24__,indibiz,comment,828,instagram
riscawibowo_,indibiz,comment,774,instagram
riscawibowo_,indibiz,comment,774,instagram
la_olla98,indibiz,comment,141,instagram
momsfatih_sajah,indibiz,comment,1099,instagram
tediprayogaaa,indibiz,comment,784,instagram
tediprayogaaa,indibiz,comment,784,instagram
rosaa_santi,indibiz,comment,470,instagram
anggraeeniria,indibiz,comment,3622,instagram
anggraeeniria,indibiz,comment,3622,instagram
ndahindah_bcd,indibiz,comment,547,instagram
ndahindah_bcd,indibiz,comment,547,instagram
ndahindah_bcd,indibiz,comment,547,instagram
raysshanp,indibiz,comment,1978,instagram
panggilsaya_iam,indibiz,comment,243,instagram
bear.585503,indibiz,comment,263,instagram
audinarahayu18_,indibiz,comment,2518,instagram
m.julian.w,indibiz,comment,884,instagram
indibiz.jatengdiy,indibiz,comment,12497,instagram
rii_khaa11,indibiz,comment,1518,instagram
rii_khaa11,indibiz,comment,1518,instagram
rii_khaa11,indibiz,comment,1518,instagram
rii_khaa11,indibiz,comment,1518,instagram
indah_luffiee,indibiz,comment,1347,instagram
indah_luffiee,indibiz,comment,1347,instagram
mohammad_abdul_rifai,indibiz,comment,380,instagram
aalrahman08_,indibiz,comment,9,instagram
aalrahman08_,indibiz,comment,9,instagram
aalrahman08_,indibiz,comment,9,instagram
aalrahman08_,indibiz,comment,9,instagram
ningsihmaniss,indibiz,comment,1615,instagram
issti.qomariyah,indibiz,comment,599,instagram
issti.qomariyah,indibiz,comment,599,instagram
kalpiyandi,indibiz,comment,2664,instagram
widyasessy,indibiz,comment,406,instagram
widyasessy,indibiz,comment,406,instagram
widyasessy,indibiz,comment,406,instagram
bellaenuy,indibiz,comment,1227,instagram
itstaaa___,indibiz,comment,20,instagram
itstaaa___,indibiz,comment,20,instagram
itstaaa___,indibiz,comment,20,instagram
rudiwanserr,indibiz,comment,489,instagram
indibiz.sumatera,indibiz,comment,13887,instagram
moedjiono53,indibiz,comment,51,instagram
moedjiono53,indibiz,comment,51,instagram
deliana_1981,indibiz,comment,126,instagram
ferryardiansyah20,indibiz,comment,462,instagram
duajagoanmama22,indibiz,comment,69,instagram
myfams_gufi,indibiz,comment,43,instagram
ahmadwahyudi505,indibiz,comment,354,instagram
miraec_lefor7,indibiz,comment,201,instagram
miraec_lefor7,indibiz,comment,201,instagram
rahayuekaf,indibiz,comment,13236,instagram
rahayuekaf,indibiz,comment,13236,instagram
rahayuekaf,indibiz,comment,13236,instagram
rahayuekaf,indibiz,comment,13236,instagram
mama.ira.85,indibiz,comment,1462,instagram
aisyahmaryam02,indibiz,comment,2872,instagram
aisyahmaryam02,indibiz,comment,2872,instagram
myname_is_nourra,indibiz,comment,69,instagram
wanita_beruntung30,indibiz,comment,68,instagram
widyasessy,indibiz,comment,406,instagram
rafikasari_90,indibiz,comment,243,instagram
widyasessy,indibiz,comment,406,instagram
ummanya.alifgeboy2224,indibiz,comment,358,instagram
widyasessy,indibiz,comment,406,instagram
faiz.gta,indibiz,comment,680,instagram
evelynsogen_,indibiz,comment,516,instagram
evelynsogen_,indibiz,comment,516,instagram
evelynsogen_,indibiz,comment,516,instagram
miah.drs,indibiz,comment,2142,instagram
_yoss_ngln_,indibiz,comment,228,instagram
edoabiw,indibiz,comment,1052,instagram
edoabiw,indibiz,comment,1052,instagram
priyo18,indibiz,comment,789,instagram
priyo18,indibiz,comment,789,instagram
priyo18,indibiz,comment,789,instagram
priyo18,indibiz,comment,789,instagram
oktata041,indibiz,comment,300,instagram
srimaulidinas.purba,indibiz,comment,582,instagram
haninra20,indibiz,comment,6,instagram
riyunna_rv,indibiz,comment,3564,instagram
riyunna_rv,indibiz,comment,3564,instagram
riyunna_rv,indibiz,comment,3564,instagram
riyunna_rv,indibiz,comment,3564,instagram
natgirl770,indibiz,comment,520,instagram
abduelhalaem,indibiz,comment,10461,instagram
abduelhalaem,indibiz,comment,10461,instagram
ciyyla_,indibiz,comment,1123,instagram
dydhi45,indibiz,comment,596,instagram
gichelalala_7,indibiz,comment,2193,instagram
gichelalala_7,indibiz,comment,2193,instagram
dindaayuo99_,indibiz,comment,3070,instagram
septyanauli,indibiz,comment,1043,instagram
ichacany,indibiz,comment,1045,instagram
ichagrisca12,indibiz,comment,2930,instagram
ichagrisca12,indibiz,comment,2930,instagram
nurlia_lulu11,indibiz,comment,1584,instagram
andyhidayat_84,indibiz,comment,295,instagram
okiriskiaakbar,indibiz,comment,1353,instagram
okiriskiaakbar,indibiz,comment,1353,instagram
novii_nizaar,indibiz,comment,839,instagram
juli_ardina,indibiz,comment,1452,instagram
ulfa.unaa,indibiz,comment,161,instagram
ulfa.unaa,indibiz,comment,161,instagram
ulfa.unaa,indibiz,comment,161,instagram
jajalanian,indibiz,comment,1463,instagram
issti.qomariyah,indibiz,comment,599,instagram
issti.qomariyah,indibiz,comment,599,instagram
varen_jiv,indibiz,comment,128,instagram
multitechinfomedia,indibiz,comment,64,instagram
tasyasm98,indibiz,comment,380,instagram
skycotton___,indibiz,comment,664,instagram
ernahandayani330,indibiz,comment,2130,instagram
ernahandayani330,indibiz,comment,2130,instagram
novii_nizaar,indibiz,comment,839,instagram
novii_nizaar,indibiz,comment,839,instagram
novii_nizaar,indibiz,comment,839,instagram
iiyeu.ella96_,indibiz,comment,1706,instagram
nitayolland,indibiz,comment,2444,instagram
iqbalfarabi,indibiz,comment,562669,instagram
auditams,indibiz,comment,6141,instagram
esti.ana827,indibiz,comment,2875,instagram
widyasessy,indibiz,comment,406,instagram
widyasessy,indibiz,comment,406,instagram
miyut____,indibiz,comment,1547,instagram
irwan.al,indibiz,comment,459,instagram
farnida.rifda,indibiz,comment,2878,instagram
farnida.rifda,indibiz,comment,2878,instagram
farnida.rifda,indibiz,comment,2878,instagram
attharazka_dwicahya,indibiz,comment,88,instagram
ria.fitria91,indibiz,comment,701,instagram
ria.fitria91,indibiz,comment,701,instagram
danielsmo2798,indibiz,comment,11,instagram
eloziey,indibiz,comment,443,instagram
eloziey,indibiz,comment,443,instagram
eloziey,indibiz,comment,443,instagram
eloziey,indibiz,comment,443,instagram
eloziey,indibiz,comment,443,instagram
hadi_ruwadi,indibiz,comment,2790,instagram
hadi_ruwadi,indibiz,comment,2790,instagram
_masgibb,indibiz,comment,1318,instagram
mohammad_abdul_rifai,indibiz,comment,380,instagram
mohammad_abdul_rifai,indibiz,comment,380,instagram
massdev_____,indibiz,comment,8104,instagram
massdev_____,indibiz,comment,8104,instagram
massdev_____,indibiz,comment,8104,instagram
abdi_borneo17,indibiz,comment,2884,instagram
andykoprok,indibiz,comment,44,instagram
telkomindonesia,indibiz,comment,702549,instagram
rohimahd79,indibiz,comment,558,instagram
nurchotimah2198,indibiz,comment,3264,instagram
nurchotimah2198,indibiz,comment,3264,instagram
suci_wlndri98,indibiz,comment,1885,instagram
nda.fauziah31,indibiz,comment,2478,instagram
_dua.2,indibiz,comment,37,instagram
kai.banjarmasin,indibiz,comment,84,instagram
tirex0808,indibiz,comment,73,instagram
ketua_gang07,indibiz,comment,60,instagram
gusti_adian,indibiz,comment,129,instagram
gulali_manizzz,indibiz,comment,54,instagram
mamabest_319,indibiz,comment,40,instagram
anasdaengnanring,indibiz,comment,468,instagram
anasdaengnanring,indibiz,comment,468,instagram
athadwifr_,indibiz,comment,76,instagram
athadwifr_,indibiz,comment,76,instagram
her_hsu,indibiz,comment,2539,instagram
dra.hdr,indibiz,comment,1132,instagram
nandaamilia_,indibiz,comment,3021,instagram
nandaamilia_,indibiz,comment,3021,instagram
nandaamilia_,indibiz,comment,3021,instagram
dwidmynt_,indibiz,comment,2244,instagram
dwidmynt_,indibiz,comment,2244,instagram
evanandre97,indibiz,comment,816,instagram
indibiz.jatengdiy,indibiz,comment,12458,instagram
indibiz.jatengdiy,indibiz,comment,12458,instagram
indibiz.jatengdiy,indibiz,comment,12458,instagram
indibiz.jatengdiy,indibiz,comment,12458,instagram
indibiz.jatengdiy,indibiz,comment,12458,instagram
narasi_coffeeandspace,indibiz,comment,2231,instagram
indibiz.jatengdiy,indibiz,comment,12458,instagram
indibiz.jatengdiy,indibiz,comment,12458,instagram
indibiz.jatengdiy,indibiz,comment,12458,instagram
indibiz.jatengdiy,indibiz,comment,12458,instagram
indibiz.jatengdiy,indibiz,comment,12458,instagram
indibiz.jatengdiy,indibiz,comment,12458,instagram
indibiz.jatengdiy,indibiz,comment,12458,instagram
indibiz.jatengdiy,indibiz,comment,12458,instagram
indibiz.jatengdiy,indibiz,comment,12458,instagram
dani3l_dr,indibiz,comment,2999,instagram
_imammj69,indibiz,comment,2931,instagram
titiksdr._,indibiz,comment,1195,instagram
titiksdr._,indibiz,comment,1195,instagram
bang_arip05,indibiz,comment,1761,instagram
danielsmo2798,indibiz,comment,11,instagram
bang_arip05,indibiz,comment,1761,instagram
nadiasavirad,indibiz,comment,6675,instagram
indibiz.sumatera,indibiz,comment,13887,instagram
ekosaputra17_,indibiz,comment,5787,instagram
bandihulu,indibiz,comment,1908,instagram
amnfaridf,indibiz,comment,444,instagram
novi_nyn,indibiz,comment,98,instagram
dinkazikraa,indibiz,comment,156,instagram
oufieee,indibiz,comment,908,instagram
erina_inez965,indibiz,comment,16,instagram
its.kiimaa_,indibiz,comment,1328,instagram
noviyanti_noy,indibiz,comment,697,instagram
nisyaa9705,indibiz,comment,86,instagram
nisyaa9705,indibiz,comment,86,instagram
nursantilaosmarito,indibiz,comment,49,instagram
icyy_rara,indibiz,comment,1151,instagram
epins28,indibiz,comment,922,instagram
ekas585,indibiz,comment,1456,instagram
erina_inez965,indibiz,comment,16,instagram
ijoel_wae,indibiz,comment,639,instagram
muhrijahayan,indibiz,comment,538,instagram
tyana.hsb,indibiz,comment,5745,instagram
attharazka_dwicahya,indibiz,comment,88,instagram
attharazka_dwicahya,indibiz,comment,88,instagram
erina_inez965,indibiz,comment,16,instagram
wdynngrm00,indibiz,comment,2643,instagram
mayamilawati,indibiz,comment,1793,instagram
hanna_cantika55,indibiz,comment,2024,instagram
agstiawan.17,indibiz,comment,3761,instagram
kusumakf,indibiz,comment,98578,instagram
garkadann_,indibiz,comment,7524,instagram
vivi.anggraeni93,indibiz,comment,1931,instagram
vivi.anggraeni93,indibiz,comment,1931,instagram
vivi.anggraeni93,indibiz,comment,1931,instagram
mamahazalea02,indibiz,comment,176,instagram
mamahazalea02,indibiz,comment,176,instagram
mamahazalea02,indibiz,comment,176,instagram
rzfrdian,indibiz,comment,1082,instagram
rzfrdian,indibiz,comment,1082,instagram
rzfrdian,indibiz,comment,1082,instagram
rzfrdian,indibiz,comment,1082,instagram
rzfrdian,indibiz,comment,1082,instagram
rzfrdian,indibiz,comment,1082,instagram
rzfrdian,indibiz,comment,1082,instagram
rzfrdian,indibiz,comment,1082,instagram
rzfrdian,indibiz,comment,1082,instagram
rzfrdian,indibiz,comment,1082,instagram
notmuchtoitqil,indibiz,comment,181,instagram
notmuchtoitqil,indibiz,comment,181,instagram
notmuchtoitqil,indibiz,comment,181,instagram
notmuchtoitqil,indibiz,comment,181,instagram
notmuchtoitqil,indibiz,comment,181,instagram
notmuchtoitqil,indibiz,comment,181,instagram
notmuchtoitqil,indibiz,comment,181,instagram
notmuchtoitqil,indibiz,comment,181,instagram
notmuchtoitqil,indibiz,comment,181,instagram
notmuchtoitqil,indibiz,comment,181,instagram
notmuchtoitqil,indibiz,comment,181,instagram
notmuchtoitqil,indibiz,comment,181,instagram
notmuchtoitqil,indibiz,comment,181,instagram
notmuchtoitqil,indibiz,comment,181,instagram
notmuchtoitqil,indibiz,comment,181,instagram
neiisiee,indibiz,comment,79,instagram
notmuchtoitqil,indibiz,comment,181,instagram
neiisiee,indibiz,comment,79,instagram
neiisiee,indibiz,comment,79,instagram
notmuchtoitqil,indibiz,comment,181,instagram
neiisiee,indibiz,comment,79,instagram
notmuchtoitqil,indibiz,comment,181,instagram
neiisiee,indibiz,comment,79,instagram
neiisiee,indibiz,comment,79,instagram
notmuchtoitqil,indibiz,comment,181,instagram
notmuchtoitqil,indibiz,comment,181,instagram
neiisiee,indibiz,comment,79,instagram
neiisiee,indibiz,comment,79,instagram
neiisiee,indibiz,comment,79,instagram
neiisiee,indibiz,comment,79,instagram
ardhyatamaa,indibiz,comment,926,instagram
ardhyatamaa,indibiz,comment,926,instagram
ardhyatamaa,indibiz,comment,926,instagram
herlibra_ry,indibiz,comment,781,instagram
herlibra_ry,indibiz,comment,781,instagram
herlibra_ry,indibiz,comment,781,instagram
prameswaridhiya,indibiz,comment,278,instagram
herlibra_ry,indibiz,comment,781,instagram
indibiz.jbn,indibiz,comment,8048,instagram
indibiz.jbn,indibiz,comment,8048,instagram
herlibra_ry,indibiz,comment,781,instagram
herlibra_ry,indibiz,comment,781,instagram
herlibra_ry,indibiz,comment,781,instagram
herlibra_ry,indibiz,comment,781,instagram
herlibra_ry,indibiz,comment,781,instagram
herlibra_ry,indibiz,comment,781,instagram
herlibra_ry,indibiz,comment,781,instagram
herlibra_ry,indibiz,comment,781,instagram
herlibra_ry,indibiz,comment,781,instagram
herlibra_ry,indibiz,comment,781,instagram
ahmad_aliimani,indibiz,comment,51,instagram
herlibra_ry,indibiz,comment,781,instagram
herlibra_ry,indibiz,comment,781,instagram
herlibra_ry,indibiz,comment,781,instagram
herlibra_ry,indibiz,comment,781,instagram
herlibra_ry,indibiz,comment,781,instagram
herlibra_ry,indibiz,comment,781,instagram
herlibra_ry,indibiz,comment,781,instagram
diandrafitri20,indibiz,comment,220,instagram
diandrafitri20,indibiz,comment,220,instagram
diandrafitri20,indibiz,comment,220,instagram
ilyasamlkbr,indibiz,comment,1547,instagram
ilyasamlkbr,indibiz,comment,1547,instagram
diandrafitri20,indibiz,comment,220,instagram
ilyasamlkbr,indibiz,comment,1547,instagram
ilyasamlkbr,indibiz,comment,1547,instagram
diandrafitri20,indibiz,comment,220,instagram
diandrafitri20,indibiz,comment,220,instagram
ilyasamlkbr,indibiz,comment,1547,instagram
ilyasamlkbr,indibiz,comment,1547,instagram
diandrafitri20,indibiz,comment,220,instagram
diandrafitri20,indibiz,comment,220,instagram
ilyasamlkbr,indibiz,comment,1547,instagram
diandrafitri20,indibiz,comment,220,instagram
ilyasamlkbr,indibiz,comment,1547,instagram
diandrafitri20,indibiz,comment,220,instagram
ilyasamlkbr,indibiz,comment,1547,instagram
hafizwyn,indibiz,comment,120,instagram
ilyasamlkbr,indibiz,comment,1547,instagram
diandrafitri20,indibiz,comment,220,instagram
ilyasamlkbr,indibiz,comment,1547,instagram
diandrafitri20,indibiz,comment,220,instagram
hafizwyn,indibiz,comment,120,instagram
hafizwyn,indibiz,comment,120,instagram
ilyasamlkbr,indibiz,comment,1547,instagram
diandrafitri20,indibiz,comment,220,instagram
diandrafitri20,indibiz,comment,220,instagram
hafizwyn,indibiz,comment,120,instagram
ilyasamlkbr,indibiz,comment,1547,instagram
diandrafitri20,indibiz,comment,220,instagram
hafizwyn,indibiz,comment,120,instagram
diandrafitri20,indibiz,comment,220,instagram
hafizwyn,indibiz,comment,120,instagram
diandrafitri20,indibiz,comment,220,instagram
herlibra_ry,indibiz,comment,781,instagram
ilyasamlkbr,indibiz,comment,1547,instagram
hafizwyn,indibiz,comment,120,instagram
diandrafitri20,indibiz,comment,220,instagram
ilyasamlkbr,indibiz,comment,1547,instagram
diandrafitri20,indibiz,comment,220,instagram
hafizwyn,indibiz,comment,120,instagram
ilyasamlkbr,indibiz,comment,1547,instagram
diandrafitri20,indibiz,comment,220,instagram
hafizwyn,indibiz,comment,120,instagram
ilyasamlkbr,indibiz,comment,1547,instagram
diandrafitri20,indibiz,comment,220,instagram
hafizwyn,indibiz,comment,120,instagram
diandrafitri20,indibiz,comment,220,instagram
hafizwyn,indibiz,comment,120,instagram
ilyasamlkbr,indibiz,comment,1547,instagram
diandrafitri20,indibiz,comment,220,instagram
hafizwyn,indibiz,comment,120,instagram
ilyasamlkbr,indibiz,comment,1547,instagram
diandrafitri20,indibiz,comment,220,instagram
hafizwyn,indibiz,comment,120,instagram
ilyasamlkbr,indibiz,comment,1547,instagram
diandrafitri20,indibiz,comment,220,instagram
hafizwyn,indibiz,comment,120,instagram
diandrafitri20,indibiz,comment,220,instagram
hafizwyn,indibiz,comment,120,instagram
ilyasamlkbr,indibiz,comment,1547,instagram
diandrafitri20,indibiz,comment,220,instagram
hafizwyn,indibiz,comment,120,instagram
diandrafitri20,indibiz,comment,220,instagram
hafizwyn,indibiz,comment,120,instagram
diandrafitri20,indibiz,comment,220,instagram
ilyasamlkbr,indibiz,comment,1547,instagram
diandrafitri20,indibiz,comment,220,instagram
hafizwyn,indibiz,comment,120,instagram
hafizwyn,indibiz,comment,120,instagram
diandrafitri20,indibiz,comment,220,instagram
diandrafitri20,indibiz,comment,220,instagram
hafizwyn,indibiz,comment,120,instagram
diandrafitri20,indibiz,comment,220,instagram
diandrafitri20,indibiz,comment,220,instagram
neiisiee,indibiz,comment,79,instagram
hafizwyn,indibiz,comment,120,instagram
hafizwyn,indibiz,comment,120,instagram
diandrafitri20,indibiz,comment,220,instagram
hafizwyn,indibiz,comment,120,instagram
diandrafitri20,indibiz,comment,220,instagram
diandrafitri20,indibiz,comment,220,instagram
hafizwyn,indibiz,comment,120,instagram
diandrafitri20,indibiz,comment,220,instagram
diandrafitri20,indibiz,comment,220,instagram
hafizwyn,indibiz,comment,120,instagram
diandrafitri20,indibiz,comment,220,instagram
diandrafitri20,indibiz,comment,220,instagram
hafizwyn,indibiz,comment,120,instagram
diandrafitri20,indibiz,comment,220,instagram
hafizwyn,indibiz,comment,120,instagram
diandrafitri20,indibiz,comment,220,instagram
hafizwyn,indibiz,comment,120,instagram
hafizwyn,indibiz,comment,120,instagram
hafizwyn,indibiz,comment,120,instagram
hafizwyn,indibiz,comment,120,instagram
herlibra_ry,indibiz,comment,781,instagram
herlibra_ry,indibiz,comment,781,instagram
herlibra_ry,indibiz,comment,781,instagram
herlibra_ry,indibiz,comment,781,instagram
herlibra_ry,indibiz,comment,781,instagram
hafizwyn,indibiz,comment,120,instagram
herlibra_ry,indibiz,comment,781,instagram
herlibra_ry,indibiz,comment,781,instagram
hafizwyn,indibiz,comment,120,instagram
herlibra_ry,indibiz,comment,781,instagram
herlibra_ry,indibiz,comment,781,instagram
hafizwyn,indibiz,comment,120,instagram
herlibra_ry,indibiz,comment,781,instagram
herlibra_ry,indibiz,comment,781,instagram
herlibra_ry,indibiz,comment,781,instagram
hafizwyn,indibiz,comment,120,instagram
herlibra_ry,indibiz,comment,781,instagram
herlibra_ry,indibiz,comment,781,instagram
herlibra_ry,indibiz,comment,781,instagram
hafizwyn,indibiz,comment,120,instagram
hafizwyn,indibiz,comment,120,instagram
herlibra_ry,indibiz,comment,781,instagram
herlibra_ry,indibiz,comment,781,instagram
hafizwyn,indibiz,comment,120,instagram
herlibra_ry,indibiz,comment,781,instagram
hafizwyn,indibiz,comment,120,instagram
hafizwyn,indibiz,comment,120,instagram
herlibra_ry,indibiz,comment,781,instagram
hafizwyn,indibiz,comment,120,instagram
herlibra_ry,indibiz,comment,781,instagram
herlibra_ry,indibiz,comment,781,instagram
hafizwyn,indibiz,comment,120,instagram
herlibra_ry,indibiz,comment,781,instagram
hafizwyn,indibiz,comment,120,instagram
herlibra_ry,indibiz,comment,781,instagram
herlibra_ry,indibiz,comment,781,instagram
herlibra_ry,indibiz,comment,781,instagram
hafizwyn,indibiz,comment,120,instagram
massdev_____,indibiz,comment,8104,instagram
hafizwyn,indibiz,comment,120,instagram
massdev_____,indibiz,comment,8104,instagram
hafizwyn,indibiz,comment,120,instagram
massdev_____,indibiz,comment,8104,instagram
herlibra_ry,indibiz,comment,781,instagram
massdev_____,indibiz,comment,8104,instagram
massdev_____,indibiz,comment,8104,instagram
hafizwyn,indibiz,comment,120,instagram
hafizwyn,indibiz,comment,120,instagram
massdev_____,indibiz,comment,8104,instagram
massdev_____,indibiz,comment,8104,instagram
hafizwyn,indibiz,comment,120,instagram
hafizwyn,indibiz,comment,120,instagram
massdev_____,indibiz,comment,8104,instagram
adisthi_nur,indibiz,comment,272,instagram
digiserve_bytelkom,indibiz,comment,2417,instagram
edbert.ivander,indibiz,comment,2272,instagram
lazzuardi_imani,indibiz,comment,49,instagram
inaya_sida29,indibiz,comment,218,instagram
inaya_sida29,indibiz,comment,218,instagram
inaya_sida29,indibiz,comment,218,instagram
inaya_sida29,indibiz,comment,218,instagram
inaya_sida29,indibiz,comment,218,instagram
inaya_sida29,indibiz,comment,218,instagram
cibuy_tsaw24,indibiz,comment,235,instagram
nov.noyy,indibiz,comment,290,instagram
wilsonandrew27_,indibiz,comment,242,instagram
wilsonandrew27_,indibiz,comment,242,instagram
wilsonandrew27_,indibiz,comment,242,instagram
willylee77,indibiz,comment,120,instagram
febrisworld,indibiz,comment,648,instagram
hamba_allah747,indibiz,comment,55,instagram
callme.utari_,indibiz,comment,1962,instagram
azaleaputriramadhani,indibiz,comment,372,instagram
indibiz.sumalut,indibiz,comment,1036,instagram
rennii_an,indibiz,comment,1546,instagram
rennii_an,indibiz,comment,1546,instagram
rennii_an,indibiz,comment,1546,instagram
imam_sofii10,indibiz,comment,936,instagram
novieaja83,indibiz,comment,435,instagram
denisinsta_,indibiz,comment,1169,instagram
noy_8481,indibiz,comment,274,instagram
daffy_diffa,indibiz,comment,27345,instagram
daffy_diffa,indibiz,comment,27345,instagram
utamimarpaung38,indibiz,comment,2632,instagram
utamimarpaung38,indibiz,comment,2632,instagram
vithavinha2201,indibiz,comment,944,instagram
vithavinha2201,indibiz,comment,944,instagram
nana.y_wirayasa,indibiz,comment,3309,instagram
nana.y_wirayasa,indibiz,comment,3309,instagram
nana.y_wirayasa,indibiz,comment,3309,instagram
melisafit.98,indibiz,comment,1104,instagram
xixipuy,indibiz,comment,79,instagram
hermira16,indibiz,comment,212,instagram
ichipranatautami_,indibiz,comment,569,instagram
nurafniantari,indibiz,comment,514,instagram
inasembiring366,indibiz,comment,698,instagram
dy_niaa,indibiz,comment,1042,instagram
inasembiring366,indibiz,comment,698,instagram
arifwargadumay,indibiz,comment,17126,instagram
anrofii15,indibiz,comment,1056,instagram
adriananolamar.07,indibiz,comment,3997,instagram
elvandree_,indibiz,comment,67,instagram
afifanahda82,indibiz,comment,2176,instagram
shakirawin.1376,indibiz,comment,1812,instagram
shakirawin.1376,indibiz,comment,1812,instagram
banyusegara110,indibiz,comment,17,instagram
dakanda_rr,indibiz,comment,105,instagram
attharazka_dwicahya,indibiz,comment,88,instagram
suryaskwg,indibiz,comment,3670,instagram
suryaskwg,indibiz,comment,3670,instagram
ribaz_diony,indibiz,comment,5470,instagram
ribaz_diony,indibiz,comment,5470,instagram
ribaz_diony,indibiz,comment,5470,instagram
robi.kurn,indibiz,comment,247,instagram
robi.kurn,indibiz,comment,247,instagram
robi.kurn,indibiz,comment,247,instagram
jenk_kris,indibiz,comment,1878,instagram
jenk_kris,indibiz,comment,1878,instagram
siska.a.m,indibiz,comment,1612,instagram
siska.a.m,indibiz,comment,1612,instagram
siska.a.m,indibiz,comment,1612,instagram
mamhikuh,indibiz,comment,86,instagram
hei_fajrul,indibiz,comment,646,instagram
icyy_rara,indibiz,comment,1151,instagram
widyasessy,indibiz,comment,406,instagram
widyasessy,indibiz,comment,406,instagram
widyasessy,indibiz,comment,406,instagram
widyasessy,indibiz,comment,406,instagram
widyasessy,indibiz,comment,406,instagram
widyasessy,indibiz,comment,406,instagram
ummu_hanum18,indibiz,comment,4288,instagram
ummu_hanum18,indibiz,comment,4288,instagram
ahmadansyariaan,indibiz,comment,1277,instagram
cindysirait,indibiz,comment,23260,instagram
sweetrisyun,indibiz,comment,1844,instagram
prameswaridhiya,indibiz,comment,278,instagram
prameswaridhiya,indibiz,comment,278,instagram
prameswaridhiya,indibiz,comment,278,instagram
prameswaridhiya,indibiz,comment,278,instagram
prameswaridhiya,indibiz,comment,278,instagram
prameswaridhiya,indibiz,comment,278,instagram
prameswaridhiya,indibiz,comment,278,instagram
prameswaridhiya,indibiz,comment,278,instagram
prameswaridhiya,indibiz,comment,278,instagram
prameswaridhiya,indibiz,comment,278,instagram
prameswaridhiya,indibiz,comment,278,instagram
prameswaridhiya,indibiz,comment,278,instagram
prameswaridhiya,indibiz,comment,278,instagram
prameswaridhiya,indibiz,comment,278,instagram
diandrafitri20,indibiz,comment,220,instagram
prameswaridhiya,indibiz,comment,278,instagram
prameswaridhiya,indibiz,comment,278,instagram
prameswaridhiya,indibiz,comment,278,instagram
diandrafitri20,indibiz,comment,220,instagram
prameswaridhiya,indibiz,comment,278,instagram
prameswaridhiya,indibiz,comment,278,instagram
prameswaridhiya,indibiz,comment,278,instagram
prameswaridhiya,indibiz,comment,278,instagram
diandrafitri20,indibiz,comment,220,instagram
prameswaridhiya,indibiz,comment,278,instagram
prameswaridhiya,indibiz,comment,278,instagram
diandrafitri20,indibiz,comment,220,instagram
prameswaridhiya,indibiz,comment,278,instagram
prameswaridhiya,indibiz,comment,278,instagram
prameswaridhiya,indibiz,comment,278,instagram
diandrafitri20,indibiz,comment,220,instagram
prameswaridhiya,indibiz,comment,278,instagram
prameswaridhiya,indibiz,comment,278,instagram
diandrafitri20,indibiz,comment,220,instagram
prameswaridhiya,indibiz,comment,278,instagram
prameswaridhiya,indibiz,comment,278,instagram
diandrafitri20,indibiz,comment,220,instagram
prameswaridhiya,indibiz,comment,278,instagram
prameswaridhiya,indibiz,comment,278,instagram
prameswaridhiya,indibiz,comment,278,instagram
prameswaridhiya,indibiz,comment,278,instagram
prameswaridhiya,indibiz,comment,278,instagram
prameswaridhiya,indibiz,comment,278,instagram
prameswaridhiya,indibiz,comment,278,instagram
prameswaridhiya,indibiz,comment,278,instagram
prameswaridhiya,indibiz,comment,278,instagram
prameswaridhiya,indibiz,comment,278,instagram
prameswaridhiya,indibiz,comment,278,instagram
prameswaridhiya,indibiz,comment,278,instagram
prameswaridhiya,indibiz,comment,278,instagram
prameswaridhiya,indibiz,comment,278,instagram
prameswaridhiya,indibiz,comment,278,instagram
prameswaridhiya,indibiz,comment,278,instagram
prameswaridhiya,indibiz,comment,278,instagram
rzfrdian,indibiz,comment,1082,instagram
prameswaridhiya,indibiz,comment,278,instagram
prameswaridhiya,indibiz,comment,278,instagram
_dileeyey,indibiz,comment,700,instagram
rzfrdian,indibiz,comment,1082,instagram
rzfrdian,indibiz,comment,1082,instagram
nanay.lani,indibiz,comment,238,instagram
irawan.sitinjak,indibiz,comment,1060,instagram
irawan.sitinjak,indibiz,comment,1060,instagram
abdul_latif1908,indibiz,comment,923,instagram
abdul_latif1908,indibiz,comment,923,instagram
abdul_latif1908,indibiz,comment,923,instagram
ermazsy,indibiz,comment,4112,instagram
iwandeviyanto,indibiz,comment,584,instagram
shakirawin.1376,indibiz,comment,1812,instagram
melly_moruk,indibiz,comment,5312,instagram
mutiimnidaa,indibiz,comment,159,instagram
itsolaa16__,indibiz,comment,814,instagram
elmachan24,indibiz,comment,566,instagram
awundarr,indibiz,comment,1229,instagram
sholikhul_imron,indibiz,comment,88,instagram
icyy_rara,indibiz,comment,1151,instagram
gina.milala1992,indibiz,comment,1077,instagram
gina.milala1992,indibiz,comment,1077,instagram
palupifm,indibiz,comment,6738,instagram
sayaanisaaa18,indibiz,comment,478,instagram
wtiyas12,indibiz,comment,1627,instagram
saputraboby_,indibiz,comment,142,instagram
farelrafqi05,indibiz,comment,265,instagram
setyawwan10,indibiz,comment,566,instagram
hari.lasso,indibiz,comment,58,instagram
cici25878,indibiz,comment,2130,instagram
arifah_nuriss26,indibiz,comment,5171,instagram
arifah_nuriss26,indibiz,comment,5171,instagram
arifah_nuriss26,indibiz,comment,5171,instagram
tinjak.andi22,indibiz,comment,274,instagram
nbila_billo,indibiz,comment,29,instagram
wahyu_bagusferdiansyah,indibiz,comment,366,instagram
leelong_ndm,indibiz,comment,413,instagram
saprudincap80,indibiz,comment,1064,instagram
iirmast_,indibiz,comment,3228,instagram
emisetya27,indibiz,comment,1709,instagram
m_ilhamanugerah,indibiz,comment,3140,instagram
emisetya27,indibiz,comment,1709,instagram
agusridwan10_,indibiz,comment,1049,instagram
agusridwan10_,indibiz,comment,1049,instagram
hisyams.hidayat,indibiz,comment,31201,instagram
hisyams.hidayat,indibiz,comment,31201,instagram
hisyams.hidayat,indibiz,comment,31201,instagram
guslaini18,indibiz,comment,119,instagram
attharazka_dwicahya,indibiz,comment,88,instagram
dedesusaneryani_,indibiz,comment,1696,instagram
asiah0222,indibiz,comment,120,instagram
indibiz.jbn,indibiz,comment,8048,instagram
sry_wedd19,indibiz,comment,921,instagram
inaya_vht,indibiz,comment,2164,instagram
avivatuhzuhriyah,indibiz,comment,2425,instagram
inaya_sida29,indibiz,comment,218,instagram
ernanrml__,indibiz,comment,1512,instagram
ernanrml__,indibiz,comment,1512,instagram
ernanrml__,indibiz,comment,1512,instagram
andykoprok,indibiz,comment,44,instagram
ernanrml__,indibiz,comment,1512,instagram
ernanrml__,indibiz,comment,1512,instagram
ernanrml__,indibiz,comment,1512,instagram
ernanrml__,indibiz,comment,1512,instagram
ernanrml__,indibiz,comment,1512,instagram
ernanrml__,indibiz,comment,1512,instagram
ernanrml__,indibiz,comment,1512,instagram
ernanrml__,indibiz,comment,1512,instagram
agisnimaulid,indibiz,comment,414,instagram
adriananovriyanti,indibiz,comment,13888,instagram
dimasalparuq,indibiz,comment,366,instagram
serliafriansyah,indibiz,comment,415,instagram
serliafriansyah,indibiz,comment,415,instagram
serliafriansyah,indibiz,comment,415,instagram
edbert.ivander,indibiz,comment,2272,instagram
yuma_riany,indibiz,comment,28,instagram
ikhjamal,indibiz,comment,1714,instagram
sarni8453,indibiz,comment,305,instagram
ririen_quinsha,indibiz,comment,54,instagram
marpaung_reynaldii,indibiz,comment,4837,instagram
marpaung_reynaldii,indibiz,comment,4837,instagram
dimasagungwahabi,indibiz,comment,1509,instagram
ersyaafwr,indibiz,comment,27875,instagram
cahyati_damanik,indibiz,comment,4648,instagram
cahyati_damanik,indibiz,comment,4648,instagram
duuung20_,indibiz,comment,217,instagram
dina_azzahra03,indibiz,comment,376,instagram
damanik_yuliharni,indibiz,comment,4979,instagram
damanik_yuliharni,indibiz,comment,4979,instagram
banyusegara110,indibiz,comment,17,instagram
dede_ningrum_,indibiz,comment,1263,instagram
dede_ningrum_,indibiz,comment,1263,instagram
dede_ningrum_,indibiz,comment,1263,instagram
get2know.nashh,indibiz,comment,2711,instagram
sarimnhh,indibiz,comment,1174,instagram
ratrinuhoni,indibiz,comment,1269,instagram
mamairene157,indibiz,comment,304,instagram
jakajulianis,indibiz,comment,232,instagram
bunarkokhan,indibiz,comment,1742,instagram
jakajulianis,indibiz,comment,232,instagram
ann.zro,indibiz,comment,868,instagram
dilah_wati93,indibiz,comment,71,instagram
kikinopiandii,indibiz,comment,967,instagram
anwaraird,indibiz,comment,96,instagram
atharrazka.dhifa,indibiz,comment,1826,instagram
atharrazka.dhifa,indibiz,comment,1826,instagram
atharrazka.dhifa,indibiz,comment,1826,instagram
atharrazka.dhifa,indibiz,comment,1826,instagram
atharrazka.dhifa,indibiz,comment,1826,instagram
atharrazka.dhifa,indibiz,comment,1826,instagram
atharrazka.dhifa,indibiz,comment,1826,instagram
dhifa.setiawan,indibiz,comment,1826,instagram
sayrenst,indibiz,comment,199,instagram
_erniphr,indibiz,comment,51,instagram
mswangiarum,indibiz,comment,1230,instagram
sefiara41,indibiz,comment,168,instagram
callmefebry2,indibiz,comment,112,instagram
kenthussky,indibiz,comment,1033,instagram
jaballrahma,indibiz,comment,331,instagram
dhita.jumiati12,indibiz,comment,1476,instagram
dhita.jumiati12,indibiz,comment,1476,instagram
dhita.jumiati12,indibiz,comment,1476,instagram
emmajuli7,indibiz,comment,6386,instagram
andindahesty_,indibiz,comment,1178,instagram
rose_saragihh,indibiz,comment,3436,instagram
rose_saragihh,indibiz,comment,3436,instagram
kimmyiskandar,indibiz,comment,108,instagram
likaaaeff,indibiz,comment,594,instagram
likaaaeff,indibiz,comment,594,instagram
rais_amat.id,indibiz,comment,1205,instagram
rishachaa01,indibiz,comment,2617,instagram
rishachaa01,indibiz,comment,2617,instagram
rishachaa01,indibiz,comment,2617,instagram
rishachaa01,indibiz,comment,2617,instagram
rishachaa01,indibiz,comment,2617,instagram
piyandi29,indibiz,comment,1497,instagram
akibarkannanano,indibiz,comment,7,instagram
lilik_rose15,indibiz,comment,489,instagram
cassmuii,indibiz,comment,239,instagram
bela_puspita55,indibiz,comment,84,instagram
syawalnesia,indibiz,comment,24302,instagram
pirmadi.marpaung,indibiz,comment,3768,instagram
pirmadi.marpaung,indibiz,comment,3768,instagram
lisna.sulaiman,indibiz,comment,2505,instagram
cichie_mw16,indibiz,comment,1500,instagram
cichie_mw16,indibiz,comment,1500,instagram
dyendazzahra,indibiz,comment,1223,instagram
fahyogi05,indibiz,comment,701,instagram
fahyogi05,indibiz,comment,701,instagram
rhinie2306,indibiz,comment,1162,instagram
rhinie2306,indibiz,comment,1162,instagram
indibiz.sumatera,indibiz,comment,13887,instagram
sitti_lur,indibiz,comment,712,instagram
ny_qnoy,indibiz,comment,126,instagram
tyafrestya_14,indibiz,comment,291,instagram
megakusdiantini_10,indibiz,comment,690,instagram
zenaalaripin,indibiz,comment,3388,instagram
nabillah_0043,indibiz,comment,637,instagram
aldiansyah6653,indibiz,comment,114,instagram
saragih_elia,indibiz,comment,4982,instagram
saragih_elia,indibiz,comment,4982,instagram
sweetrisyun,indibiz,comment,1844,instagram
sweetrisyun,indibiz,comment,1844,instagram
sweetrisyun,indibiz,comment,1844,instagram
sweetrisyun,indibiz,comment,1844,instagram
sweetrisyun,indibiz,comment,1844,instagram
shilminafiza,indibiz,comment,2991,instagram
arifin4905,indibiz,comment,174,instagram
parningotan_marpaung84,indibiz,comment,737,instagram
noviyanti_noy,indibiz,comment,697,instagram
ummu_hanum18,indibiz,comment,4288,instagram
ummu_hanum18,indibiz,comment,4288,instagram
ummu_hanum18,indibiz,comment,4288,instagram
tiara.aprilya.395,indibiz,comment,924,instagram
triayuliharni,indibiz,comment,7482,instagram
triayuliharni,indibiz,comment,7482,instagram
arafatgaruda,indibiz,comment,776,instagram
mz_eghit,indibiz,comment,1184,instagram
vinakuswari_,indibiz,comment,1179,instagram
vinakuswari_,indibiz,comment,1179,instagram
lestari_swetty,indibiz,comment,2857,instagram
novi_nyn,indibiz,comment,98,instagram
mamatrahmat1033,indibiz,comment,1710,instagram
richmamathoki,indibiz,comment,865,instagram
trie_desi_sundari_,indibiz,comment,1152,instagram
aghniawan24,indibiz,comment,875,instagram
ranti_sulasmie,indibiz,comment,1899,instagram
ranti.sulasmi,indibiz,comment,124,instagram
mba_yul54,indibiz,comment,111,instagram
historyfadhil,indibiz,comment,7744,instagram
adetya.smardi,indibiz,comment,152,instagram
putri_vania01,indibiz,comment,830,instagram
andyhidayat_84,indibiz,comment,295,instagram
mamavano_1990,indibiz,comment,622,instagram
e_psbr,indibiz,comment,234,instagram
mamavano_1990,indibiz,comment,622,instagram
mamavano_1990,indibiz,comment,622,instagram
mamavano_1990,indibiz,comment,622,instagram
mamavano_1990,indibiz,comment,622,instagram
bachrainy9804,indibiz,comment,9,instagram
riaamelinda_,indibiz,comment,41,instagram
ana.marpaung21,indibiz,comment,11835,instagram
ana.marpaung21,indibiz,comment,11835,instagram
akmafadhil1509,indibiz,comment,778,instagram
akmafadhil1509,indibiz,comment,778,instagram
akmafadhil1509,indibiz,comment,778,instagram
fahmabrillian_,indibiz,comment,656,instagram
denisaput08,indibiz,comment,7502,instagram
denisaput08,indibiz,comment,7502,instagram
denisaput08,indibiz,comment,7502,instagram
hamba_allah747,indibiz,comment,55,instagram
jumadie_87,indibiz,comment,268,instagram
halona8311,indibiz,comment,252,instagram
dwiprasetyasf,indibiz,comment,109,instagram
dwiprasetyasf,indibiz,comment,109,instagram
dwiprasetyasf,indibiz,comment,109,instagram
dwiprasetyasf,indibiz,comment,109,instagram
dwiprasetyasf,indibiz,comment,109,instagram
heysaa17,indibiz,comment,1819,instagram
bang_ek407,indibiz,comment,193,instagram
xylo_swy4,indibiz,comment,4,instagram
aiinursida,indibiz,comment,961,instagram
bapakbapakgabut,indibiz,comment,406,instagram
indibiz.jatengdiy,indibiz,comment,12458,instagram
indibiz.jatengdiy,indibiz,comment,12458,instagram
elmachan24,indibiz,comment,566,instagram
indibiz.jatengdiy,indibiz,comment,12458,instagram
indibiz.jatengdiy,indibiz,comment,12458,instagram
yulian23__,indibiz,comment,514,instagram
aal_foxa,indibiz,comment,1235,instagram
aal_foxa,indibiz,comment,1235,instagram
aal_foxa,indibiz,comment,1235,instagram
inahtin,indibiz,comment,611,instagram
herliinaa27,indibiz,comment,1129,instagram
herliinaa27,indibiz,comment,1129,instagram
herliinaa27,indibiz,comment,1129,instagram
zurinnurma,indibiz,comment,3215,instagram
zurinnurma,indibiz,comment,3215,instagram
ekaa24__,indibiz,comment,370,instagram
febyfee_,indibiz,comment,2414,instagram
cassmuii,indibiz,comment,239,instagram
hananurhan,indibiz,comment,642,instagram
wtrimaulida,indibiz,comment,3265,instagram
jamaluddin_hy91,indibiz,comment,1042,instagram
tikandkaroo,indibiz,comment,3709,instagram
restiuswatun19,indibiz,comment,1123,instagram
restiuswatun19,indibiz,comment,1123,instagram
restiuswatun19,indibiz,comment,1123,instagram
restiuswatun19,indibiz,comment,1123,instagram
restiuswatun19,indibiz,comment,1123,instagram
shakirawin.1376,indibiz,comment,1812,instagram
shakirawin.1376,indibiz,comment,1812,instagram
dayatinst,indibiz,comment,110,instagram
dayatinst,indibiz,comment,110,instagram
ernahandayani330,indibiz,comment,2130,instagram
restiuswatun19,indibiz,comment,1123,instagram
ernahandayani330,indibiz,comment,2130,instagram
ernahandayani330,indibiz,comment,2130,instagram
ernahandayani330,indibiz,comment,2130,instagram
ernahandayani330,indibiz,comment,2130,instagram
adesnadi,indibiz,comment,98,instagram
nursantilaosmarito,indibiz,comment,49,instagram
dyt_inst,indibiz,comment,73,instagram
dyt_inst,indibiz,comment,73,instagram
indibiz.jatengdiy,indibiz,comment,12497,instagram
nirrin16,indibiz,comment,116,instagram
nirrin16,indibiz,comment,116,instagram
mass.helmiprtmm,indibiz,comment,1035,instagram
nursantilaosmarito,indibiz,comment,49,instagram
nisyaluxs,indibiz,comment,2438,instagram
widyasessy,indibiz,comment,406,instagram
widyasessy,indibiz,comment,406,instagram
alb3rtsm,indibiz,comment,620,instagram
widyasessy,indibiz,comment,406,instagram
mas_.ahmad,indibiz,comment,1282,instagram
oktaaff__167,indibiz,comment,850,instagram
mremy599,indibiz,comment,50,instagram
nov.noyy,indibiz,comment,290,instagram
zunma_rin,indibiz,comment,62,instagram
zunma_rin,indibiz,comment,62,instagram
dinkazikraa,indibiz,comment,156,instagram
dinkazikraa,indibiz,comment,156,instagram
miniehawan,indibiz,comment,1918,instagram
boeing1010,indibiz,comment,1307,instagram
thailed_hight,indibiz,comment,507,instagram
hermansumanjaya,indibiz,comment,990,instagram
yatmadridista,indibiz,comment,145,instagram
yatmadridista,indibiz,comment,145,instagram
attharazka_dwicahya,indibiz,comment,88,instagram
ai_tasyaa24,indibiz,comment,260,instagram
rizkad29,indibiz,comment,1519,instagram
rizkad29,indibiz,comment,1519,instagram
miya_timah33,indibiz,comment,1784,instagram
rizkad29,indibiz,comment,1519,instagram
adhie2335,indibiz,comment,623,instagram
adhie2335,indibiz,comment,623,instagram
widyasessy,indibiz,comment,406,instagram
ainurhas788,indibiz,comment,228,instagram
widyasessy,indibiz,comment,406,instagram
widyasessy,indibiz,comment,406,instagram
widyasessy,indibiz,comment,406,instagram
tiansantoso91,indibiz,comment,880,instagram
moon.rara_,indibiz,comment,9996,instagram
harysakbar,indibiz,comment,180,instagram
pasbengria,indibiz,comment,556,instagram
noviyantizoelma,indibiz,comment,7001,instagram
itsbungaaa94,indibiz,comment,259,instagram
alam.syah2217,indibiz,comment,50,instagram
alam.syah2217,indibiz,comment,50,instagram
alam.syah2217,indibiz,comment,50,instagram
itsbungaaa94,indibiz,comment,259,instagram
alam.syah2217,indibiz,comment,50,instagram
alam.syah2217,indibiz,comment,50,instagram
by_you97,indibiz,comment,137,instagram
alam.syah2217,indibiz,comment,50,instagram
alam.syah2217,indibiz,comment,50,instagram
yuyu.lilie,indibiz,comment,57,instagram
destriianer47,indibiz,comment,1089,instagram
destriianer47,indibiz,comment,1089,instagram
destriianer47,indibiz,comment,1089,instagram
papskiarunarara,indibiz,comment,707,instagram
danielsmo2798,indibiz,comment,11,instagram
bunda_bella_ya,indibiz,comment,200,instagram
bunda_bella_ya,indibiz,comment,200,instagram
ofi_adiii,indibiz,comment,935,instagram
dindafajriah,indibiz,comment,1224,instagram
fathoerrojak,indibiz,comment,153,instagram
damarmd.psy,indibiz,comment,2020,instagram
muhammadfaizamri,indibiz,comment,1510,instagram
ekapuspitawardani,indibiz,comment,3613,instagram
lisaa1305,indibiz,comment,3467,instagram
ruthsryanaa,indibiz,comment,1018,instagram
attharazka_dwicahya,indibiz,comment,88,instagram
attharazka_dwicahya,indibiz,comment,88,instagram
attharazka_dwicahya,indibiz,comment,88,instagram
attharazka_dwicahya,indibiz,comment,88,instagram
attharazka_dwicahya,indibiz,comment,88,instagram
murdhany88,indibiz,comment,5,instagram
deliana_1981,indibiz,comment,126,instagram
igitnamaku,indibiz,comment,360,instagram
ef_ivans,indibiz,comment,71,instagram
rizvan_za24,indibiz,comment,85,instagram
sabila_munaff,indibiz,comment,78,instagram
maliivanefendi13,indibiz,comment,125,instagram
m_rizqy_aditya,indibiz,comment,625,instagram
mukhlisfivers,indibiz,comment,935,instagram
mrizqy_aditya,indibiz,comment,1150,instagram
sophiaabadi,indibiz,comment,3861,instagram
tataa_chy,indibiz,comment,1395,instagram
tataa_chy,indibiz,comment,1395,instagram
axyd22,indibiz,comment,1714,instagram
axyd22,indibiz,comment,1714,instagram
nengsideos90,indibiz,comment,201,instagram
axyd22,indibiz,comment,1714,instagram
axyd22,indibiz,comment,1714,instagram
axyd22,indibiz,comment,1714,instagram
abenk_____09,indibiz,comment,2249,instagram
thia_thia14,indibiz,comment,2515,instagram
eviraanindita,indibiz,comment,105,instagram
dinkazikraa,indibiz,comment,156,instagram
ronyklt,indibiz,comment,1692,instagram
ronyklt,indibiz,comment,1692,instagram
ronyklt,indibiz,comment,1692,instagram
ronyklt,indibiz,comment,1692,instagram
ronyklt,indibiz,comment,1692,instagram
maria_shaka,indibiz,comment,1509,instagram
denisinsta_,indibiz,comment,1169,instagram
noy_8481,indibiz,comment,274,instagram
raintanmy,indibiz,comment,3231,instagram
eti_tursiti,indibiz,comment,1032,instagram
ika_andri23,indibiz,comment,1769,instagram
mutirahatiku,indibiz,comment,19,instagram
ainoera,indibiz,comment,639,instagram
mutirahatiku,indibiz,comment,19,instagram
jumadie_87,indibiz,comment,268,instagram
widawid688,indibiz,comment,3355,instagram
nurhas235,indibiz,comment,61,instagram
shakirawin.1376,indibiz,comment,1812,instagram
shakirawin.1376,indibiz,comment,1812,instagram
adhie2335,indibiz,comment,623,instagram
shakirawin.1376,indibiz,comment,1812,instagram
wafda_hafiz60,indibiz,comment,298,instagram
onnaletsoin,indibiz,comment,1572,instagram
callmewatie_,indibiz,comment,591,instagram
muhindrak,indibiz,comment,293,instagram
oktin_elbil,indibiz,comment,1269,instagram
dvie_deanz,indibiz,comment,2872,instagram
kirana_khairinniswa,indibiz,comment,3129,instagram
mitul.fh,indibiz,comment,1206,instagram
damarmd.psy,indibiz,comment,2020,instagram
fitriahay_06,indibiz,comment,2021,instagram
mas_cahyadhi,indibiz,comment,464,instagram
fitriahay_06,indibiz,comment,2021,instagram
nuhpiyanti_,indibiz,comment,2168,instagram
aysiita922_,indibiz,comment,1203,instagram
kurnia_854,indibiz,comment,173,instagram
mariza_sandra23,indibiz,comment,1669,instagram
pramono_budy,indibiz,comment,323,instagram
vitri_saadah,indibiz,comment,1448,instagram
naurayyan18,indibiz,comment,162,instagram
hennyyua,indibiz,comment,812,instagram
suwanda1122,indibiz,comment,765,instagram
wien_winingsih,indibiz,comment,199,instagram
antoviirus,indibiz,comment,1287,instagram
wulansari2223,indibiz,comment,1155,instagram
nur.elly16,indibiz,comment,106,instagram
nur.elly16,indibiz,comment,106,instagram
riemakeyla,indibiz,comment,1545,instagram
trilukmann,indibiz,comment,1133,instagram
laura_julianna23,indibiz,comment,2659,instagram
dedi.dodit,indibiz,comment,227,instagram
yul.yuli25_,indibiz,comment,527,instagram
fadhi_fadhila,indibiz,comment,1035,instagram
rianelanggg,indibiz,comment,1198,instagram
analiana_pulungan,indibiz,comment,14725,instagram
rizvanz_za,indibiz,comment,20,instagram
ningsih_822,indibiz,comment,2814,instagram
setiawandi07,indibiz,comment,1186,instagram
m_rizqy_adityaa,indibiz,comment,22,instagram
ipank_coey,indibiz,comment,36,instagram
adisagna04,indibiz,comment,1702,instagram
dewi_sintalutfiana90,indibiz,comment,6271,instagram
m_ali_ivan_efendi06,indibiz,comment,59,instagram
dewi_sintalutfiana90,indibiz,comment,6271,instagram
ffatmalya_,indibiz,comment,1222,instagram
m_rizqy_aditya12,indibiz,comment,457,instagram
malla_zulaika92,indibiz,comment,2010,instagram
ekofokus3,indibiz,comment,1533,instagram
rizvan_zaa,indibiz,comment,21,instagram
nofifalya,indibiz,comment,263,instagram
antobisaa1,indibiz,comment,1694,instagram
finasanw_,indibiz,comment,1393,instagram
finasanw_,indibiz,comment,1393,instagram
septinayosi,indibiz,comment,1885,instagram
srianii81,indibiz,comment,571,instagram
handikapangestu20,indibiz,comment,31,instagram
cau.icau,indibiz,comment,714,instagram
nuraja_ya,indibiz,comment,149,instagram
tursiti228,indibiz,comment,115,instagram
achmad_marzuki99,indibiz,comment,1521,instagram
mdanilsyalata,indibiz,comment,1026,instagram
mdanilsyalata,indibiz,comment,1026,instagram
hasanalbas23,indibiz,comment,115,instagram
muhammadzainii7,indibiz,comment,24,instagram
viannizam29,indibiz,comment,1075,instagram
novita.lunee,indibiz,comment,4142,instagram
permana_indra09,indibiz,comment,272,instagram
viannizam29,indibiz,comment,1075,instagram
ahmadfajriyan,indibiz,comment,2139,instagram
arsyliarahayu_tatick,indibiz,comment,165,instagram
rk_rmdn07,indibiz,comment,479,instagram
dhikabach,indibiz,comment,2406,instagram
kasriadiiiiii,indibiz,comment,809,instagram
denisinsta_,indibiz,comment,1169,instagram
xylo_swy4,indibiz,comment,4,instagram
fikrisuhardi,indibiz,comment,41694,instagram
fikrisuhardi,indibiz,comment,41694,instagram
lianovita0126,indibiz,comment,1301,instagram
msk.media_sobatkonselor,indibiz,comment,215,instagram
ekosaputra17_,indibiz,comment,5787,instagram
indibiz.papua,indibiz,comment,1394,instagram
indibiz.jatengdiy,indibiz,comment,12497,instagram
podjokcangkop,indibiz,comment,70,instagram
arikarestama,indibiz,comment,957,instagram
_hafiiiz12,indibiz,comment,129,instagram
widyasessy,indibiz,comment,406,instagram
pasbengria,indibiz,comment,556,instagram
melsa1912,indibiz,comment,1404,instagram
siswajombang,indibiz,comment,109109,instagram
iwandeviyanto,indibiz,comment,584,instagram
indibiz.jbn,indibiz,comment,10820,instagram
reviariestam,indibiz,comment,1141,instagram
william_ho8899,indibiz,comment,182,instagram
arifwargadumay,indibiz,comment,17126,instagram
fahrulloh_19,indibiz,comment,5081,instagram
rraaiimoonn,indibiz,comment,254,instagram
bang_arip05,indibiz,comment,1761,instagram
indibiz.jbn,indibiz,comment,8048,instagram
lestari_swetty,indibiz,comment,2857,instagram
dedi271092,indibiz,comment,11,instagram
restiuswatun19,indibiz,comment,1123,instagram
jurkoniahmad,indibiz,comment,53,instagram
pasbengria,indibiz,comment,556,instagram
nursantilaosmarito,indibiz,comment,49,instagram
adamxkall,indibiz,comment,1570,instagram
yunna.lq,indibiz,comment,815,instagram
indibiz.sumatera,indibiz,comment,13887,instagram
rezazakaria.rz,indibiz,comment,184,instagram
iwanrafli_2,indibiz,comment,10532,instagram
tyafrestya_14,indibiz,comment,291,instagram
rohim_20,indibiz,comment,1216,instagram
bintangqueen_02,indibiz,comment,2462,instagram
zafranrmdhn_,indibiz,comment,489,instagram
danielsmo2798,indibiz,comment,11,instagram
indibiz.sulbagteng,indibiz,comment,3385,instagram
ah.yang.boong.lu,indibiz,comment,48,instagram
suharwantowiyono,indibiz,comment,13,instagram
adhitama_d2,indibiz,comment,2655,instagram
mama.janejaneee,indibiz,comment,122,instagram
indibiz.jatengdiy,indibiz,comment,12458,instagram
indibiz.jatengdiy,indibiz,comment,12458,instagram
indibiz.jatengdiy,indibiz,comment,12458,instagram
indibiz.jatengdiy,indibiz,comment,12458,instagram
indibiz.jatengdiy,indibiz,comment,12458,instagram
indibiz.jatengdiy,indibiz,comment,12458,instagram
indibiz.jatengdiy,indibiz,comment,12458,instagram
indibiz.jatengdiy,indibiz,comment,12458,instagram
indibiz.jatengdiy,indibiz,comment,12458,instagram
indibiz.jatengdiy,indibiz,comment,12458,instagram
indibiz.jatengdiy,indibiz,comment,12458,instagram
drismatulloh91,indibiz,comment,204,instagram
rais_amat.id,indibiz,comment,1205,instagram
xylo_swy4,indibiz,comment,4,instagram
xylo_swy4,indibiz,comment,4,instagram
arikarestama,indibiz,comment,957,instagram
_raindaa,indibiz,comment,1222,instagram
indibiz.jbn,indibiz,comment,10820,instagram
oriatin,indibiz,comment,521,instagram
ahmadffaiz,indibiz,comment,2262,instagram
danielsmo2798,indibiz,comment,11,instagram
el_azharies,indibiz,comment,266,instagram
pasbengria,indibiz,comment,556,instagram
ahmadffaiz,indibiz,comment,2262,instagram
wawan_cybez,indibiz,comment,159,instagram
nursantilaosmarito,indibiz,comment,49,instagram
fahyogi05,indibiz,comment,701,instagram
indibiz.bogor,indibiz,comment,3079,instagram
danielsmo2798,indibiz,comment,11,instagram
nouna_mir488,indibiz,comment,237,instagram
xylo_swy4,indibiz,comment,4,instagram
xylo_swy4,indibiz,comment,4,instagram
cassmuii,indibiz,comment,239,instagram
mahyunakhmad,indibiz,comment,629,instagram
sept.ivaaniii,indibiz,comment,2519,instagram
sept.ivaaniii,indibiz,comment,2519,instagram
sept.ivaaniii,indibiz,comment,2519,instagram
restiuswatun19,indibiz,comment,1123,instagram
xylo_swy4,indibiz,comment,4,instagram
aracantik2319,indibiz,comment,289,instagram
bas_wynr,indibiz,comment,4,instagram
anandahtb,indibiz,comment,1534,instagram
anandahtb,indibiz,comment,1534,instagram
anandahtb,indibiz,comment,1534,instagram
anandahtb,indibiz,comment,1534,instagram
anandahtb,indibiz,comment,1534,instagram
anandahtb,indibiz,comment,1534,instagram
anandahtb,indibiz,comment,1534,instagram
anandahtb,indibiz,comment,1534,instagram
anandahtb,indibiz,comment,1534,instagram
anandahtb,indibiz,comment,1534,instagram
endangcinde8,indibiz,comment,1187,instagram
hentveargo,indibiz,comment,1261,instagram
hentveargo,indibiz,comment,1261,instagram
fadhilah.alfa,indibiz,comment,15,instagram
iwandeviyanto,indibiz,comment,584,instagram
heyyrama_21,indibiz,comment,233,instagram
shaqueenahrp,indibiz,comment,730,instagram
wirandabayu,indibiz,comment,299,instagram
linitina_,indibiz,comment,2791,instagram
refifebriana,indibiz,comment,10,instagram
lincayati,indibiz,comment,2552,instagram
lincayati,indibiz,comment,2552,instagram
lincayati,indibiz,comment,2552,instagram
lincayati,indibiz,comment,2552,instagram
lincayati,indibiz,comment,2552,instagram
lincayati,indibiz,comment,2552,instagram
lincayati,indibiz,comment,2552,instagram
lincayati,indibiz,comment,2552,instagram
sofiaafitriadnda_,indibiz,comment,3377,instagram
nursantilaosmarito,indibiz,comment,49,instagram
defikayy,indibiz,comment,11254,instagram
defikayy,indibiz,comment,11254,instagram
defikayy,indibiz,comment,11254,instagram
defikayy,indibiz,comment,11254,instagram
defikayy,indibiz,comment,11254,instagram
defikayy,indibiz,comment,11254,instagram
defikayy,indibiz,comment,11254,instagram
defikayy,indibiz,comment,11254,instagram
call_me_lalaaaaaaaa,indibiz,comment,867,instagram
call_me_lalaaaaaaaa,indibiz,comment,867,instagram
call_me_lalaaaaaaaa,indibiz,comment,867,instagram
call_me_lalaaaaaaaa,indibiz,comment,867,instagram
call_me_lalaaaaaaaa,indibiz,comment,867,instagram
ansrahma.ynt,indibiz,comment,1505,instagram
ansrahma.ynt,indibiz,comment,1505,instagram
ansrahma.ynt,indibiz,comment,1505,instagram
bella_millatiii,indibiz,comment,3128,instagram
hellodekewina,indibiz,comment,3162,instagram
aisyahraniazein,indibiz,comment,471,instagram
aisyahraniazein,indibiz,comment,471,instagram
aisyahraniazein,indibiz,comment,471,instagram
aisyahraniazein,indibiz,comment,471,instagram
aisyahraniazein,indibiz,comment,471,instagram
maminya_nayyara,indibiz,comment,1478,instagram
maminya_nayyara,indibiz,comment,1478,instagram
maminya_nayyara,indibiz,comment,1478,instagram
maminya_nayyara,indibiz,comment,1478,instagram
maminya_nayyara,indibiz,comment,1478,instagram
maminya_nayyara,indibiz,comment,1478,instagram
chairunnisa2016,indibiz,comment,1,instagram
ersyanaur69,indibiz,comment,0,instagram
callmemirna_,indibiz,comment,11850,instagram
callmemirna_,indibiz,comment,11850,instagram
callmemirna_,indibiz,comment,11850,instagram
callmemirna_,indibiz,comment,11850,instagram
callmemirna_,indibiz,comment,11850,instagram
callmemirna_,indibiz,comment,11850,instagram
callmemirna_,indibiz,comment,11850,instagram
callmemirna_,indibiz,comment,11850,instagram
silkanaapriani,indibiz,comment,3290,instagram
silkanaapriani,indibiz,comment,3290,instagram
silkanaapriani,indibiz,comment,3290,instagram
silkanaapriani,indibiz,comment,3290,instagram
silkanaapriani,indibiz,comment,3290,instagram
nina_lizany,indibiz,comment,1229,instagram
jamalajaah15,indibiz,comment,959,instagram
nadhiraaghniaa,indibiz,comment,59,instagram
nadhiraaghniaa,indibiz,comment,59,instagram
nadhiraaghniaa,indibiz,comment,59,instagram
nadhiraaghniaa,indibiz,comment,59,instagram
surirahmadini_,indibiz,comment,884,instagram
surirahmadini_,indibiz,comment,884,instagram
surirahmadini_,indibiz,comment,884,instagram
muhamadarie.pr,indibiz,comment,5182,instagram
eirany.kr,indibiz,comment,838,instagram
the_pooh.lala,indibiz,comment,151,instagram
the_pooh.lala,indibiz,comment,151,instagram
the_pooh.lala,indibiz,comment,151,instagram
the_pooh.lala,indibiz,comment,151,instagram
the_pooh.lala,indibiz,comment,151,instagram
the_pooh.lala,indibiz,comment,151,instagram
the_pooh.lala,indibiz,comment,151,instagram
the_pooh.lala,indibiz,comment,151,instagram
the_pooh.lala,indibiz,comment,151,instagram
the_pooh.lala,indibiz,comment,151,instagram
n0na_winss,indibiz,comment,1374,instagram
zavatika,indibiz,comment,181,instagram
hiariee,indibiz,comment,445,instagram
meityfera599_,indibiz,comment,3038,instagram
meityfera599_,indibiz,comment,3038,instagram
meityfera599_,indibiz,comment,3038,instagram
putrichapratiwi,indibiz,comment,1215,instagram
mariaazza9,indibiz,comment,210,instagram
uiichuaby,indibiz,comment,290,instagram
uiichuaby,indibiz,comment,290,instagram
uiichuaby,indibiz,comment,290,instagram
diviyadandel,indibiz,comment,4508,instagram
diviyadandel,indibiz,comment,4508,instagram
diviyadandel,indibiz,comment,4508,instagram
diviyadandel,indibiz,comment,4508,instagram
diviyadandel,indibiz,comment,4508,instagram
diviyadandel,indibiz,comment,4508,instagram
hosnaseptiana,indibiz,comment,4301,instagram
hosnaseptiana,indibiz,comment,4301,instagram
hosnaseptiana,indibiz,comment,4301,instagram
hosnaseptiana,indibiz,comment,4301,instagram
panbasten9,indibiz,comment,138,instagram
anwarrwae,indibiz,comment,10973,instagram
anwarrwae,indibiz,comment,10973,instagram
anwarrwae,indibiz,comment,10973,instagram
_diniemangcantik55,indibiz,comment,27,instagram
_diniemangcantik55,indibiz,comment,27,instagram
_iminayah,indibiz,comment,5197,instagram
wan_to19,indibiz,comment,204,instagram
aliakbarreyhan,indibiz,comment,1075,instagram
alfarizkisyakieb,indibiz,comment,1091,instagram
fatimah17019,indibiz,comment,425,instagram
ekapuspitawardani,indibiz,comment,3613,instagram
ekapuspitawardani,indibiz,comment,3613,instagram
ekapuspitawardani,indibiz,comment,3613,instagram
medinahafidzh,indibiz,comment,1105,instagram
anggraeeniria,indibiz,comment,3622,instagram
lisa_salsabila2110,indibiz,comment,1089,instagram
lisa_salsabila2110,indibiz,comment,1089,instagram
lisa_salsabila2110,indibiz,comment,1089,instagram
lisa_salsabila2110,indibiz,comment,1089,instagram
lisa_salsabila2110,indibiz,comment,1089,instagram
desiratnaaa7,indibiz,comment,27,instagram
muammar.abizar,indibiz,comment,1549,instagram
peria_ni,indibiz,comment,1209,instagram
diikyrah,indibiz,comment,510,instagram
edoabiw,indibiz,comment,1052,instagram
edoabiw,indibiz,comment,1052,instagram
edoabiw,indibiz,comment,1052,instagram
papanyatwinss,indibiz,comment,98,instagram
riianmardani,indibiz,comment,659,instagram
adeanisafh,indibiz,comment,941,instagram
jihan.faira02,indibiz,comment,295,instagram
jihan.faira02,indibiz,comment,295,instagram
gichelalala_7,indibiz,comment,2193,instagram
gichelalala_7,indibiz,comment,2193,instagram
ginagina_nayla,indibiz,comment,1369,instagram
edgarto.ari,indibiz,comment,1468,instagram
dewi_sintalutfiana90,indibiz,comment,6271,instagram
dewi_sintalutfiana90,indibiz,comment,6271,instagram
dewi_sintalutfiana90,indibiz,comment,6271,instagram
meityfera599_,indibiz,comment,3038,instagram
meityfera599_,indibiz,comment,3038,instagram
mhd.zaryann,indibiz,comment,1094,instagram
hernita_syarif,indibiz,comment,1365,instagram
devii_han,indibiz,comment,4326,instagram
luluk_farydah04,indibiz,comment,2623,instagram
dafaa.aza,indibiz,comment,1214,instagram
akbaar.ari,indibiz,comment,3861,instagram
amaliavayla,indibiz,comment,1467,instagram
bungad8,indibiz,comment,253,instagram
nabilaalexandraa,indibiz,comment,1225,instagram
bibie1999_,indibiz,comment,1607,instagram
bibie1999_,indibiz,comment,1607,instagram
bibie1999_,indibiz,comment,1607,instagram
lam_lam2802,indibiz,comment,971,instagram
lam_lam2802,indibiz,comment,971,instagram
lam_lam2802,indibiz,comment,971,instagram
debbymayapratiwi,indibiz,comment,821,instagram
debbymayapratiwi,indibiz,comment,821,instagram
adyarizkia,indibiz,comment,1787,instagram
hambali_hil,indibiz,comment,354,instagram
frayandika,indibiz,comment,474,instagram
guard_zzq,indibiz,comment,260,instagram
guard_zzq,indibiz,comment,260,instagram
zizy_putri,indibiz,comment,271,instagram
agnestasyaaaaa,indibiz,comment,5904,instagram
agnestasyaaaaa,indibiz,comment,5904,instagram
agnestasyaaaaa,indibiz,comment,5904,instagram
agnestasyaaaaa,indibiz,comment,5904,instagram
okta.khoirunnisya,indibiz,comment,10709,instagram
zunialhando88,indibiz,comment,244,instagram
rizalefesussitinjak,indibiz,comment,1469,instagram
suryadi0975,indibiz,comment,0,instagram
boedionoexco,indibiz,comment,634,instagram
boedionoexco,indibiz,comment,634,instagram
deviinaa88,indibiz,comment,605,instagram
lany_nila14,indibiz,comment,2615,instagram
lany_nila14,indibiz,comment,2615,instagram
arifah_nuriss26,indibiz,comment,5171,instagram
arifah_nuriss26,indibiz,comment,5171,instagram
arifah_nuriss26,indibiz,comment,5171,instagram
fikaflsh,indibiz,comment,10915,instagram
inalim889,indibiz,comment,951,instagram
inalim889,indibiz,comment,951,instagram
inalim889,indibiz,comment,951,instagram
salimtina08,indibiz,comment,2407,instagram
salimtina08,indibiz,comment,2407,instagram
salimtina08,indibiz,comment,2407,instagram
i__srifajar__,indibiz,comment,3416,instagram
antonnyberr,indibiz,comment,1099,instagram
antonnyberr,indibiz,comment,1099,instagram
antonnyberr,indibiz,comment,1099,instagram
i__srifajar__,indibiz,comment,3416,instagram
bir_gitta14,indibiz,comment,989,instagram
bir_gitta14,indibiz,comment,989,instagram
bir_gitta14,indibiz,comment,989,instagram
kiraniael_shanum,indibiz,comment,362,instagram
kiraniael_shanum,indibiz,comment,362,instagram
kiraniael_shanum,indibiz,comment,362,instagram
rudiwanserr,indibiz,comment,489,instagram
ilham.ali12,indibiz,comment,1017,instagram
suranti_cancer,indibiz,comment,225,instagram
riscawibowo_,indibiz,comment,774,instagram
riscawibowo_,indibiz,comment,774,instagram
riscawibowo_,indibiz,comment,774,instagram
zihan_aulia88,indibiz,comment,1320,instagram
zihan_aulia88,indibiz,comment,1320,instagram
zihan_aulia88,indibiz,comment,1320,instagram
siska.a.m,indibiz,comment,1612,instagram
siska.a.m,indibiz,comment,1612,instagram
siska.a.m,indibiz,comment,1612,instagram
prayogicahyowibowo,indibiz,comment,0,instagram
reyhan_aliakbar,indibiz,comment,4626,instagram
susy_mayany,indibiz,comment,1557,instagram
vian_vianus,indibiz,comment,210,instagram
farelrafqi05,indibiz,comment,265,instagram
asmawati_yh,indibiz,comment,445,instagram
arva_aulia0,indibiz,comment,652,instagram
arva_aulia0,indibiz,comment,652,instagram
utarylajill,indibiz,comment,9364,instagram
utarylajill,indibiz,comment,9364,instagram
rizvaalmhr_,indibiz,comment,447,instagram
rizvaalmhr_,indibiz,comment,447,instagram
iwandeviyanto,indibiz,comment,584,instagram
iwandeviyanto,indibiz,comment,584,instagram
iwandeviyanto,indibiz,comment,584,instagram
fadhilatulfitria,indibiz,comment,908,instagram
fadhilatulfitria,indibiz,comment,908,instagram
jajalanian,indibiz,comment,1463,instagram
sar_tikamunthe,indibiz,comment,2703,instagram
sar_tikamunthe,indibiz,comment,2703,instagram
sar_tikamunthe,indibiz,comment,2703,instagram
mass.helmiprtmm,indibiz,comment,1035,instagram
mass.helmiprtmm,indibiz,comment,1035,instagram
pasbengria,indibiz,comment,556,instagram
heyris.rawrr,indibiz,comment,3373,instagram
icha.anisa11_,indibiz,comment,559,instagram
azzahra.nj_,indibiz,comment,974,instagram
pita_pita27,indibiz,comment,1002,instagram
pita_pita27,indibiz,comment,1002,instagram
pita_pita27,indibiz,comment,1002,instagram
hanifa_nr4,indibiz,comment,688,instagram
wahyu_bagusferdiansyah,indibiz,comment,366,instagram
wahyu_bagusferdiansyah,indibiz,comment,366,instagram
wahyu_bagusferdiansyah,indibiz,comment,366,instagram
najmasfya,indibiz,comment,266,instagram
yulianasariharaha,indibiz,comment,2492,instagram
airismayanti15,indibiz,comment,562,instagram
wendysaputrapratama,indibiz,comment,59,instagram
rauda_enda,indibiz,comment,989,instagram
indibiz.jabar,indibiz,comment,5550,instagram
indibiz.jabar,indibiz,comment,5550,instagram
rizvaalmhr_,indibiz,comment,447,instagram
danielsmo2798,indibiz,comment,11,instagram
rizvaalmhr_,indibiz,comment,447,instagram
rizvaalmhr_,indibiz,comment,447,instagram
rizvaalmhr_,indibiz,comment,447,instagram
rizvaalmhr_,indibiz,comment,447,instagram
irma_akhasya96,indibiz,comment,2036,instagram
irma_akhasya96,indibiz,comment,2036,instagram
irma_akhasya96,indibiz,comment,2036,instagram
irma_akhasya96,indibiz,comment,2036,instagram
irma_akhasya96,indibiz,comment,2036,instagram
fiarfania,indibiz,comment,2459,instagram
fiarfania,indibiz,comment,2459,instagram
fiarfania,indibiz,comment,2459,instagram
indrhysyahrir,indibiz,comment,9925,instagram
indrhysyahrir,indibiz,comment,9925,instagram
dinimarsy,indibiz,comment,5034,instagram
dinimarsy,indibiz,comment,5034,instagram
dinimarsy,indibiz,comment,5034,instagram
harum_sari01,indibiz,comment,1277,instagram
harum_sari01,indibiz,comment,1277,instagram
riina_2206,indibiz,comment,2315,instagram
mas_tama_agt,indibiz,comment,778,instagram
riina_2206,indibiz,comment,2315,instagram
riina_2206,indibiz,comment,2315,instagram
ichagrisca12,indibiz,comment,2930,instagram
ichagrisca12,indibiz,comment,2930,instagram
ichagrisca12,indibiz,comment,2930,instagram
diana.retnasari14,indibiz,comment,5483,instagram
jukik_mj99,indibiz,comment,2566,instagram
diana.retnasari14,indibiz,comment,5483,instagram
diana.retnasari14,indibiz,comment,5483,instagram
vhera6826,indibiz,comment,404,instagram
erni_syafitri.r,indibiz,comment,133,instagram
fyankriby,indibiz,comment,1399,instagram
fyankriby,indibiz,comment,1399,instagram
imah.azzahrah,indibiz,comment,1036,instagram
dewii_shinta92,indibiz,comment,293,instagram
martinmatr,indibiz,comment,6027,instagram
arztfqrhm,indibiz,comment,22,instagram
martinmatr,indibiz,comment,6027,instagram
meityfera599_,indibiz,comment,3038,instagram
meityfera599_,indibiz,comment,3038,instagram
alialexari,indibiz,comment,3121,instagram
noviantipuspita_2103,indibiz,comment,1058,instagram
noviantipuspita_2103,indibiz,comment,1058,instagram
noviantipuspita_2103,indibiz,comment,1058,instagram
nandaamilia_,indibiz,comment,3021,instagram
nandaamilia_,indibiz,comment,3021,instagram
nandaamilia_,indibiz,comment,3021,instagram
hamba_allah747,indibiz,comment,55,instagram
sepiderben,indibiz,comment,0,instagram
hayulestari29_,indibiz,comment,9318,instagram
and.ren04,indibiz,comment,994,instagram
khanza.lin10,indibiz,comment,1248,instagram
farnida.rifda,indibiz,comment,2878,instagram
farnida.rifda,indibiz,comment,2878,instagram
farnida.rifda,indibiz,comment,2878,instagram
triyono.ko2,indibiz,comment,254,instagram
triyono.ko2,indibiz,comment,254,instagram
triyono.ko2,indibiz,comment,254,instagram
triyono.ko2,indibiz,comment,254,instagram
innew07,indibiz,comment,1963,instagram
awundarr,indibiz,comment,1229,instagram
lisa_salsabila2110,indibiz,comment,1089,instagram
lisa_salsabila2110,indibiz,comment,1089,instagram
lisa_salsabila2110,indibiz,comment,1089,instagram
prabowo.niki,indibiz,comment,605,instagram
prabowo.niki,indibiz,comment,605,instagram
prabowo.niki,indibiz,comment,605,instagram
jaballrahma,indibiz,comment,331,instagram
ikal.wira132,indibiz,comment,90,instagram
diikyrah,indibiz,comment,510,instagram
diikyrah,indibiz,comment,510,instagram
agustin_se11,indibiz,comment,611,instagram
agustin_se11,indibiz,comment,611,instagram
agustin_se11,indibiz,comment,611,instagram
febyfee_,indibiz,comment,2414,instagram
denisinsta_,indibiz,comment,1169,instagram
riianmardani,indibiz,comment,659,instagram
riianmardani,indibiz,comment,659,instagram
jenk_kris,indibiz,comment,1878,instagram
on.gojat,indibiz,comment,9,instagram
rozie_fc,indibiz,comment,6477,instagram
rozie_fc,indibiz,comment,6477,instagram
rendi_orisa04,indibiz,comment,6763,instagram
fadhilatulfitria,indibiz,comment,908,instagram
fadhilatulfitria,indibiz,comment,908,instagram
refifebriana,indibiz,comment,10,instagram
evelynsogen_,indibiz,comment,516,instagram
evelynsogen_,indibiz,comment,516,instagram
evelynsogen_,indibiz,comment,516,instagram
mdn.riyadii,indibiz,comment,2283,instagram
mdn.riyadii,indibiz,comment,2283,instagram
iwandeviyanto,indibiz,comment,584,instagram
iwandeviyanto,indibiz,comment,584,instagram
iwandeviyanto,indibiz,comment,584,instagram
iwandeviyanto,indibiz,comment,584,instagram
rf.prfrstaaa_,indibiz,comment,2347,instagram
ekka.dhomiri,indibiz,comment,19642,instagram
ekka.dhomiri,indibiz,comment,19642,instagram
ekka.dhomiri,indibiz,comment,19642,instagram
ekka.dhomiri,indibiz,comment,19642,instagram
tyana.hsb,indibiz,comment,5745,instagram
nahdayyyyy,indibiz,comment,604,instagram
nahdayyyyy,indibiz,comment,604,instagram
nahdayyyyy,indibiz,comment,604,instagram
anoy.hany,indibiz,comment,0,instagram
anoy.hany,indibiz,comment,0,instagram
i.ja.l,indibiz,comment,1572,instagram
siregar_yus,indibiz,comment,655,instagram
siregar_yus,indibiz,comment,655,instagram
siregar_yus,indibiz,comment,655,instagram
siregar_yus,indibiz,comment,655,instagram
la.ngra_,indibiz,comment,1106,instagram
d_julianto_,indibiz,comment,2150,instagram
musniyar_regar,indibiz,comment,1634,instagram
musniyar_regar,indibiz,comment,1634,instagram
musniyar_regar,indibiz,comment,1634,instagram
musniyar_regar,indibiz,comment,1634,instagram
nahdaaaaa__,indibiz,comment,1071,instagram
nahdaaaaa__,indibiz,comment,1071,instagram
nahdaaaaa__,indibiz,comment,1071,instagram
ernha.supermom,indibiz,comment,226,instagram
andra.look,indibiz,comment,229,instagram
dit.ta8,indibiz,comment,991,instagram
adedamaayy,indibiz,comment,2923,instagram
andjrew_,indibiz,comment,115,instagram
putrisumarniii,indibiz,comment,193,instagram
dindaayuo99_,indibiz,comment,3070,instagram
pickajie_sog,indibiz,comment,1350,instagram
anggraeeniria,indibiz,comment,3622,instagram
khoirul_anamtatum,indibiz,comment,2970,instagram
d.franitasari,indibiz,comment,888,instagram
putih.5758,indibiz,comment,118,instagram
jaballrahma,indibiz,comment,331,instagram
fannydewanda,indibiz,comment,2120,instagram
m_hr000,indibiz,comment,248,instagram
fadhilatulfitria,indibiz,comment,908,instagram
willylee77,indibiz,comment,120,instagram
jaronasm18,indibiz,comment,905,instagram
muhrijahayan,indibiz,comment,538,instagram
nursantilaosmarito,indibiz,comment,49,instagram
nursantilaosmarito,indibiz,comment,49,instagram
aracantik2319,indibiz,comment,289,instagram
ndahindah_bcd,indibiz,comment,547,instagram
ndahindah_bcd,indibiz,comment,547,instagram
bachrainy04,indibiz,comment,10,instagram
rahayuekaf,indibiz,comment,13236,instagram
rahayuekaf,indibiz,comment,13236,instagram
rahayuekaf,indibiz,comment,13236,instagram
rahayuekaf,indibiz,comment,13236,instagram
bellaenuy,indibiz,comment,1227,instagram
bellaenuy,indibiz,comment,1227,instagram
rannydarma,indibiz,comment,4841,instagram
ryan.yutama,indibiz,comment,1742,instagram
danielsmo2798,indibiz,comment,11,instagram
denisinsta_,indibiz,comment,1169,instagram
ulfa.unaa,indibiz,comment,161,instagram
ulfa.unaa,indibiz,comment,161,instagram
ulfa.unaa,indibiz,comment,161,instagram
eloziey,indibiz,comment,443,instagram
eloziey,indibiz,comment,443,instagram
eloziey,indibiz,comment,443,instagram
rizkaikhanaya05,indibiz,comment,836,instagram
sony_andami,indibiz,comment,213,instagram
dona_rafflesia,indibiz,comment,700,instagram
al.rjli,indibiz,comment,690,instagram
riyadiarham,indibiz,comment,4698,instagram
riyadiarham,indibiz,comment,4698,instagram
riyadiarham,indibiz,comment,4698,instagram
inasembiring366,indibiz,comment,698,instagram
mei_girl20,indibiz,comment,267,instagram
ekapuspitawardani,indibiz,comment,3613,instagram
uiichuaby,indibiz,comment,290,instagram
rikarifanti84,indibiz,comment,35,instagram
melly_moruk,indibiz,comment,5312,instagram
aracantik2319,indibiz,comment,289,instagram
airintegar,indibiz,comment,376,instagram
ameliawy26,indibiz,comment,3824,instagram
restiuswatun19,indibiz,comment,1123,instagram
pasbengria,indibiz,comment,556,instagram
danielsmo2798,indibiz,comment,11,instagram
novi_nyn,indibiz,comment,98,instagram
sarahlinasrg,indibiz,comment,4043,instagram
sarahlinasrg,indibiz,comment,4043,instagram
nurmahermione,indibiz,comment,1741,instagram
nandou8,indibiz,comment,2137,instagram
sitimaliyah18,indibiz,comment,2430,instagram
irfan_salomo,indibiz,comment,0,instagram
irfan_salomo,indibiz,comment,0,instagram
indibiz.jatengdiy,indibiz,comment,12497,instagram
mama.ira.85,indibiz,comment,1462,instagram
mama.ira.85,indibiz,comment,1462,instagram
komar.rd20,indibiz,comment,1668,instagram
komar.rd20,indibiz,comment,1668,instagram
indibiz.jabar,indibiz,comment,7040,instagram
fadhilatulfitria,indibiz,comment,908,instagram
ciyyla_,indibiz,comment,1123,instagram
denisaptri,indibiz,comment,7433,instagram
denisaptri,indibiz,comment,7433,instagram
denisaptri,indibiz,comment,7433,instagram
kireifeline,indibiz,comment,576,instagram
firdausi_8,indibiz,comment,490,instagram
damayliade,indibiz,comment,1414,instagram
widya_andria18,indibiz,comment,4397,instagram
suci_wlndri98,indibiz,comment,1885,instagram
suci_wlndri98,indibiz,comment,1885,instagram
suci_wlndri98,indibiz,comment,1885,instagram
aman_shancis,indibiz,comment,309,instagram
rul_anam,indibiz,comment,3672,instagram
rul_anam,indibiz,comment,3672,instagram
framansyahhh_,indibiz,comment,6423,instagram
framansyahhh_,indibiz,comment,6423,instagram
framansyahhh_,indibiz,comment,6423,instagram
bellaenuy,indibiz,comment,1227,instagram
_rokhman92,indibiz,comment,484,instagram
m_ilhamanugerah,indibiz,comment,3140,instagram
viviaivia,indibiz,comment,1136,instagram
jah_dijah08,indibiz,comment,2803,instagram
humaira.indah7,indibiz,comment,3071,instagram
gina.milala1992,indibiz,comment,1077,instagram
gina.milala1992,indibiz,comment,1077,instagram
gina.milala1992,indibiz,comment,1077,instagram
haidar_ilyas999,indibiz,comment,226,instagram
haidar_ilyas999,indibiz,comment,226,instagram
yunde87,indibiz,comment,63,instagram
bunda_bella_ya,indibiz,comment,200,instagram
novii_nizaar,indibiz,comment,839,instagram
novii_nizaar,indibiz,comment,839,instagram
novii_nizaar,indibiz,comment,839,instagram
tifannyya_,indibiz,comment,1834,instagram
ramansyahfrenkyy,indibiz,comment,1687,instagram
ramansyahfrenkyy,indibiz,comment,1687,instagram
dy_niaa,indibiz,comment,1042,instagram
reviariestam,indibiz,comment,1141,instagram
risticahya_,indibiz,comment,323,instagram
risticahya_,indibiz,comment,323,instagram
risticahya_,indibiz,comment,323,instagram
arilaki.due,indibiz,comment,1233,instagram
arilaki.due,indibiz,comment,1233,instagram
arilaki.due,indibiz,comment,1233,instagram
arilaki.due,indibiz,comment,1233,instagram
arianda.sin,indibiz,comment,535,instagram
arianda.sin,indibiz,comment,535,instagram
arianda.sin,indibiz,comment,535,instagram
arianda.sin,indibiz,comment,535,instagram
xixipuy,indibiz,comment,79,instagram
andikusuma23_,indibiz,comment,1339,instagram
arunnaa_21,indibiz,comment,570,instagram
syawalnesia,indibiz,comment,24302,instagram
arunnaa_21,indibiz,comment,570,instagram
panggilsaya_iam,indibiz,comment,243,instagram
audira.feby,indibiz,comment,2874,instagram
deeeyyyyy_10,indibiz,comment,2334,instagram
imam_sofii10,indibiz,comment,936,instagram
dhealenn,indibiz,comment,1447,instagram
kalpiyandi,indibiz,comment,2664,instagram
aghniawan24,indibiz,comment,875,instagram
azkaaari_,indibiz,comment,180,instagram
fadhilatulfitria,indibiz,comment,908,instagram
addfii_12,indibiz,comment,194,instagram
hudriana39_,indibiz,comment,115,instagram
basrieee_,indibiz,comment,215,instagram
redina.nbbn2808,indibiz,comment,490,instagram
poetra_agamm,indibiz,comment,1118,instagram
arfiarsss,indibiz,comment,192,instagram
azkirrr_,indibiz,comment,190,instagram
rismaranti67,indibiz,comment,470,instagram
wowneww,indibiz,comment,104,instagram
_aamii035,indibiz,comment,328,instagram
tuanmudda00_,indibiz,comment,143,instagram
aruna_nika212,indibiz,comment,1187,instagram
alam.syah2217,indibiz,comment,50,instagram
alam.syah2217,indibiz,comment,50,instagram
alam.syah2217,indibiz,comment,50,instagram
alam.syah2217,indibiz,comment,50,instagram
alam.syah2217,indibiz,comment,50,instagram
alam.syah2217,indibiz,comment,50,instagram
alam.syah2217,indibiz,comment,50,instagram
nurlia_lulu11,indibiz,comment,1584,instagram
srirahayu5758,indibiz,comment,184,instagram
callmee_jnhh,indibiz,comment,212,instagram
ramannnsyahhh,indibiz,comment,1572,instagram
alb3rtsm,indibiz,comment,620,instagram
nana.y_wirayasa,indibiz,comment,3309,instagram
nana.y_wirayasa,indibiz,comment,3309,instagram
nana.y_wirayasa,indibiz,comment,3309,instagram
ichipranatautami_,indibiz,comment,569,instagram
callmecamila4_,indibiz,comment,161,instagram
randyyani2025,indibiz,comment,70,instagram
hokiicakra,indibiz,comment,109,instagram
danielsmo2798,indibiz,comment,11,instagram
andriari21,indibiz,comment,1108,instagram
chiquitaaa4_,indibiz,comment,182,instagram
andriari21,indibiz,comment,1108,instagram
andriari21,indibiz,comment,1108,instagram
andriari21,indibiz,comment,1108,instagram
andriari21,indibiz,comment,1108,instagram
andriari21,indibiz,comment,1108,instagram
andriari21,indibiz,comment,1108,instagram
calidaa4,indibiz,comment,217,instagram
callmee.putri1_,indibiz,comment,189,instagram
jamaluddin_hy91,indibiz,comment,1042,instagram
cubill447,indibiz,comment,185,instagram
aiiramadhantii,indibiz,comment,607,instagram
athadwifr_,indibiz,comment,76,instagram
alazri_prayoga,indibiz,comment,0,instagram
aal_foxa,indibiz,comment,1235,instagram
aal_foxa,indibiz,comment,1235,instagram
aal_foxa,indibiz,comment,1235,instagram
aal_foxa,indibiz,comment,1235,instagram
dyt_inst,indibiz,comment,73,instagram
dyt_inst,indibiz,comment,73,instagram
farelrafqi05,indibiz,comment,265,instagram
ahmad_ilhamanugrah,indibiz,comment,1043,instagram
melisafit.98,indibiz,comment,1104,instagram
zhiezie_zealandra01,indibiz,comment,62,instagram
intan_nuraini_putri02,indibiz,comment,49,instagram
dinii_nur_padila07,indibiz,comment,0,instagram
callme_wulan23,indibiz,comment,191,instagram
decha_ir93,indibiz,comment,1984,instagram
denoknok65,indibiz,comment,0,instagram
reazzz_34,indibiz,comment,420,instagram
reazzz_34,indibiz,comment,420,instagram
reazzz_34,indibiz,comment,420,instagram
reazzz_34,indibiz,comment,420,instagram
callmee.cleeo,indibiz,comment,181,instagram
guslaini18,indibiz,comment,119,instagram
alice46cc,indibiz,comment,0,instagram
clarette3_,indibiz,comment,201,instagram
hadi_ruwadi,indibiz,comment,2790,instagram
hadi_ruwadi,indibiz,comment,2790,instagram
moms_khay28,indibiz,comment,1065,instagram
agusten_srimuda99,indibiz,comment,50,instagram
moms.iffa,indibiz,comment,456,instagram
moms.iffa,indibiz,comment,456,instagram
moms.iffa,indibiz,comment,456,instagram
moms.iffa,indibiz,comment,456,instagram
carlinnn_445,indibiz,comment,185,instagram
dayatinst,indibiz,comment,110,instagram
dayatinst,indibiz,comment,110,instagram
mpinew_,indibiz,comment,844,instagram
pia_cute2007,indibiz,comment,854,instagram
yatmadridista,indibiz,comment,145,instagram
yatmadridista,indibiz,comment,145,instagram
febiii_natalia99,indibiz,comment,348,instagram
bachrainy9804,indibiz,comment,9,instagram
hanna_purwasih89,indibiz,comment,341,instagram
jelistas,indibiz,comment,0,instagram
leskuy_the_mommy,indibiz,comment,209,instagram
aisyahnahla2024,indibiz,comment,494,instagram
ummu.nabilaaa_,indibiz,comment,1978,instagram
nayla.azzahra96,indibiz,comment,775,instagram
riyanto_star,indibiz,comment,685,instagram
antoviirus,indibiz,comment,1287,instagram
putra_gemini123,indibiz,comment,202,instagram
agusridwan10_,indibiz,comment,1049,instagram
agusridwan10_,indibiz,comment,1049,instagram
habibah_azzauziah,indibiz,comment,1178,instagram
andyhidayat_84,indibiz,comment,295,instagram
evannliuu99_,indibiz,comment,2035,instagram
nurchotimah2198,indibiz,comment,3264,instagram
nurchotimah2198,indibiz,comment,3264,instagram
axyd22,indibiz,comment,1714,instagram
bayuuu_suseno,indibiz,comment,295,instagram
alifa_zahra_fitriyani92,indibiz,comment,369,instagram
axyd22,indibiz,comment,1714,instagram
axyd22,indibiz,comment,1714,instagram
axyd22,indibiz,comment,1714,instagram
axyd22,indibiz,comment,1714,instagram
axyd22,indibiz,comment,1714,instagram
axyd22,indibiz,comment,1714,instagram
axyd22,indibiz,comment,1714,instagram
surabi__________,indibiz,comment,1003,instagram
surabi__________,indibiz,comment,1003,instagram
surabi__________,indibiz,comment,1003,instagram
eviraanindita,indibiz,comment,105,instagram
shakirawin.1376,indibiz,comment,1812,instagram
shakirawin.1376,indibiz,comment,1812,instagram
shakirawin.1376,indibiz,comment,1812,instagram
ichaanwar_12,indibiz,comment,1795,instagram
ronyklt,indibiz,comment,1692,instagram
ronyklt,indibiz,comment,1692,instagram
ronyklt,indibiz,comment,1692,instagram
ronyklt,indibiz,comment,1692,instagram
ronyklt,indibiz,comment,1692,instagram
ronyklt,indibiz,comment,1692,instagram
sugarasa_,indibiz,comment,95,instagram
fransda78,indibiz,comment,1459,instagram
fransda78,indibiz,comment,1459,instagram
nuraini_969,indibiz,comment,459,instagram
callme.utari_,indibiz,comment,1962,instagram
sintarudiono123,indibiz,comment,1817,instagram
miraec_lefor7,indibiz,comment,201,instagram
dakanda_rr,indibiz,comment,105,instagram
nay.silla17,indibiz,comment,354,instagram
historyfadhil,indibiz,comment,7744,instagram
mimiyaya_____,indibiz,comment,369,instagram
danielsmo2798,indibiz,comment,11,instagram
izul_zul90,indibiz,comment,219,instagram
alfiyah_kamila15,indibiz,comment,231,instagram
ap_kuways,indibiz,comment,1102,instagram
itsme_alviiee,indibiz,comment,192,instagram
agstiawan.17,indibiz,comment,3761,instagram
iyan_360p,indibiz,comment,508,instagram
ginanurpazriah99,indibiz,comment,2275,instagram
akibarkannanano,indibiz,comment,7,instagram
yunde87,indibiz,comment,63,instagram
izarebels_,indibiz,comment,207,instagram
iannn_122,indibiz,comment,195,instagram
nda.fauziah31,indibiz,comment,2478,instagram
hasan_basrie1990,indibiz,comment,413,instagram
ahmad_aliimani,indibiz,comment,51,instagram
mul_yani1991,indibiz,comment,253,instagram
mul_yani1991,indibiz,comment,253,instagram
mul_yani1991,indibiz,comment,253,instagram
yanitba_1991,indibiz,comment,862,instagram
noviyanti_noy,indibiz,comment,697,instagram
iirmast_,indibiz,comment,3228,instagram
hermira16,indibiz,comment,212,instagram
choleric2015,indibiz,comment,725,instagram
trilukmann,indibiz,comment,1133,instagram
tommywong_bisnis,indibiz,comment,137393,instagram
rianelanggg,indibiz,comment,1198,instagram
vill_merzy11,indibiz,comment,1231,instagram
setiawandi07,indibiz,comment,1186,instagram
razka_rina39,indibiz,comment,477,instagram
callmenia64,indibiz,comment,403,instagram
callmenia64,indibiz,comment,403,instagram
callmenia64,indibiz,comment,403,instagram
callmenia64,indibiz,comment,403,instagram
mba_yul54,indibiz,comment,111,instagram
alazri_prayoga,indibiz,comment,0,instagram
ningrumwidiya_,indibiz,comment,2037,instagram
laurentianitta,indibiz,comment,2407,instagram
laurentianitta,indibiz,comment,2407,instagram
nurafniantari,indibiz,comment,514,instagram
kha_nza06,indibiz,comment,1162,instagram
nengkarti86,indibiz,comment,419,instagram
vivin_finaa,indibiz,comment,385,instagram
sherinariady,indibiz,comment,2289,instagram
jumadie_87,indibiz,comment,268,instagram
vivin_fina,indibiz,comment,568,instagram
vivin_fina,indibiz,comment,568,instagram
evanandre97,indibiz,comment,816,instagram
kikinopiandii,indibiz,comment,967,instagram
itsbungaaa94,indibiz,comment,259,instagram
tiara.aprilya.395,indibiz,comment,924,instagram
itsolaa16__,indibiz,comment,814,instagram
itsolaa16__,indibiz,comment,814,instagram
ican9k,indibiz,comment,620,instagram
lisna.sulaiman,indibiz,comment,2505,instagram
cjdw09,indibiz,comment,166,instagram
rdmhd_77,indibiz,comment,258,instagram
adamxkall,indibiz,comment,1570,instagram
massdev_____,indibiz,comment,8104,instagram
massdev_____,indibiz,comment,8104,instagram
massdev_____,indibiz,comment,8104,instagram
lazzuardi_imani,indibiz,comment,49,instagram
ibraazka9nur,indibiz,comment,1353,instagram
dzakirah_86,indibiz,comment,154,instagram
abenk_____09,indibiz,comment,2249,instagram
novi_nyn,indibiz,comment,98,instagram
mamanya__yaya,indibiz,comment,1425,instagram
sky_sea_founder,indibiz,comment,22236,instagram
epins28,indibiz,comment,922,instagram
alazri_prayoga,indibiz,comment,0,instagram
alazri_prayoga,indibiz,comment,0,instagram
alazri_prayoga,indibiz,comment,0,instagram
xylo_swy4,indibiz,comment,4,instagram
xylo_swy4,indibiz,comment,4,instagram
fahyogi05,indibiz,comment,701,instagram
xylo_swy4,indibiz,comment,4,instagram
xylo_swy4,indibiz,comment,4,instagram
catattian,indibiz,comment,1735,instagram
xylo_swy4,indibiz,comment,4,instagram
xylo_swy4,indibiz,comment,4,instagram
xylo_swy4,indibiz,comment,4,instagram
ekas585,indibiz,comment,1456,instagram
xylo_swy4,indibiz,comment,4,instagram
dede_soel,indibiz,comment,0,instagram
xylo_swy4,indibiz,comment,4,instagram
izeroonee_011,indibiz,comment,199,instagram
agustplan,indibiz,comment,2017,instagram
cand.ra500,indibiz,comment,289,instagram
astutijuwitawidya,indibiz,comment,246,instagram
rifaatmah_,indibiz,comment,513,instagram
fadhilatulfitria,indibiz,comment,908,instagram
indibiz.sumatera,indibiz,comment,13887,instagram
ekaa24__,indibiz,comment,370,instagram
yuli_pujji18,indibiz,comment,771,instagram
fitriahay_06,indibiz,comment,2021,instagram
fitriahay_06,indibiz,comment,2021,instagram
fitriahay_06,indibiz,comment,2021,instagram
vallerianivv_,indibiz,comment,2463,instagram
e_psbr,indibiz,comment,234,instagram
izomonn_13,indibiz,comment,193,instagram
nandangirpan,indibiz,comment,865,instagram
tursiti228,indibiz,comment,115,instagram
alviant_21,indibiz,comment,7838,instagram
nov_shovchal,indibiz,comment,10180,instagram
nov_shovchal,indibiz,comment,10180,instagram
ebretebret_,indibiz,comment,792,instagram
hudria.rie,indibiz,comment,3375,instagram
fahyogi05,indibiz,comment,701,instagram
fahyogi05,indibiz,comment,701,instagram
fahyogi05,indibiz,comment,701,instagram
fahyogi05,indibiz,comment,701,instagram
fahyogi05,indibiz,comment,701,instagram
ny_qnoy,indibiz,comment,126,instagram
rateno.prak,indibiz,comment,1202,instagram
yulian23__,indibiz,comment,514,instagram
mahardika1995__,indibiz,comment,155,instagram
yudiw93,indibiz,comment,933,instagram
nurafniantari,indibiz,comment,514,instagram
akmafadhil1509,indibiz,comment,778,instagram
akmafadhil1509,indibiz,comment,778,instagram
rahmi_nuri,indibiz,comment,227,instagram
restiuswatun19,indibiz,comment,1123,instagram
restiuswatun19,indibiz,comment,1123,instagram
restiuswatun19,indibiz,comment,1123,instagram
restiuswatun19,indibiz,comment,1123,instagram
restiuswatun19,indibiz,comment,1123,instagram
linasviany_19,indibiz,comment,1284,instagram
linasviany_19,indibiz,comment,1284,instagram
linasviany_19,indibiz,comment,1284,instagram
cicimarethaw,indibiz,comment,3085,instagram
cicimarethaw,indibiz,comment,3085,instagram
bang_ek407,indibiz,comment,193,instagram
restiuswatun19,indibiz,comment,1123,instagram
zakaa_0503,indibiz,comment,0,instagram
anwaraird,indibiz,comment,96,instagram
adisagna04,indibiz,comment,1702,instagram
tiand.life,indibiz,comment,1528,instagram
sang_creators,indibiz,comment,6241,instagram
mama.ira.85,indibiz,comment,1462,instagram
arsyilazayna_n17,indibiz,comment,422,instagram
ekofokus3,indibiz,comment,1533,instagram
soegastory,indibiz,comment,1067,instagram
deliana_1981,indibiz,comment,126,instagram
herman.nandang_,indibiz,comment,701,instagram
yuma_riany,indibiz,comment,28,instagram
antobisaa1,indibiz,comment,1694,instagram
harysakbar,indibiz,comment,180,instagram
sherinadias,indibiz,comment,21243,instagram
sherinadias,indibiz,comment,21243,instagram
aalrahman08_,indibiz,comment,9,instagram
aalrahman08_,indibiz,comment,9,instagram
aalrahman08_,indibiz,comment,9,instagram
aalrahman08_,indibiz,comment,9,instagram
endangwinarsih913,indibiz,comment,156,instagram
_mamahtika1909,indibiz,comment,323,instagram
_mamahtika1909,indibiz,comment,323,instagram
oktin_elbil,indibiz,comment,1269,instagram
oktin_elbil,indibiz,comment,1269,instagram
indibiz.kti,indibiz,comment,10506,instagram
srianii81,indibiz,comment,571,instagram
palupifm,indibiz,comment,6738,instagram
yunni066,indibiz,comment,2966,instagram
nbila_billo,indibiz,comment,29,instagram
yunni066,indibiz,comment,2966,instagram
susanaevilina,indibiz,comment,210,instagram
etek.dona,indibiz,comment,410,instagram
zanabormal,indibiz,comment,63,instagram
sandry_and,indibiz,comment,304,instagram
meili_15,indibiz,comment,975,instagram
putrinanda_s0,indibiz,comment,580,instagram
chenuloill,indibiz,comment,1629,instagram
mom_atharayya,indibiz,comment,0,instagram
mom_atharayya,indibiz,comment,0,instagram
tiandventure,indibiz,comment,1361,instagram
rizkad29,indibiz,comment,1519,instagram
rizkad29,indibiz,comment,1519,instagram
fahmabrillian_,indibiz,comment,656,instagram
denisaput08,indibiz,comment,7502,instagram
denisaput08,indibiz,comment,7502,instagram
denisaput08,indibiz,comment,7502,instagram
zaenramdhamargana,indibiz,comment,318,instagram
inaya_vht,indibiz,comment,2164,instagram
callmefee11,indibiz,comment,0,instagram
maria_shaka,indibiz,comment,1509,instagram
zunma_16,indibiz,comment,118,instagram
zunma_16,indibiz,comment,118,instagram
wien_winingsih,indibiz,comment,199,instagram
atusss.999,indibiz,comment,814,instagram
atusss.999,indibiz,comment,814,instagram
mamacha_ca,indibiz,comment,295,instagram
miniehawan,indibiz,comment,1918,instagram
farelrafqi05,indibiz,comment,265,instagram
_diileeeee,indibiz,comment,496,instagram
juliana_aidil07,indibiz,comment,1282,instagram
juliana_aidil07,indibiz,comment,1282,instagram
juliana_aidil07,indibiz,comment,1282,instagram
sitti_lur,indibiz,comment,712,instagram
nenkyatiii,indibiz,comment,512,instagram
nenkyatiii,indibiz,comment,512,instagram
riin_zuriiin,indibiz,comment,80,instagram
riin_zuriiin,indibiz,comment,80,instagram
wisnufbrnd,indibiz,comment,294,instagram
wisnufbrnd,indibiz,comment,294,instagram
mom_farasfaris,indibiz,comment,1296,instagram
mom_farasfaris,indibiz,comment,1296,instagram
mom_farasfaris,indibiz,comment,1296,instagram
mom_farasfaris,indibiz,comment,1296,instagram
_annisaa0307,indibiz,comment,2945,instagram
_annisaa0307,indibiz,comment,2945,instagram
_annisaa0307,indibiz,comment,2945,instagram
wati.rina9,indibiz,comment,535,instagram
rishachaa01,indibiz,comment,2617,instagram
rishachaa01,indibiz,comment,2617,instagram
rishachaa01,indibiz,comment,2617,instagram
belgia.putra,indibiz,comment,919,instagram
rimbiyaa_ppuji,indibiz,comment,652,instagram
papahafsyahqalbi,indibiz,comment,1095,instagram
papahafsyahqalbi,indibiz,comment,1095,instagram
papahafsyahqalbi,indibiz,comment,1095,instagram
putri_vania01,indibiz,comment,830,instagram
mremy599,indibiz,comment,50,instagram
yuyu.lilie,indibiz,comment,57,instagram
novaayulestari18,indibiz,comment,855,instagram
nov.noyy,indibiz,comment,290,instagram
andindahesty_,indibiz,comment,1178,instagram
vellavioletta28_,indibiz,comment,1666,instagram
vellavioletta28_,indibiz,comment,1666,instagram
zurinnurma,indibiz,comment,3215,instagram
zurinnurma,indibiz,comment,3215,instagram
yulie.ieie,indibiz,comment,52,instagram
ningsihmaniss,indibiz,comment,1615,instagram
silvithen,indibiz,comment,10794,instagram
silvithen,indibiz,comment,10794,instagram
silvithen,indibiz,comment,10794,instagram
silvithen,indibiz,comment,10794,instagram
silvithen,indibiz,comment,10794,instagram
silvithen,indibiz,comment,10794,instagram
akabar71191,indibiz,comment,213,instagram
akabar71191,indibiz,comment,213,instagram
anggi_novita065,indibiz,comment,2365,instagram
misqaila,indibiz,comment,538,instagram
inaya_sida29,indibiz,comment,218,instagram
inaya_sida29,indibiz,comment,218,instagram
inaya_sida29,indibiz,comment,218,instagram
inaya_sida29,indibiz,comment,218,instagram
inaya_sida29,indibiz,comment,218,instagram
melindakailaa_,indibiz,comment,1825,instagram
melindakailaa_,indibiz,comment,1825,instagram
melindakailaa_,indibiz,comment,1825,instagram
inaya_sida29,indibiz,comment,218,instagram
inaya_sida29,indibiz,comment,218,instagram
aracantik2319,indibiz,comment,289,instagram
inaya_sida29,indibiz,comment,218,instagram
inaya_sida29,indibiz,comment,218,instagram
p_girilaya,indibiz,comment,9,instagram
isminofianti354_,indibiz,comment,422,instagram
isminofianti354_,indibiz,comment,422,instagram
noerma.azz,indibiz,comment,853,instagram
indahry_mci,indibiz,comment,1305,instagram
fuji_ashari1933,indibiz,comment,533,instagram
fuji_ashari1933,indibiz,comment,533,instagram
wahyu_bagusferdiansyah,indibiz,comment,366,instagram
ernahandayani330,indibiz,comment,2130,instagram
ernahandayani330,indibiz,comment,2130,instagram
lv5ro,indibiz,comment,0,instagram
ernahandayani330,indibiz,comment,2130,instagram
ernahandayani330,indibiz,comment,2130,instagram
ernahandayani330,indibiz,comment,2130,instagram
indahry_mci,indibiz,comment,1305,instagram
santy.ciu,indibiz,comment,6498,instagram
cakra61_,indibiz,comment,2142,instagram
fhinnadama09_,indibiz,comment,412,instagram
laura_julianna23,indibiz,comment,2659,instagram
meisyarahyuliantii,indibiz,comment,2505,instagram
sayaanisaaa18,indibiz,comment,478,instagram
avivatuhzuhriyah,indibiz,comment,2425,instagram
suprapti1970,indibiz,comment,1383,instagram
bunda_bella_ya,indibiz,comment,200,instagram
aaarrraaa567,indibiz,comment,604,instagram
penyuka_perjalanan,indibiz,comment,631,instagram
widawid688,indibiz,comment,3355,instagram
widawid688,indibiz,comment,3355,instagram
khansa.qosamah,indibiz,comment,0,instagram
khansa.qosamah,indibiz,comment,0,instagram
khansa.qosamah,indibiz,comment,0,instagram
khansa.qosamah,indibiz,comment,0,instagram
lisa_salsabila2110,indibiz,comment,1089,instagram
lisa_salsabila2110,indibiz,comment,1089,instagram
noviyantizoelma,indibiz,comment,7001,instagram
matmatmatz,indibiz,comment,233,instagram
renata_nbbn,indibiz,comment,817,instagram
athy.a02,indibiz,comment,950,instagram
yunde87,indibiz,comment,63,instagram
_destatriandini,indibiz,comment,0,instagram
_destatriandini,indibiz,comment,0,instagram
ratuamneya_,indibiz,comment,932,instagram
shilminafiza,indibiz,comment,2991,instagram
gya3_humairaa,indibiz,comment,16078,instagram
gya3_humairaa,indibiz,comment,16078,instagram
nursantilaosmarito,indibiz,comment,49,instagram
nursantilaosmarito,indibiz,comment,49,instagram
nursantilaosmarito,indibiz,comment,49,instagram
nursantilaosmarito,indibiz,comment,49,instagram
nursantilaosmarito,indibiz,comment,49,instagram
nursantilaosmarito,indibiz,comment,49,instagram
nursantilaosmarito,indibiz,comment,49,instagram
nursantilaosmarito,indibiz,comment,49,instagram
nursantilaosmarito,indibiz,comment,49,instagram
c_maritass,indibiz,comment,1712,instagram
c_maritass,indibiz,comment,1712,instagram
endangcinde8,indibiz,comment,1187,instagram
c_maritass,indibiz,comment,1712,instagram
c_maritass,indibiz,comment,1712,instagram
c_maritass,indibiz,comment,1712,instagram
rrefana_,indibiz,comment,491,instagram
rrefana_,indibiz,comment,491,instagram
rrefana_,indibiz,comment,491,instagram
wiea_eroqy,indibiz,comment,383,instagram
harryriloma99,indibiz,comment,893,instagram
iwandeviyanto,indibiz,comment,584,instagram
oktaaff__167,indibiz,comment,850,instagram
iwandeviyanto,indibiz,comment,584,instagram
oktaaff__167,indibiz,comment,850,instagram
oktaaff__167,indibiz,comment,850,instagram
iwandeviyanto,indibiz,comment,584,instagram
ntos_arman.armanto,indibiz,comment,556,instagram
masyitahi,indibiz,comment,0,instagram
sang_creators,indibiz,comment,6241,instagram
sang_creators,indibiz,comment,6241,instagram
sang_creators,indibiz,comment,6241,instagram
sang_creators,indibiz,comment,6241,instagram
sang_creators,indibiz,comment,6241,instagram
sang_creators,indibiz,comment,6241,instagram
sang_creators,indibiz,comment,6241,instagram
fathoerrojak,indibiz,comment,153,instagram
sang_creators,indibiz,comment,6241,instagram
sang_creators,indibiz,comment,6241,instagram
iwanrafli_2,indibiz,comment,10532,instagram
hasanalbas23,indibiz,comment,115,instagram
gipaz_unge,indibiz,comment,377,instagram
indibiz.sumatera,indibiz,comment,13887,instagram
yanuarnurimam,indibiz,comment,10962,instagram
rudytpi,indibiz,comment,1505,instagram
yanuarnurimam,indibiz,comment,10962,instagram
kokokr8,indibiz,comment,1687,instagram
yanuarnurimam,indibiz,comment,10962,instagram
yanuarnurimam,indibiz,comment,10962,instagram
yanuarnurimam,indibiz,comment,10962,instagram
yanuarnurimam,indibiz,comment,10962,instagram
hari.lasso,indibiz,comment,58,instagram
viantiiee.10,indibiz,comment,1088,instagram
viantiiee.10,indibiz,comment,1088,instagram
viantiiee.10,indibiz,comment,1088,instagram
emisetya27,indibiz,comment,1709,instagram
emisetya27,indibiz,comment,1709,instagram
edbert.ivander,indibiz,comment,2272,instagram
hennyyua,indibiz,comment,812,instagram
ramires_adang76,indibiz,comment,234,instagram
zrnnrm,indibiz,comment,220,instagram
destriianer47,indibiz,comment,1089,instagram
destriianer47,indibiz,comment,1089,instagram
ivonnaivo,indibiz,comment,1991,instagram
kandar__ajjjaaa,indibiz,comment,1128,instagram
daniarozy2,indibiz,comment,1897,instagram
ita_ramanda,indibiz,comment,678,instagram
nofifalya,indibiz,comment,263,instagram
tiwi_uchul,indibiz,comment,891,instagram
tiwi_uchul,indibiz,comment,891,instagram
sriutari_rezekii,indibiz,comment,809,instagram
chieoethami,indibiz,comment,1514,instagram
_eva.r26,indibiz,comment,655,instagram
adeizi,indibiz,comment,839,instagram
adeizi,indibiz,comment,839,instagram
adeizi,indibiz,comment,839,instagram
ririen_quinsha,indibiz,comment,54,instagram
yo.yo3170,indibiz,comment,147,instagram
noy_8481,indibiz,comment,274,instagram
zunma_rin,indibiz,comment,62,instagram
get2know.nashh,indibiz,comment,2711,instagram
suranti_cancer,indibiz,comment,225,instagram
meiskasari,indibiz,comment,1190,instagram
nurhas235,indibiz,comment,61,instagram
m_rizqy_adityaa,indibiz,comment,22,instagram
rizvanz_za,indibiz,comment,20,instagram
seinaarsyi,indibiz,comment,621,instagram
noviantipuspita_2103,indibiz,comment,1058,instagram
_dileeyey,indibiz,comment,700,instagram
meityfera599_,indibiz,comment,3038,instagram
rizvan_zaa,indibiz,comment,21,instagram
naurayyan18,indibiz,comment,162,instagram
dina_azzahra03,indibiz,comment,376,instagram
ipank_coey,indibiz,comment,36,instagram
umrah.family,indibiz,comment,1077,instagram
m_ali_ivan_efendi06,indibiz,comment,59,instagram
uumarr84,indibiz,comment,49,instagram
fajar_darojatun,indibiz,comment,221,instagram
amelie.elia,indibiz,comment,3755,instagram
amelie.elia,indibiz,comment,3755,instagram
m_rizqy_aditya12,indibiz,comment,457,instagram
ainurhas788,indibiz,comment,228,instagram
ef_ivans,indibiz,comment,71,instagram
rieany03,indibiz,comment,365,instagram
rizvan_za24,indibiz,comment,85,instagram
sabila_munaff,indibiz,comment,78,instagram
natasha.auliia,indibiz,comment,1026,instagram
her_hsu,indibiz,comment,2539,instagram
maliivanefendi13,indibiz,comment,125,instagram
hananurhan,indibiz,comment,642,instagram
mrizqy_aditya,indibiz,comment,1150,instagram
mitul.fh,indibiz,comment,1206,instagram
lestari_swetty,indibiz,comment,2857,instagram
amaliyarss_,indibiz,comment,1443,instagram
attharazka_dwicahya,indibiz,comment,88,instagram
amaliyarss_,indibiz,comment,1443,instagram
attharazka_dwicahya,indibiz,comment,88,instagram
attharazka_dwicahya,indibiz,comment,88,instagram
attharazka_dwicahya,indibiz,comment,88,instagram
ekosaputra17_,indibiz,comment,5787,instagram
ekosaputra17_,indibiz,comment,5787,instagram
ekosaputra17_,indibiz,comment,5787,instagram
ekosaputra17_,indibiz,comment,5787,instagram
ekosaputra17_,indibiz,comment,5787,instagram
m_rizqy_aditya,indibiz,comment,625,instagram
lilis_pujira,indibiz,comment,237,instagram
passquit01,indibiz,comment,4777,instagram
andykoprok,indibiz,comment,44,instagram
xylo_swy4,indibiz,comment,4,instagram
xylo_swy4,indibiz,comment,4,instagram
herlina_halim03,indibiz,comment,2608,instagram
xylo_swy4,indibiz,comment,4,instagram
xylo_swy4,indibiz,comment,4,instagram
xylo_swy4,indibiz,comment,4,instagram
xylo_swy4,indibiz,comment,4,instagram
itsme.novi20,indibiz,comment,2348,instagram
xylo_swy4,indibiz,comment,4,instagram
ningsih_822,indibiz,comment,2814,instagram
ffatmalya_,indibiz,comment,1222,instagram
heri.sys,indibiz,comment,107,instagram
mdn.riyadii,indibiz,comment,2283,instagram
yulie_sa,indibiz,comment,976,instagram
dindafajriah,indibiz,comment,1224,instagram
permana_indra09,indibiz,comment,272,instagram
herdi_pasker,indibiz,comment,9795,instagram
aridaatthamrin,indibiz,comment,714,instagram
sophiaabadi,indibiz,comment,3861,instagram
mas_cahyadhi,indibiz,comment,464,instagram
nuhpiyanti_,indibiz,comment,2168,instagram
riniputri2108,indibiz,comment,1165,instagram
teguh_p.setyo,indibiz,comment,869,instagram
ahmadfajriyan,indibiz,comment,2139,instagram
dewi_sintalutfiana90,indibiz,comment,6271,instagram
oktavianisrh,indibiz,comment,5882,instagram
ardi0_22,indibiz,comment,360,instagram
ekapuspitawardani,indibiz,comment,3613,instagram
ramires_adang76,indibiz,comment,234,instagram
aru.mie,indibiz,comment,73,instagram
pasbengria,indibiz,comment,556,instagram
ashlihrusdaalfa,indibiz,comment,678,instagram
ainoera,indibiz,comment,639,instagram
la_rechiika,indibiz,comment,10094,instagram
hairunnisa656,indibiz,comment,1088,instagram
hairunnisa656,indibiz,comment,1088,instagram
mswangiarum,indibiz,comment,1230,instagram
nuraja_ya,indibiz,comment,149,instagram
murdhany88,indibiz,comment,5,instagram
ashlihrusdaalfa,indibiz,comment,678,instagram
thia_thia14,indibiz,comment,2515,instagram
achmad_marzuki99,indibiz,comment,1521,instagram
herdi_antas,indibiz,comment,1492,instagram
ifahanifaa02,indibiz,comment,2422,instagram
mandirilistrik085,indibiz,comment,30,instagram
indibiz.sumatera,indibiz,comment,13887,instagram
indibiz.jabotabek,indibiz,comment,3599,instagram
indibiz.bogor,indibiz,comment,3079,instagram
_khai.00,indibiz,comment,0,instagram
tetino_tezukuri,indibiz,comment,2820,instagram
saraterencia,indibiz,comment,0,instagram
saraterencia,indibiz,comment,0,instagram
saraterencia,indibiz,comment,0,instagram
saraterencia,indibiz,comment,0,instagram
syamsul__rizall,indibiz,comment,0,instagram
syamsul__rizall,indibiz,comment,0,instagram
indibiz.bogor,indibiz,comment,3079,instagram
rizkyarieprima,indibiz,comment,1244,instagram
indibiz.jabar,indibiz,comment,7040,instagram
chairulanwarr26,indibiz,comment,0,instagram
kopling456,indibiz,comment,0,instagram
indibiz.bogor,indibiz,comment,3079,instagram
indibiz.sumatera,indibiz,comment,13887,instagram
maaq26_,indibiz,comment,512,instagram
maaq26_,indibiz,comment,512,instagram
